status,tag,seed,L,scheme,dtype,interp,boundary_mode,oob_policy,value_repr,calib_split,num_samples,lut_dir,primary_eval_report,build_seconds,error
OK,seed0_L2_symmetric_int8_linear_closed_clip_x_spline_component,0,2,symmetric,int8,linear,closed,clip_x,spline_component,train,4096,experiment_data\runs\20260102_201007_seed42_DoS_Hulk_w32-16_g5_k3\lut_sweeps_v2\seed0_L2_symmetric_int8_linear_closed_clip_x_spline_component,experiment_data\runs\20260102_201007_seed42_DoS_Hulk_w32-16_g5_k3\lut_sweeps_v2\seed0_L2_symmetric_int8_linear_closed_clip_x_spline_component\eval\bs1_tt1_tn1\lut_report_unified.json,20.543,
OK,seed0_L2_symmetric_int8_linear_closed_zero_spline_spline_component,0,2,symmetric,int8,linear,closed,zero_spline,spline_component,train,4096,experiment_data\runs\20260102_201007_seed42_DoS_Hulk_w32-16_g5_k3\lut_sweeps_v2\seed0_L2_symmetric_int8_linear_closed_zero_spline_spline_component,experiment_data\runs\20260102_201007_seed42_DoS_Hulk_w32-16_g5_k3\lut_sweeps_v2\seed0_L2_symmetric_int8_linear_closed_zero_spline_spline_component\eval\bs1_tt1_tn1\lut_report_unified.json,15.495,
OK,seed0_L2_symmetric_int8_linear_half_open_clip_x_spline_component,0,2,symmetric,int8,linear,half_open,clip_x,spline_component,train,4096,experiment_data\runs\20260102_201007_seed42_DoS_Hulk_w32-16_g5_k3\lut_sweeps_v2\seed0_L2_symmetric_int8_linear_half_open_clip_x_spline_component,experiment_data\runs\20260102_201007_seed42_DoS_Hulk_w32-16_g5_k3\lut_sweeps_v2\seed0_L2_symmetric_int8_linear_half_open_clip_x_spline_component\eval\bs1_tt1_tn1\lut_report_unified.json,15.332,
OK,seed0_L2_symmetric_int8_linear_half_open_zero_spline_spline_component,0,2,symmetric,int8,linear,half_open,zero_spline,spline_component,train,4096,experiment_data\runs\20260102_201007_seed42_DoS_Hulk_w32-16_g5_k3\lut_sweeps_v2\seed0_L2_symmetric_int8_linear_half_open_zero_spline_spline_component,experiment_data\runs\20260102_201007_seed42_DoS_Hulk_w32-16_g5_k3\lut_sweeps_v2\seed0_L2_symmetric_int8_linear_half_open_zero_spline_spline_component\eval\bs1_tt1_tn1\lut_report_unified.json,15.433,
OK,seed0_L2_asymmetric_uint8_linear_closed_clip_x_spline_component,0,2,asymmetric,uint8,linear,closed,clip_x,spline_component,train,4096,experiment_data\runs\20260102_201007_seed42_DoS_Hulk_w32-16_g5_k3\lut_sweeps_v2\seed0_L2_asymmetric_uint8_linear_closed_clip_x_spline_component,experiment_data\runs\20260102_201007_seed42_DoS_Hulk_w32-16_g5_k3\lut_sweeps_v2\seed0_L2_asymmetric_uint8_linear_closed_clip_x_spline_component\eval\bs1_tt1_tn1\lut_report_unified.json,15.377,
OK,seed0_L2_asymmetric_uint8_linear_closed_zero_spline_spline_component,0,2,asymmetric,uint8,linear,closed,zero_spline,spline_component,train,4096,experiment_data\runs\20260102_201007_seed42_DoS_Hulk_w32-16_g5_k3\lut_sweeps_v2\seed0_L2_asymmetric_uint8_linear_closed_zero_spline_spline_component,experiment_data\runs\20260102_201007_seed42_DoS_Hulk_w32-16_g5_k3\lut_sweeps_v2\seed0_L2_asymmetric_uint8_linear_closed_zero_spline_spline_component\eval\bs1_tt1_tn1\lut_report_unified.json,15.431,
OK,seed0_L2_asymmetric_uint8_linear_half_open_clip_x_spline_component,0,2,asymmetric,uint8,linear,half_open,clip_x,spline_component,train,4096,experiment_data\runs\20260102_201007_seed42_DoS_Hulk_w32-16_g5_k3\lut_sweeps_v2\seed0_L2_asymmetric_uint8_linear_half_open_clip_x_spline_component,experiment_data\runs\20260102_201007_seed42_DoS_Hulk_w32-16_g5_k3\lut_sweeps_v2\seed0_L2_asymmetric_uint8_linear_half_open_clip_x_spline_component\eval\bs1_tt1_tn1\lut_report_unified.json,15.389,
OK,seed0_L2_asymmetric_uint8_linear_half_open_zero_spline_spline_component,0,2,asymmetric,uint8,linear,half_open,zero_spline,spline_component,train,4096,experiment_data\runs\20260102_201007_seed42_DoS_Hulk_w32-16_g5_k3\lut_sweeps_v2\seed0_L2_asymmetric_uint8_linear_half_open_zero_spline_spline_component,experiment_data\runs\20260102_201007_seed42_DoS_Hulk_w32-16_g5_k3\lut_sweeps_v2\seed0_L2_asymmetric_uint8_linear_half_open_zero_spline_spline_component\eval\bs1_tt1_tn1\lut_report_unified.json,15.382,
OK,seed0_L4_symmetric_int8_linear_closed_clip_x_spline_component,0,4,symmetric,int8,linear,closed,clip_x,spline_component,train,4096,experiment_data\runs\20260102_201007_seed42_DoS_Hulk_w32-16_g5_k3\lut_sweeps_v2\seed0_L4_symmetric_int8_linear_closed_clip_x_spline_component,experiment_data\runs\20260102_201007_seed42_DoS_Hulk_w32-16_g5_k3\lut_sweeps_v2\seed0_L4_symmetric_int8_linear_closed_clip_x_spline_component\eval\bs1_tt1_tn1\lut_report_unified.json,15.458,
OK,seed0_L4_symmetric_int8_linear_closed_zero_spline_spline_component,0,4,symmetric,int8,linear,closed,zero_spline,spline_component,train,4096,experiment_data\runs\20260102_201007_seed42_DoS_Hulk_w32-16_g5_k3\lut_sweeps_v2\seed0_L4_symmetric_int8_linear_closed_zero_spline_spline_component,experiment_data\runs\20260102_201007_seed42_DoS_Hulk_w32-16_g5_k3\lut_sweeps_v2\seed0_L4_symmetric_int8_linear_closed_zero_spline_spline_component\eval\bs1_tt1_tn1\lut_report_unified.json,15.541,
OK,seed0_L4_symmetric_int8_linear_half_open_clip_x_spline_component,0,4,symmetric,int8,linear,half_open,clip_x,spline_component,train,4096,experiment_data\runs\20260102_201007_seed42_DoS_Hulk_w32-16_g5_k3\lut_sweeps_v2\seed0_L4_symmetric_int8_linear_half_open_clip_x_spline_component,experiment_data\runs\20260102_201007_seed42_DoS_Hulk_w32-16_g5_k3\lut_sweeps_v2\seed0_L4_symmetric_int8_linear_half_open_clip_x_spline_component\eval\bs1_tt1_tn1\lut_report_unified.json,15.495,
OK,seed0_L4_symmetric_int8_linear_half_open_zero_spline_spline_component,0,4,symmetric,int8,linear,half_open,zero_spline,spline_component,train,4096,experiment_data\runs\20260102_201007_seed42_DoS_Hulk_w32-16_g5_k3\lut_sweeps_v2\seed0_L4_symmetric_int8_linear_half_open_zero_spline_spline_component,experiment_data\runs\20260102_201007_seed42_DoS_Hulk_w32-16_g5_k3\lut_sweeps_v2\seed0_L4_symmetric_int8_linear_half_open_zero_spline_spline_component\eval\bs1_tt1_tn1\lut_report_unified.json,15.367,
OK,seed0_L4_asymmetric_uint8_linear_closed_clip_x_spline_component,0,4,asymmetric,uint8,linear,closed,clip_x,spline_component,train,4096,experiment_data\runs\20260102_201007_seed42_DoS_Hulk_w32-16_g5_k3\lut_sweeps_v2\seed0_L4_asymmetric_uint8_linear_closed_clip_x_spline_component,experiment_data\runs\20260102_201007_seed42_DoS_Hulk_w32-16_g5_k3\lut_sweeps_v2\seed0_L4_asymmetric_uint8_linear_closed_clip_x_spline_component\eval\bs1_tt1_tn1\lut_report_unified.json,15.582,
OK,seed0_L4_asymmetric_uint8_linear_closed_zero_spline_spline_component,0,4,asymmetric,uint8,linear,closed,zero_spline,spline_component,train,4096,experiment_data\runs\20260102_201007_seed42_DoS_Hulk_w32-16_g5_k3\lut_sweeps_v2\seed0_L4_asymmetric_uint8_linear_closed_zero_spline_spline_component,experiment_data\runs\20260102_201007_seed42_DoS_Hulk_w32-16_g5_k3\lut_sweeps_v2\seed0_L4_asymmetric_uint8_linear_closed_zero_spline_spline_component\eval\bs1_tt1_tn1\lut_report_unified.json,15.665,
OK,seed0_L4_asymmetric_uint8_linear_half_open_clip_x_spline_component,0,4,asymmetric,uint8,linear,half_open,clip_x,spline_component,train,4096,experiment_data\runs\20260102_201007_seed42_DoS_Hulk_w32-16_g5_k3\lut_sweeps_v2\seed0_L4_asymmetric_uint8_linear_half_open_clip_x_spline_component,experiment_data\runs\20260102_201007_seed42_DoS_Hulk_w32-16_g5_k3\lut_sweeps_v2\seed0_L4_asymmetric_uint8_linear_half_open_clip_x_spline_component\eval\bs1_tt1_tn1\lut_report_unified.json,15.666,
OK,seed0_L4_asymmetric_uint8_linear_half_open_zero_spline_spline_component,0,4,asymmetric,uint8,linear,half_open,zero_spline,spline_component,train,4096,experiment_data\runs\20260102_201007_seed42_DoS_Hulk_w32-16_g5_k3\lut_sweeps_v2\seed0_L4_asymmetric_uint8_linear_half_open_zero_spline_spline_component,experiment_data\runs\20260102_201007_seed42_DoS_Hulk_w32-16_g5_k3\lut_sweeps_v2\seed0_L4_asymmetric_uint8_linear_half_open_zero_spline_spline_component\eval\bs1_tt1_tn1\lut_report_unified.json,15.361,
OK,seed0_L8_symmetric_int8_linear_closed_clip_x_spline_component,0,8,symmetric,int8,linear,closed,clip_x,spline_component,train,4096,experiment_data\runs\20260102_201007_seed42_DoS_Hulk_w32-16_g5_k3\lut_sweeps_v2\seed0_L8_symmetric_int8_linear_closed_clip_x_spline_component,experiment_data\runs\20260102_201007_seed42_DoS_Hulk_w32-16_g5_k3\lut_sweeps_v2\seed0_L8_symmetric_int8_linear_closed_clip_x_spline_component\eval\bs1_tt1_tn1\lut_report_unified.json,15.567,
OK,seed0_L8_symmetric_int8_linear_closed_zero_spline_spline_component,0,8,symmetric,int8,linear,closed,zero_spline,spline_component,train,4096,experiment_data\runs\20260102_201007_seed42_DoS_Hulk_w32-16_g5_k3\lut_sweeps_v2\seed0_L8_symmetric_int8_linear_closed_zero_spline_spline_component,experiment_data\runs\20260102_201007_seed42_DoS_Hulk_w32-16_g5_k3\lut_sweeps_v2\seed0_L8_symmetric_int8_linear_closed_zero_spline_spline_component\eval\bs1_tt1_tn1\lut_report_unified.json,15.608,
OK,seed0_L8_symmetric_int8_linear_half_open_clip_x_spline_component,0,8,symmetric,int8,linear,half_open,clip_x,spline_component,train,4096,experiment_data\runs\20260102_201007_seed42_DoS_Hulk_w32-16_g5_k3\lut_sweeps_v2\seed0_L8_symmetric_int8_linear_half_open_clip_x_spline_component,experiment_data\runs\20260102_201007_seed42_DoS_Hulk_w32-16_g5_k3\lut_sweeps_v2\seed0_L8_symmetric_int8_linear_half_open_clip_x_spline_component\eval\bs1_tt1_tn1\lut_report_unified.json,15.466,
OK,seed0_L8_symmetric_int8_linear_half_open_zero_spline_spline_component,0,8,symmetric,int8,linear,half_open,zero_spline,spline_component,train,4096,experiment_data\runs\20260102_201007_seed42_DoS_Hulk_w32-16_g5_k3\lut_sweeps_v2\seed0_L8_symmetric_int8_linear_half_open_zero_spline_spline_component,experiment_data\runs\20260102_201007_seed42_DoS_Hulk_w32-16_g5_k3\lut_sweeps_v2\seed0_L8_symmetric_int8_linear_half_open_zero_spline_spline_component\eval\bs1_tt1_tn1\lut_report_unified.json,15.657,
OK,seed0_L8_asymmetric_uint8_linear_closed_clip_x_spline_component,0,8,asymmetric,uint8,linear,closed,clip_x,spline_component,train,4096,experiment_data\runs\20260102_201007_seed42_DoS_Hulk_w32-16_g5_k3\lut_sweeps_v2\seed0_L8_asymmetric_uint8_linear_closed_clip_x_spline_component,experiment_data\runs\20260102_201007_seed42_DoS_Hulk_w32-16_g5_k3\lut_sweeps_v2\seed0_L8_asymmetric_uint8_linear_closed_clip_x_spline_component\eval\bs1_tt1_tn1\lut_report_unified.json,15.652,
OK,seed0_L8_asymmetric_uint8_linear_closed_zero_spline_spline_component,0,8,asymmetric,uint8,linear,closed,zero_spline,spline_component,train,4096,experiment_data\runs\20260102_201007_seed42_DoS_Hulk_w32-16_g5_k3\lut_sweeps_v2\seed0_L8_asymmetric_uint8_linear_closed_zero_spline_spline_component,experiment_data\runs\20260102_201007_seed42_DoS_Hulk_w32-16_g5_k3\lut_sweeps_v2\seed0_L8_asymmetric_uint8_linear_closed_zero_spline_spline_component\eval\bs1_tt1_tn1\lut_report_unified.json,15.482,
OK,seed0_L8_asymmetric_uint8_linear_half_open_clip_x_spline_component,0,8,asymmetric,uint8,linear,half_open,clip_x,spline_component,train,4096,experiment_data\runs\20260102_201007_seed42_DoS_Hulk_w32-16_g5_k3\lut_sweeps_v2\seed0_L8_asymmetric_uint8_linear_half_open_clip_x_spline_component,experiment_data\runs\20260102_201007_seed42_DoS_Hulk_w32-16_g5_k3\lut_sweeps_v2\seed0_L8_asymmetric_uint8_linear_half_open_clip_x_spline_component\eval\bs1_tt1_tn1\lut_report_unified.json,15.765,
OK,seed0_L8_asymmetric_uint8_linear_half_open_zero_spline_spline_component,0,8,asymmetric,uint8,linear,half_open,zero_spline,spline_component,train,4096,experiment_data\runs\20260102_201007_seed42_DoS_Hulk_w32-16_g5_k3\lut_sweeps_v2\seed0_L8_asymmetric_uint8_linear_half_open_zero_spline_spline_component,experiment_data\runs\20260102_201007_seed42_DoS_Hulk_w32-16_g5_k3\lut_sweeps_v2\seed0_L8_asymmetric_uint8_linear_half_open_zero_spline_spline_component\eval\bs1_tt1_tn1\lut_report_unified.json,15.565,
OK,seed0_L16_symmetric_int8_linear_closed_clip_x_spline_component,0,16,symmetric,int8,linear,closed,clip_x,spline_component,train,4096,experiment_data\runs\20260102_201007_seed42_DoS_Hulk_w32-16_g5_k3\lut_sweeps_v2\seed0_L16_symmetric_int8_linear_closed_clip_x_spline_component,experiment_data\runs\20260102_201007_seed42_DoS_Hulk_w32-16_g5_k3\lut_sweeps_v2\seed0_L16_symmetric_int8_linear_closed_clip_x_spline_component\eval\bs1_tt1_tn1\lut_report_unified.json,15.534,
OK,seed0_L16_symmetric_int8_linear_closed_zero_spline_spline_component,0,16,symmetric,int8,linear,closed,zero_spline,spline_component,train,4096,experiment_data\runs\20260102_201007_seed42_DoS_Hulk_w32-16_g5_k3\lut_sweeps_v2\seed0_L16_symmetric_int8_linear_closed_zero_spline_spline_component,experiment_data\runs\20260102_201007_seed42_DoS_Hulk_w32-16_g5_k3\lut_sweeps_v2\seed0_L16_symmetric_int8_linear_closed_zero_spline_spline_component\eval\bs1_tt1_tn1\lut_report_unified.json,15.765,
OK,seed0_L16_symmetric_int8_linear_half_open_clip_x_spline_component,0,16,symmetric,int8,linear,half_open,clip_x,spline_component,train,4096,experiment_data\runs\20260102_201007_seed42_DoS_Hulk_w32-16_g5_k3\lut_sweeps_v2\seed0_L16_symmetric_int8_linear_half_open_clip_x_spline_component,experiment_data\runs\20260102_201007_seed42_DoS_Hulk_w32-16_g5_k3\lut_sweeps_v2\seed0_L16_symmetric_int8_linear_half_open_clip_x_spline_component\eval\bs1_tt1_tn1\lut_report_unified.json,16.031,
OK,seed0_L16_symmetric_int8_linear_half_open_zero_spline_spline_component,0,16,symmetric,int8,linear,half_open,zero_spline,spline_component,train,4096,experiment_data\runs\20260102_201007_seed42_DoS_Hulk_w32-16_g5_k3\lut_sweeps_v2\seed0_L16_symmetric_int8_linear_half_open_zero_spline_spline_component,experiment_data\runs\20260102_201007_seed42_DoS_Hulk_w32-16_g5_k3\lut_sweeps_v2\seed0_L16_symmetric_int8_linear_half_open_zero_spline_spline_component\eval\bs1_tt1_tn1\lut_report_unified.json,16.230,
OK,seed0_L16_asymmetric_uint8_linear_closed_clip_x_spline_component,0,16,asymmetric,uint8,linear,closed,clip_x,spline_component,train,4096,experiment_data\runs\20260102_201007_seed42_DoS_Hulk_w32-16_g5_k3\lut_sweeps_v2\seed0_L16_asymmetric_uint8_linear_closed_clip_x_spline_component,experiment_data\runs\20260102_201007_seed42_DoS_Hulk_w32-16_g5_k3\lut_sweeps_v2\seed0_L16_asymmetric_uint8_linear_closed_clip_x_spline_component\eval\bs1_tt1_tn1\lut_report_unified.json,15.794,
OK,seed0_L16_asymmetric_uint8_linear_closed_zero_spline_spline_component,0,16,asymmetric,uint8,linear,closed,zero_spline,spline_component,train,4096,experiment_data\runs\20260102_201007_seed42_DoS_Hulk_w32-16_g5_k3\lut_sweeps_v2\seed0_L16_asymmetric_uint8_linear_closed_zero_spline_spline_component,experiment_data\runs\20260102_201007_seed42_DoS_Hulk_w32-16_g5_k3\lut_sweeps_v2\seed0_L16_asymmetric_uint8_linear_closed_zero_spline_spline_component\eval\bs1_tt1_tn1\lut_report_unified.json,15.802,
OK,seed0_L16_asymmetric_uint8_linear_half_open_clip_x_spline_component,0,16,asymmetric,uint8,linear,half_open,clip_x,spline_component,train,4096,experiment_data\runs\20260102_201007_seed42_DoS_Hulk_w32-16_g5_k3\lut_sweeps_v2\seed0_L16_asymmetric_uint8_linear_half_open_clip_x_spline_component,experiment_data\runs\20260102_201007_seed42_DoS_Hulk_w32-16_g5_k3\lut_sweeps_v2\seed0_L16_asymmetric_uint8_linear_half_open_clip_x_spline_component\eval\bs1_tt1_tn1\lut_report_unified.json,15.706,
OK,seed0_L16_asymmetric_uint8_linear_half_open_zero_spline_spline_component,0,16,asymmetric,uint8,linear,half_open,zero_spline,spline_component,train,4096,experiment_data\runs\20260102_201007_seed42_DoS_Hulk_w32-16_g5_k3\lut_sweeps_v2\seed0_L16_asymmetric_uint8_linear_half_open_zero_spline_spline_component,experiment_data\runs\20260102_201007_seed42_DoS_Hulk_w32-16_g5_k3\lut_sweeps_v2\seed0_L16_asymmetric_uint8_linear_half_open_zero_spline_spline_component\eval\bs1_tt1_tn1\lut_report_unified.json,15.825,
OK,seed0_L32_symmetric_int8_linear_closed_clip_x_spline_component,0,32,symmetric,int8,linear,closed,clip_x,spline_component,train,4096,experiment_data\runs\20260102_201007_seed42_DoS_Hulk_w32-16_g5_k3\lut_sweeps_v2\seed0_L32_symmetric_int8_linear_closed_clip_x_spline_component,experiment_data\runs\20260102_201007_seed42_DoS_Hulk_w32-16_g5_k3\lut_sweeps_v2\seed0_L32_symmetric_int8_linear_closed_clip_x_spline_component\eval\bs1_tt1_tn1\lut_report_unified.json,15.972,
OK,seed0_L32_symmetric_int8_linear_closed_zero_spline_spline_component,0,32,symmetric,int8,linear,closed,zero_spline,spline_component,train,4096,experiment_data\runs\20260102_201007_seed42_DoS_Hulk_w32-16_g5_k3\lut_sweeps_v2\seed0_L32_symmetric_int8_linear_closed_zero_spline_spline_component,experiment_data\runs\20260102_201007_seed42_DoS_Hulk_w32-16_g5_k3\lut_sweeps_v2\seed0_L32_symmetric_int8_linear_closed_zero_spline_spline_component\eval\bs1_tt1_tn1\lut_report_unified.json,16.029,
OK,seed0_L32_symmetric_int8_linear_half_open_clip_x_spline_component,0,32,symmetric,int8,linear,half_open,clip_x,spline_component,train,4096,experiment_data\runs\20260102_201007_seed42_DoS_Hulk_w32-16_g5_k3\lut_sweeps_v2\seed0_L32_symmetric_int8_linear_half_open_clip_x_spline_component,experiment_data\runs\20260102_201007_seed42_DoS_Hulk_w32-16_g5_k3\lut_sweeps_v2\seed0_L32_symmetric_int8_linear_half_open_clip_x_spline_component\eval\bs1_tt1_tn1\lut_report_unified.json,16.124,
OK,seed0_L32_symmetric_int8_linear_half_open_zero_spline_spline_component,0,32,symmetric,int8,linear,half_open,zero_spline,spline_component,train,4096,experiment_data\runs\20260102_201007_seed42_DoS_Hulk_w32-16_g5_k3\lut_sweeps_v2\seed0_L32_symmetric_int8_linear_half_open_zero_spline_spline_component,experiment_data\runs\20260102_201007_seed42_DoS_Hulk_w32-16_g5_k3\lut_sweeps_v2\seed0_L32_symmetric_int8_linear_half_open_zero_spline_spline_component\eval\bs1_tt1_tn1\lut_report_unified.json,16.152,
OK,seed0_L32_asymmetric_uint8_linear_closed_clip_x_spline_component,0,32,asymmetric,uint8,linear,closed,clip_x,spline_component,train,4096,experiment_data\runs\20260102_201007_seed42_DoS_Hulk_w32-16_g5_k3\lut_sweeps_v2\seed0_L32_asymmetric_uint8_linear_closed_clip_x_spline_component,experiment_data\runs\20260102_201007_seed42_DoS_Hulk_w32-16_g5_k3\lut_sweeps_v2\seed0_L32_asymmetric_uint8_linear_closed_clip_x_spline_component\eval\bs1_tt1_tn1\lut_report_unified.json,15.988,
OK,seed0_L32_asymmetric_uint8_linear_closed_zero_spline_spline_component,0,32,asymmetric,uint8,linear,closed,zero_spline,spline_component,train,4096,experiment_data\runs\20260102_201007_seed42_DoS_Hulk_w32-16_g5_k3\lut_sweeps_v2\seed0_L32_asymmetric_uint8_linear_closed_zero_spline_spline_component,experiment_data\runs\20260102_201007_seed42_DoS_Hulk_w32-16_g5_k3\lut_sweeps_v2\seed0_L32_asymmetric_uint8_linear_closed_zero_spline_spline_component\eval\bs1_tt1_tn1\lut_report_unified.json,16.236,
OK,seed0_L32_asymmetric_uint8_linear_half_open_clip_x_spline_component,0,32,asymmetric,uint8,linear,half_open,clip_x,spline_component,train,4096,experiment_data\runs\20260102_201007_seed42_DoS_Hulk_w32-16_g5_k3\lut_sweeps_v2\seed0_L32_asymmetric_uint8_linear_half_open_clip_x_spline_component,experiment_data\runs\20260102_201007_seed42_DoS_Hulk_w32-16_g5_k3\lut_sweeps_v2\seed0_L32_asymmetric_uint8_linear_half_open_clip_x_spline_component\eval\bs1_tt1_tn1\lut_report_unified.json,16.150,
OK,seed0_L32_asymmetric_uint8_linear_half_open_zero_spline_spline_component,0,32,asymmetric,uint8,linear,half_open,zero_spline,spline_component,train,4096,experiment_data\runs\20260102_201007_seed42_DoS_Hulk_w32-16_g5_k3\lut_sweeps_v2\seed0_L32_asymmetric_uint8_linear_half_open_zero_spline_spline_component,experiment_data\runs\20260102_201007_seed42_DoS_Hulk_w32-16_g5_k3\lut_sweeps_v2\seed0_L32_asymmetric_uint8_linear_half_open_zero_spline_spline_component\eval\bs1_tt1_tn1\lut_report_unified.json,16.015,
OK,seed0_L64_symmetric_int8_linear_closed_clip_x_spline_component,0,64,symmetric,int8,linear,closed,clip_x,spline_component,train,4096,experiment_data\runs\20260102_201007_seed42_DoS_Hulk_w32-16_g5_k3\lut_sweeps_v2\seed0_L64_symmetric_int8_linear_closed_clip_x_spline_component,experiment_data\runs\20260102_201007_seed42_DoS_Hulk_w32-16_g5_k3\lut_sweeps_v2\seed0_L64_symmetric_int8_linear_closed_clip_x_spline_component\eval\bs1_tt1_tn1\lut_report_unified.json,16.766,
OK,seed0_L64_symmetric_int8_linear_closed_zero_spline_spline_component,0,64,symmetric,int8,linear,closed,zero_spline,spline_component,train,4096,experiment_data\runs\20260102_201007_seed42_DoS_Hulk_w32-16_g5_k3\lut_sweeps_v2\seed0_L64_symmetric_int8_linear_closed_zero_spline_spline_component,experiment_data\runs\20260102_201007_seed42_DoS_Hulk_w32-16_g5_k3\lut_sweeps_v2\seed0_L64_symmetric_int8_linear_closed_zero_spline_spline_component\eval\bs1_tt1_tn1\lut_report_unified.json,16.441,
OK,seed0_L64_symmetric_int8_linear_half_open_clip_x_spline_component,0,64,symmetric,int8,linear,half_open,clip_x,spline_component,train,4096,experiment_data\runs\20260102_201007_seed42_DoS_Hulk_w32-16_g5_k3\lut_sweeps_v2\seed0_L64_symmetric_int8_linear_half_open_clip_x_spline_component,experiment_data\runs\20260102_201007_seed42_DoS_Hulk_w32-16_g5_k3\lut_sweeps_v2\seed0_L64_symmetric_int8_linear_half_open_clip_x_spline_component\eval\bs1_tt1_tn1\lut_report_unified.json,16.603,
OK,seed0_L64_symmetric_int8_linear_half_open_zero_spline_spline_component,0,64,symmetric,int8,linear,half_open,zero_spline,spline_component,train,4096,experiment_data\runs\20260102_201007_seed42_DoS_Hulk_w32-16_g5_k3\lut_sweeps_v2\seed0_L64_symmetric_int8_linear_half_open_zero_spline_spline_component,experiment_data\runs\20260102_201007_seed42_DoS_Hulk_w32-16_g5_k3\lut_sweeps_v2\seed0_L64_symmetric_int8_linear_half_open_zero_spline_spline_component\eval\bs1_tt1_tn1\lut_report_unified.json,16.737,
OK,seed0_L64_asymmetric_uint8_linear_closed_clip_x_spline_component,0,64,asymmetric,uint8,linear,closed,clip_x,spline_component,train,4096,experiment_data\runs\20260102_201007_seed42_DoS_Hulk_w32-16_g5_k3\lut_sweeps_v2\seed0_L64_asymmetric_uint8_linear_closed_clip_x_spline_component,experiment_data\runs\20260102_201007_seed42_DoS_Hulk_w32-16_g5_k3\lut_sweeps_v2\seed0_L64_asymmetric_uint8_linear_closed_clip_x_spline_component\eval\bs1_tt1_tn1\lut_report_unified.json,16.458,
OK,seed0_L64_asymmetric_uint8_linear_closed_zero_spline_spline_component,0,64,asymmetric,uint8,linear,closed,zero_spline,spline_component,train,4096,experiment_data\runs\20260102_201007_seed42_DoS_Hulk_w32-16_g5_k3\lut_sweeps_v2\seed0_L64_asymmetric_uint8_linear_closed_zero_spline_spline_component,experiment_data\runs\20260102_201007_seed42_DoS_Hulk_w32-16_g5_k3\lut_sweeps_v2\seed0_L64_asymmetric_uint8_linear_closed_zero_spline_spline_component\eval\bs1_tt1_tn1\lut_report_unified.json,16.431,
OK,seed0_L64_asymmetric_uint8_linear_half_open_clip_x_spline_component,0,64,asymmetric,uint8,linear,half_open,clip_x,spline_component,train,4096,experiment_data\runs\20260102_201007_seed42_DoS_Hulk_w32-16_g5_k3\lut_sweeps_v2\seed0_L64_asymmetric_uint8_linear_half_open_clip_x_spline_component,experiment_data\runs\20260102_201007_seed42_DoS_Hulk_w32-16_g5_k3\lut_sweeps_v2\seed0_L64_asymmetric_uint8_linear_half_open_clip_x_spline_component\eval\bs1_tt1_tn1\lut_report_unified.json,16.538,
OK,seed0_L64_asymmetric_uint8_linear_half_open_zero_spline_spline_component,0,64,asymmetric,uint8,linear,half_open,zero_spline,spline_component,train,4096,experiment_data\runs\20260102_201007_seed42_DoS_Hulk_w32-16_g5_k3\lut_sweeps_v2\seed0_L64_asymmetric_uint8_linear_half_open_zero_spline_spline_component,experiment_data\runs\20260102_201007_seed42_DoS_Hulk_w32-16_g5_k3\lut_sweeps_v2\seed0_L64_asymmetric_uint8_linear_half_open_zero_spline_spline_component\eval\bs1_tt1_tn1\lut_report_unified.json,16.547,
OK,seed0_L128_symmetric_int8_linear_closed_clip_x_spline_component,0,128,symmetric,int8,linear,closed,clip_x,spline_component,train,4096,experiment_data\runs\20260102_201007_seed42_DoS_Hulk_w32-16_g5_k3\lut_sweeps_v2\seed0_L128_symmetric_int8_linear_closed_clip_x_spline_component,experiment_data\runs\20260102_201007_seed42_DoS_Hulk_w32-16_g5_k3\lut_sweeps_v2\seed0_L128_symmetric_int8_linear_closed_clip_x_spline_component\eval\bs1_tt1_tn1\lut_report_unified.json,17.655,
OK,seed0_L128_symmetric_int8_linear_closed_zero_spline_spline_component,0,128,symmetric,int8,linear,closed,zero_spline,spline_component,train,4096,experiment_data\runs\20260102_201007_seed42_DoS_Hulk_w32-16_g5_k3\lut_sweeps_v2\seed0_L128_symmetric_int8_linear_closed_zero_spline_spline_component,experiment_data\runs\20260102_201007_seed42_DoS_Hulk_w32-16_g5_k3\lut_sweeps_v2\seed0_L128_symmetric_int8_linear_closed_zero_spline_spline_component\eval\bs1_tt1_tn1\lut_report_unified.json,17.534,
OK,seed0_L128_symmetric_int8_linear_half_open_clip_x_spline_component,0,128,symmetric,int8,linear,half_open,clip_x,spline_component,train,4096,experiment_data\runs\20260102_201007_seed42_DoS_Hulk_w32-16_g5_k3\lut_sweeps_v2\seed0_L128_symmetric_int8_linear_half_open_clip_x_spline_component,experiment_data\runs\20260102_201007_seed42_DoS_Hulk_w32-16_g5_k3\lut_sweeps_v2\seed0_L128_symmetric_int8_linear_half_open_clip_x_spline_component\eval\bs1_tt1_tn1\lut_report_unified.json,17.330,
OK,seed0_L128_symmetric_int8_linear_half_open_zero_spline_spline_component,0,128,symmetric,int8,linear,half_open,zero_spline,spline_component,train,4096,experiment_data\runs\20260102_201007_seed42_DoS_Hulk_w32-16_g5_k3\lut_sweeps_v2\seed0_L128_symmetric_int8_linear_half_open_zero_spline_spline_component,experiment_data\runs\20260102_201007_seed42_DoS_Hulk_w32-16_g5_k3\lut_sweeps_v2\seed0_L128_symmetric_int8_linear_half_open_zero_spline_spline_component\eval\bs1_tt1_tn1\lut_report_unified.json,17.209,
OK,seed0_L128_asymmetric_uint8_linear_closed_clip_x_spline_component,0,128,asymmetric,uint8,linear,closed,clip_x,spline_component,train,4096,experiment_data\runs\20260102_201007_seed42_DoS_Hulk_w32-16_g5_k3\lut_sweeps_v2\seed0_L128_asymmetric_uint8_linear_closed_clip_x_spline_component,experiment_data\runs\20260102_201007_seed42_DoS_Hulk_w32-16_g5_k3\lut_sweeps_v2\seed0_L128_asymmetric_uint8_linear_closed_clip_x_spline_component\eval\bs1_tt1_tn1\lut_report_unified.json,17.381,
OK,seed0_L128_asymmetric_uint8_linear_closed_zero_spline_spline_component,0,128,asymmetric,uint8,linear,closed,zero_spline,spline_component,train,4096,experiment_data\runs\20260102_201007_seed42_DoS_Hulk_w32-16_g5_k3\lut_sweeps_v2\seed0_L128_asymmetric_uint8_linear_closed_zero_spline_spline_component,experiment_data\runs\20260102_201007_seed42_DoS_Hulk_w32-16_g5_k3\lut_sweeps_v2\seed0_L128_asymmetric_uint8_linear_closed_zero_spline_spline_component\eval\bs1_tt1_tn1\lut_report_unified.json,17.338,
OK,seed0_L128_asymmetric_uint8_linear_half_open_clip_x_spline_component,0,128,asymmetric,uint8,linear,half_open,clip_x,spline_component,train,4096,experiment_data\runs\20260102_201007_seed42_DoS_Hulk_w32-16_g5_k3\lut_sweeps_v2\seed0_L128_asymmetric_uint8_linear_half_open_clip_x_spline_component,experiment_data\runs\20260102_201007_seed42_DoS_Hulk_w32-16_g5_k3\lut_sweeps_v2\seed0_L128_asymmetric_uint8_linear_half_open_clip_x_spline_component\eval\bs1_tt1_tn1\lut_report_unified.json,17.425,
OK,seed0_L128_asymmetric_uint8_linear_half_open_zero_spline_spline_component,0,128,asymmetric,uint8,linear,half_open,zero_spline,spline_component,train,4096,experiment_data\runs\20260102_201007_seed42_DoS_Hulk_w32-16_g5_k3\lut_sweeps_v2\seed0_L128_asymmetric_uint8_linear_half_open_zero_spline_spline_component,experiment_data\runs\20260102_201007_seed42_DoS_Hulk_w32-16_g5_k3\lut_sweeps_v2\seed0_L128_asymmetric_uint8_linear_half_open_zero_spline_spline_component\eval\bs1_tt1_tn1\lut_report_unified.json,17.447,
OK,seed0_L256_symmetric_int8_linear_closed_clip_x_spline_component,0,256,symmetric,int8,linear,closed,clip_x,spline_component,train,4096,experiment_data\runs\20260102_201007_seed42_DoS_Hulk_w32-16_g5_k3\lut_sweeps_v2\seed0_L256_symmetric_int8_linear_closed_clip_x_spline_component,experiment_data\runs\20260102_201007_seed42_DoS_Hulk_w32-16_g5_k3\lut_sweeps_v2\seed0_L256_symmetric_int8_linear_closed_clip_x_spline_component\eval\bs1_tt1_tn1\lut_report_unified.json,19.128,
OK,seed0_L256_symmetric_int8_linear_closed_zero_spline_spline_component,0,256,symmetric,int8,linear,closed,zero_spline,spline_component,train,4096,experiment_data\runs\20260102_201007_seed42_DoS_Hulk_w32-16_g5_k3\lut_sweeps_v2\seed0_L256_symmetric_int8_linear_closed_zero_spline_spline_component,experiment_data\runs\20260102_201007_seed42_DoS_Hulk_w32-16_g5_k3\lut_sweeps_v2\seed0_L256_symmetric_int8_linear_closed_zero_spline_spline_component\eval\bs1_tt1_tn1\lut_report_unified.json,19.106,
OK,seed0_L256_symmetric_int8_linear_half_open_clip_x_spline_component,0,256,symmetric,int8,linear,half_open,clip_x,spline_component,train,4096,experiment_data\runs\20260102_201007_seed42_DoS_Hulk_w32-16_g5_k3\lut_sweeps_v2\seed0_L256_symmetric_int8_linear_half_open_clip_x_spline_component,experiment_data\runs\20260102_201007_seed42_DoS_Hulk_w32-16_g5_k3\lut_sweeps_v2\seed0_L256_symmetric_int8_linear_half_open_clip_x_spline_component\eval\bs1_tt1_tn1\lut_report_unified.json,19.145,
OK,seed0_L256_symmetric_int8_linear_half_open_zero_spline_spline_component,0,256,symmetric,int8,linear,half_open,zero_spline,spline_component,train,4096,experiment_data\runs\20260102_201007_seed42_DoS_Hulk_w32-16_g5_k3\lut_sweeps_v2\seed0_L256_symmetric_int8_linear_half_open_zero_spline_spline_component,experiment_data\runs\20260102_201007_seed42_DoS_Hulk_w32-16_g5_k3\lut_sweeps_v2\seed0_L256_symmetric_int8_linear_half_open_zero_spline_spline_component\eval\bs1_tt1_tn1\lut_report_unified.json,19.086,
OK,seed0_L256_asymmetric_uint8_linear_closed_clip_x_spline_component,0,256,asymmetric,uint8,linear,closed,clip_x,spline_component,train,4096,experiment_data\runs\20260102_201007_seed42_DoS_Hulk_w32-16_g5_k3\lut_sweeps_v2\seed0_L256_asymmetric_uint8_linear_closed_clip_x_spline_component,experiment_data\runs\20260102_201007_seed42_DoS_Hulk_w32-16_g5_k3\lut_sweeps_v2\seed0_L256_asymmetric_uint8_linear_closed_clip_x_spline_component\eval\bs1_tt1_tn1\lut_report_unified.json,19.181,
OK,seed0_L256_asymmetric_uint8_linear_closed_zero_spline_spline_component,0,256,asymmetric,uint8,linear,closed,zero_spline,spline_component,train,4096,experiment_data\runs\20260102_201007_seed42_DoS_Hulk_w32-16_g5_k3\lut_sweeps_v2\seed0_L256_asymmetric_uint8_linear_closed_zero_spline_spline_component,experiment_data\runs\20260102_201007_seed42_DoS_Hulk_w32-16_g5_k3\lut_sweeps_v2\seed0_L256_asymmetric_uint8_linear_closed_zero_spline_spline_component\eval\bs1_tt1_tn1\lut_report_unified.json,18.959,
OK,seed0_L256_asymmetric_uint8_linear_half_open_clip_x_spline_component,0,256,asymmetric,uint8,linear,half_open,clip_x,spline_component,train,4096,experiment_data\runs\20260102_201007_seed42_DoS_Hulk_w32-16_g5_k3\lut_sweeps_v2\seed0_L256_asymmetric_uint8_linear_half_open_clip_x_spline_component,experiment_data\runs\20260102_201007_seed42_DoS_Hulk_w32-16_g5_k3\lut_sweeps_v2\seed0_L256_asymmetric_uint8_linear_half_open_clip_x_spline_component\eval\bs1_tt1_tn1\lut_report_unified.json,28.099,
OK,seed0_L256_asymmetric_uint8_linear_half_open_zero_spline_spline_component,0,256,asymmetric,uint8,linear,half_open,zero_spline,spline_component,train,4096,experiment_data\runs\20260102_201007_seed42_DoS_Hulk_w32-16_g5_k3\lut_sweeps_v2\seed0_L256_asymmetric_uint8_linear_half_open_zero_spline_spline_component,experiment_data\runs\20260102_201007_seed42_DoS_Hulk_w32-16_g5_k3\lut_sweeps_v2\seed0_L256_asymmetric_uint8_linear_half_open_zero_spline_spline_component\eval\bs1_tt1_tn1\lut_report_unified.json,28.412,
OK,seed1_L2_symmetric_int8_linear_closed_clip_x_spline_component,1,2,symmetric,int8,linear,closed,clip_x,spline_component,train,4096,experiment_data\runs\20260102_201007_seed42_DoS_Hulk_w32-16_g5_k3\lut_sweeps_v2\seed1_L2_symmetric_int8_linear_closed_clip_x_spline_component,experiment_data\runs\20260102_201007_seed42_DoS_Hulk_w32-16_g5_k3\lut_sweeps_v2\seed1_L2_symmetric_int8_linear_closed_clip_x_spline_component\eval\bs1_tt1_tn1\lut_report_unified.json,21.005,
OK,seed1_L2_symmetric_int8_linear_closed_zero_spline_spline_component,1,2,symmetric,int8,linear,closed,zero_spline,spline_component,train,4096,experiment_data\runs\20260102_201007_seed42_DoS_Hulk_w32-16_g5_k3\lut_sweeps_v2\seed1_L2_symmetric_int8_linear_closed_zero_spline_spline_component,experiment_data\runs\20260102_201007_seed42_DoS_Hulk_w32-16_g5_k3\lut_sweeps_v2\seed1_L2_symmetric_int8_linear_closed_zero_spline_spline_component\eval\bs1_tt1_tn1\lut_report_unified.json,22.453,
OK,seed1_L2_symmetric_int8_linear_half_open_clip_x_spline_component,1,2,symmetric,int8,linear,half_open,clip_x,spline_component,train,4096,experiment_data\runs\20260102_201007_seed42_DoS_Hulk_w32-16_g5_k3\lut_sweeps_v2\seed1_L2_symmetric_int8_linear_half_open_clip_x_spline_component,experiment_data\runs\20260102_201007_seed42_DoS_Hulk_w32-16_g5_k3\lut_sweeps_v2\seed1_L2_symmetric_int8_linear_half_open_clip_x_spline_component\eval\bs1_tt1_tn1\lut_report_unified.json,22.352,
OK,seed1_L2_symmetric_int8_linear_half_open_zero_spline_spline_component,1,2,symmetric,int8,linear,half_open,zero_spline,spline_component,train,4096,experiment_data\runs\20260102_201007_seed42_DoS_Hulk_w32-16_g5_k3\lut_sweeps_v2\seed1_L2_symmetric_int8_linear_half_open_zero_spline_spline_component,experiment_data\runs\20260102_201007_seed42_DoS_Hulk_w32-16_g5_k3\lut_sweeps_v2\seed1_L2_symmetric_int8_linear_half_open_zero_spline_spline_component\eval\bs1_tt1_tn1\lut_report_unified.json,20.480,
OK,seed1_L2_asymmetric_uint8_linear_closed_clip_x_spline_component,1,2,asymmetric,uint8,linear,closed,clip_x,spline_component,train,4096,experiment_data\runs\20260102_201007_seed42_DoS_Hulk_w32-16_g5_k3\lut_sweeps_v2\seed1_L2_asymmetric_uint8_linear_closed_clip_x_spline_component,experiment_data\runs\20260102_201007_seed42_DoS_Hulk_w32-16_g5_k3\lut_sweeps_v2\seed1_L2_asymmetric_uint8_linear_closed_clip_x_spline_component\eval\bs1_tt1_tn1\lut_report_unified.json,23.335,
OK,seed1_L2_asymmetric_uint8_linear_closed_zero_spline_spline_component,1,2,asymmetric,uint8,linear,closed,zero_spline,spline_component,train,4096,experiment_data\runs\20260102_201007_seed42_DoS_Hulk_w32-16_g5_k3\lut_sweeps_v2\seed1_L2_asymmetric_uint8_linear_closed_zero_spline_spline_component,experiment_data\runs\20260102_201007_seed42_DoS_Hulk_w32-16_g5_k3\lut_sweeps_v2\seed1_L2_asymmetric_uint8_linear_closed_zero_spline_spline_component\eval\bs1_tt1_tn1\lut_report_unified.json,24.557,
OK,seed1_L2_asymmetric_uint8_linear_half_open_clip_x_spline_component,1,2,asymmetric,uint8,linear,half_open,clip_x,spline_component,train,4096,experiment_data\runs\20260102_201007_seed42_DoS_Hulk_w32-16_g5_k3\lut_sweeps_v2\seed1_L2_asymmetric_uint8_linear_half_open_clip_x_spline_component,experiment_data\runs\20260102_201007_seed42_DoS_Hulk_w32-16_g5_k3\lut_sweeps_v2\seed1_L2_asymmetric_uint8_linear_half_open_clip_x_spline_component\eval\bs1_tt1_tn1\lut_report_unified.json,16.024,
OK,seed1_L2_asymmetric_uint8_linear_half_open_zero_spline_spline_component,1,2,asymmetric,uint8,linear,half_open,zero_spline,spline_component,train,4096,experiment_data\runs\20260102_201007_seed42_DoS_Hulk_w32-16_g5_k3\lut_sweeps_v2\seed1_L2_asymmetric_uint8_linear_half_open_zero_spline_spline_component,experiment_data\runs\20260102_201007_seed42_DoS_Hulk_w32-16_g5_k3\lut_sweeps_v2\seed1_L2_asymmetric_uint8_linear_half_open_zero_spline_spline_component\eval\bs1_tt1_tn1\lut_report_unified.json,26.577,
OK,seed1_L4_symmetric_int8_linear_closed_clip_x_spline_component,1,4,symmetric,int8,linear,closed,clip_x,spline_component,train,4096,experiment_data\runs\20260102_201007_seed42_DoS_Hulk_w32-16_g5_k3\lut_sweeps_v2\seed1_L4_symmetric_int8_linear_closed_clip_x_spline_component,experiment_data\runs\20260102_201007_seed42_DoS_Hulk_w32-16_g5_k3\lut_sweeps_v2\seed1_L4_symmetric_int8_linear_closed_clip_x_spline_component\eval\bs1_tt1_tn1\lut_report_unified.json,16.909,
OK,seed1_L4_symmetric_int8_linear_closed_zero_spline_spline_component,1,4,symmetric,int8,linear,closed,zero_spline,spline_component,train,4096,experiment_data\runs\20260102_201007_seed42_DoS_Hulk_w32-16_g5_k3\lut_sweeps_v2\seed1_L4_symmetric_int8_linear_closed_zero_spline_spline_component,experiment_data\runs\20260102_201007_seed42_DoS_Hulk_w32-16_g5_k3\lut_sweeps_v2\seed1_L4_symmetric_int8_linear_closed_zero_spline_spline_component\eval\bs1_tt1_tn1\lut_report_unified.json,25.511,
OK,seed1_L4_symmetric_int8_linear_half_open_clip_x_spline_component,1,4,symmetric,int8,linear,half_open,clip_x,spline_component,train,4096,experiment_data\runs\20260102_201007_seed42_DoS_Hulk_w32-16_g5_k3\lut_sweeps_v2\seed1_L4_symmetric_int8_linear_half_open_clip_x_spline_component,experiment_data\runs\20260102_201007_seed42_DoS_Hulk_w32-16_g5_k3\lut_sweeps_v2\seed1_L4_symmetric_int8_linear_half_open_clip_x_spline_component\eval\bs1_tt1_tn1\lut_report_unified.json,15.566,
OK,seed1_L4_symmetric_int8_linear_half_open_zero_spline_spline_component,1,4,symmetric,int8,linear,half_open,zero_spline,spline_component,train,4096,experiment_data\runs\20260102_201007_seed42_DoS_Hulk_w32-16_g5_k3\lut_sweeps_v2\seed1_L4_symmetric_int8_linear_half_open_zero_spline_spline_component,experiment_data\runs\20260102_201007_seed42_DoS_Hulk_w32-16_g5_k3\lut_sweeps_v2\seed1_L4_symmetric_int8_linear_half_open_zero_spline_spline_component\eval\bs1_tt1_tn1\lut_report_unified.json,15.385,
OK,seed1_L4_asymmetric_uint8_linear_closed_clip_x_spline_component,1,4,asymmetric,uint8,linear,closed,clip_x,spline_component,train,4096,experiment_data\runs\20260102_201007_seed42_DoS_Hulk_w32-16_g5_k3\lut_sweeps_v2\seed1_L4_asymmetric_uint8_linear_closed_clip_x_spline_component,experiment_data\runs\20260102_201007_seed42_DoS_Hulk_w32-16_g5_k3\lut_sweeps_v2\seed1_L4_asymmetric_uint8_linear_closed_clip_x_spline_component\eval\bs1_tt1_tn1\lut_report_unified.json,15.401,
OK,seed1_L4_asymmetric_uint8_linear_closed_zero_spline_spline_component,1,4,asymmetric,uint8,linear,closed,zero_spline,spline_component,train,4096,experiment_data\runs\20260102_201007_seed42_DoS_Hulk_w32-16_g5_k3\lut_sweeps_v2\seed1_L4_asymmetric_uint8_linear_closed_zero_spline_spline_component,experiment_data\runs\20260102_201007_seed42_DoS_Hulk_w32-16_g5_k3\lut_sweeps_v2\seed1_L4_asymmetric_uint8_linear_closed_zero_spline_spline_component\eval\bs1_tt1_tn1\lut_report_unified.json,15.519,
OK,seed1_L4_asymmetric_uint8_linear_half_open_clip_x_spline_component,1,4,asymmetric,uint8,linear,half_open,clip_x,spline_component,train,4096,experiment_data\runs\20260102_201007_seed42_DoS_Hulk_w32-16_g5_k3\lut_sweeps_v2\seed1_L4_asymmetric_uint8_linear_half_open_clip_x_spline_component,experiment_data\runs\20260102_201007_seed42_DoS_Hulk_w32-16_g5_k3\lut_sweeps_v2\seed1_L4_asymmetric_uint8_linear_half_open_clip_x_spline_component\eval\bs1_tt1_tn1\lut_report_unified.json,15.489,
OK,seed1_L4_asymmetric_uint8_linear_half_open_zero_spline_spline_component,1,4,asymmetric,uint8,linear,half_open,zero_spline,spline_component,train,4096,experiment_data\runs\20260102_201007_seed42_DoS_Hulk_w32-16_g5_k3\lut_sweeps_v2\seed1_L4_asymmetric_uint8_linear_half_open_zero_spline_spline_component,experiment_data\runs\20260102_201007_seed42_DoS_Hulk_w32-16_g5_k3\lut_sweeps_v2\seed1_L4_asymmetric_uint8_linear_half_open_zero_spline_spline_component\eval\bs1_tt1_tn1\lut_report_unified.json,15.487,
OK,seed1_L8_symmetric_int8_linear_closed_clip_x_spline_component,1,8,symmetric,int8,linear,closed,clip_x,spline_component,train,4096,experiment_data\runs\20260102_201007_seed42_DoS_Hulk_w32-16_g5_k3\lut_sweeps_v2\seed1_L8_symmetric_int8_linear_closed_clip_x_spline_component,experiment_data\runs\20260102_201007_seed42_DoS_Hulk_w32-16_g5_k3\lut_sweeps_v2\seed1_L8_symmetric_int8_linear_closed_clip_x_spline_component\eval\bs1_tt1_tn1\lut_report_unified.json,15.452,
OK,seed1_L8_symmetric_int8_linear_closed_zero_spline_spline_component,1,8,symmetric,int8,linear,closed,zero_spline,spline_component,train,4096,experiment_data\runs\20260102_201007_seed42_DoS_Hulk_w32-16_g5_k3\lut_sweeps_v2\seed1_L8_symmetric_int8_linear_closed_zero_spline_spline_component,experiment_data\runs\20260102_201007_seed42_DoS_Hulk_w32-16_g5_k3\lut_sweeps_v2\seed1_L8_symmetric_int8_linear_closed_zero_spline_spline_component\eval\bs1_tt1_tn1\lut_report_unified.json,15.527,
OK,seed1_L8_symmetric_int8_linear_half_open_clip_x_spline_component,1,8,symmetric,int8,linear,half_open,clip_x,spline_component,train,4096,experiment_data\runs\20260102_201007_seed42_DoS_Hulk_w32-16_g5_k3\lut_sweeps_v2\seed1_L8_symmetric_int8_linear_half_open_clip_x_spline_component,experiment_data\runs\20260102_201007_seed42_DoS_Hulk_w32-16_g5_k3\lut_sweeps_v2\seed1_L8_symmetric_int8_linear_half_open_clip_x_spline_component\eval\bs1_tt1_tn1\lut_report_unified.json,15.677,
OK,seed1_L8_symmetric_int8_linear_half_open_zero_spline_spline_component,1,8,symmetric,int8,linear,half_open,zero_spline,spline_component,train,4096,experiment_data\runs\20260102_201007_seed42_DoS_Hulk_w32-16_g5_k3\lut_sweeps_v2\seed1_L8_symmetric_int8_linear_half_open_zero_spline_spline_component,experiment_data\runs\20260102_201007_seed42_DoS_Hulk_w32-16_g5_k3\lut_sweeps_v2\seed1_L8_symmetric_int8_linear_half_open_zero_spline_spline_component\eval\bs1_tt1_tn1\lut_report_unified.json,15.731,
OK,seed1_L8_asymmetric_uint8_linear_closed_clip_x_spline_component,1,8,asymmetric,uint8,linear,closed,clip_x,spline_component,train,4096,experiment_data\runs\20260102_201007_seed42_DoS_Hulk_w32-16_g5_k3\lut_sweeps_v2\seed1_L8_asymmetric_uint8_linear_closed_clip_x_spline_component,experiment_data\runs\20260102_201007_seed42_DoS_Hulk_w32-16_g5_k3\lut_sweeps_v2\seed1_L8_asymmetric_uint8_linear_closed_clip_x_spline_component\eval\bs1_tt1_tn1\lut_report_unified.json,15.512,
OK,seed1_L8_asymmetric_uint8_linear_closed_zero_spline_spline_component,1,8,asymmetric,uint8,linear,closed,zero_spline,spline_component,train,4096,experiment_data\runs\20260102_201007_seed42_DoS_Hulk_w32-16_g5_k3\lut_sweeps_v2\seed1_L8_asymmetric_uint8_linear_closed_zero_spline_spline_component,experiment_data\runs\20260102_201007_seed42_DoS_Hulk_w32-16_g5_k3\lut_sweeps_v2\seed1_L8_asymmetric_uint8_linear_closed_zero_spline_spline_component\eval\bs1_tt1_tn1\lut_report_unified.json,15.616,
OK,seed1_L8_asymmetric_uint8_linear_half_open_clip_x_spline_component,1,8,asymmetric,uint8,linear,half_open,clip_x,spline_component,train,4096,experiment_data\runs\20260102_201007_seed42_DoS_Hulk_w32-16_g5_k3\lut_sweeps_v2\seed1_L8_asymmetric_uint8_linear_half_open_clip_x_spline_component,experiment_data\runs\20260102_201007_seed42_DoS_Hulk_w32-16_g5_k3\lut_sweeps_v2\seed1_L8_asymmetric_uint8_linear_half_open_clip_x_spline_component\eval\bs1_tt1_tn1\lut_report_unified.json,15.721,
OK,seed1_L8_asymmetric_uint8_linear_half_open_zero_spline_spline_component,1,8,asymmetric,uint8,linear,half_open,zero_spline,spline_component,train,4096,experiment_data\runs\20260102_201007_seed42_DoS_Hulk_w32-16_g5_k3\lut_sweeps_v2\seed1_L8_asymmetric_uint8_linear_half_open_zero_spline_spline_component,experiment_data\runs\20260102_201007_seed42_DoS_Hulk_w32-16_g5_k3\lut_sweeps_v2\seed1_L8_asymmetric_uint8_linear_half_open_zero_spline_spline_component\eval\bs1_tt1_tn1\lut_report_unified.json,15.547,
OK,seed1_L16_symmetric_int8_linear_closed_clip_x_spline_component,1,16,symmetric,int8,linear,closed,clip_x,spline_component,train,4096,experiment_data\runs\20260102_201007_seed42_DoS_Hulk_w32-16_g5_k3\lut_sweeps_v2\seed1_L16_symmetric_int8_linear_closed_clip_x_spline_component,experiment_data\runs\20260102_201007_seed42_DoS_Hulk_w32-16_g5_k3\lut_sweeps_v2\seed1_L16_symmetric_int8_linear_closed_clip_x_spline_component\eval\bs1_tt1_tn1\lut_report_unified.json,15.602,
OK,seed1_L16_symmetric_int8_linear_closed_zero_spline_spline_component,1,16,symmetric,int8,linear,closed,zero_spline,spline_component,train,4096,experiment_data\runs\20260102_201007_seed42_DoS_Hulk_w32-16_g5_k3\lut_sweeps_v2\seed1_L16_symmetric_int8_linear_closed_zero_spline_spline_component,experiment_data\runs\20260102_201007_seed42_DoS_Hulk_w32-16_g5_k3\lut_sweeps_v2\seed1_L16_symmetric_int8_linear_closed_zero_spline_spline_component\eval\bs1_tt1_tn1\lut_report_unified.json,15.597,
OK,seed1_L16_symmetric_int8_linear_half_open_clip_x_spline_component,1,16,symmetric,int8,linear,half_open,clip_x,spline_component,train,4096,experiment_data\runs\20260102_201007_seed42_DoS_Hulk_w32-16_g5_k3\lut_sweeps_v2\seed1_L16_symmetric_int8_linear_half_open_clip_x_spline_component,experiment_data\runs\20260102_201007_seed42_DoS_Hulk_w32-16_g5_k3\lut_sweeps_v2\seed1_L16_symmetric_int8_linear_half_open_clip_x_spline_component\eval\bs1_tt1_tn1\lut_report_unified.json,15.589,
OK,seed1_L16_symmetric_int8_linear_half_open_zero_spline_spline_component,1,16,symmetric,int8,linear,half_open,zero_spline,spline_component,train,4096,experiment_data\runs\20260102_201007_seed42_DoS_Hulk_w32-16_g5_k3\lut_sweeps_v2\seed1_L16_symmetric_int8_linear_half_open_zero_spline_spline_component,experiment_data\runs\20260102_201007_seed42_DoS_Hulk_w32-16_g5_k3\lut_sweeps_v2\seed1_L16_symmetric_int8_linear_half_open_zero_spline_spline_component\eval\bs1_tt1_tn1\lut_report_unified.json,15.673,
OK,seed1_L16_asymmetric_uint8_linear_closed_clip_x_spline_component,1,16,asymmetric,uint8,linear,closed,clip_x,spline_component,train,4096,experiment_data\runs\20260102_201007_seed42_DoS_Hulk_w32-16_g5_k3\lut_sweeps_v2\seed1_L16_asymmetric_uint8_linear_closed_clip_x_spline_component,experiment_data\runs\20260102_201007_seed42_DoS_Hulk_w32-16_g5_k3\lut_sweeps_v2\seed1_L16_asymmetric_uint8_linear_closed_clip_x_spline_component\eval\bs1_tt1_tn1\lut_report_unified.json,15.686,
OK,seed1_L16_asymmetric_uint8_linear_closed_zero_spline_spline_component,1,16,asymmetric,uint8,linear,closed,zero_spline,spline_component,train,4096,experiment_data\runs\20260102_201007_seed42_DoS_Hulk_w32-16_g5_k3\lut_sweeps_v2\seed1_L16_asymmetric_uint8_linear_closed_zero_spline_spline_component,experiment_data\runs\20260102_201007_seed42_DoS_Hulk_w32-16_g5_k3\lut_sweeps_v2\seed1_L16_asymmetric_uint8_linear_closed_zero_spline_spline_component\eval\bs1_tt1_tn1\lut_report_unified.json,15.585,
OK,seed1_L16_asymmetric_uint8_linear_half_open_clip_x_spline_component,1,16,asymmetric,uint8,linear,half_open,clip_x,spline_component,train,4096,experiment_data\runs\20260102_201007_seed42_DoS_Hulk_w32-16_g5_k3\lut_sweeps_v2\seed1_L16_asymmetric_uint8_linear_half_open_clip_x_spline_component,experiment_data\runs\20260102_201007_seed42_DoS_Hulk_w32-16_g5_k3\lut_sweeps_v2\seed1_L16_asymmetric_uint8_linear_half_open_clip_x_spline_component\eval\bs1_tt1_tn1\lut_report_unified.json,15.585,
OK,seed1_L16_asymmetric_uint8_linear_half_open_zero_spline_spline_component,1,16,asymmetric,uint8,linear,half_open,zero_spline,spline_component,train,4096,experiment_data\runs\20260102_201007_seed42_DoS_Hulk_w32-16_g5_k3\lut_sweeps_v2\seed1_L16_asymmetric_uint8_linear_half_open_zero_spline_spline_component,experiment_data\runs\20260102_201007_seed42_DoS_Hulk_w32-16_g5_k3\lut_sweeps_v2\seed1_L16_asymmetric_uint8_linear_half_open_zero_spline_spline_component\eval\bs1_tt1_tn1\lut_report_unified.json,15.531,
OK,seed1_L32_symmetric_int8_linear_closed_clip_x_spline_component,1,32,symmetric,int8,linear,closed,clip_x,spline_component,train,4096,experiment_data\runs\20260102_201007_seed42_DoS_Hulk_w32-16_g5_k3\lut_sweeps_v2\seed1_L32_symmetric_int8_linear_closed_clip_x_spline_component,experiment_data\runs\20260102_201007_seed42_DoS_Hulk_w32-16_g5_k3\lut_sweeps_v2\seed1_L32_symmetric_int8_linear_closed_clip_x_spline_component\eval\bs1_tt1_tn1\lut_report_unified.json,15.892,
OK,seed1_L32_symmetric_int8_linear_closed_zero_spline_spline_component,1,32,symmetric,int8,linear,closed,zero_spline,spline_component,train,4096,experiment_data\runs\20260102_201007_seed42_DoS_Hulk_w32-16_g5_k3\lut_sweeps_v2\seed1_L32_symmetric_int8_linear_closed_zero_spline_spline_component,experiment_data\runs\20260102_201007_seed42_DoS_Hulk_w32-16_g5_k3\lut_sweeps_v2\seed1_L32_symmetric_int8_linear_closed_zero_spline_spline_component\eval\bs1_tt1_tn1\lut_report_unified.json,15.736,
OK,seed1_L32_symmetric_int8_linear_half_open_clip_x_spline_component,1,32,symmetric,int8,linear,half_open,clip_x,spline_component,train,4096,experiment_data\runs\20260102_201007_seed42_DoS_Hulk_w32-16_g5_k3\lut_sweeps_v2\seed1_L32_symmetric_int8_linear_half_open_clip_x_spline_component,experiment_data\runs\20260102_201007_seed42_DoS_Hulk_w32-16_g5_k3\lut_sweeps_v2\seed1_L32_symmetric_int8_linear_half_open_clip_x_spline_component\eval\bs1_tt1_tn1\lut_report_unified.json,15.967,
OK,seed1_L32_symmetric_int8_linear_half_open_zero_spline_spline_component,1,32,symmetric,int8,linear,half_open,zero_spline,spline_component,train,4096,experiment_data\runs\20260102_201007_seed42_DoS_Hulk_w32-16_g5_k3\lut_sweeps_v2\seed1_L32_symmetric_int8_linear_half_open_zero_spline_spline_component,experiment_data\runs\20260102_201007_seed42_DoS_Hulk_w32-16_g5_k3\lut_sweeps_v2\seed1_L32_symmetric_int8_linear_half_open_zero_spline_spline_component\eval\bs1_tt1_tn1\lut_report_unified.json,15.970,
OK,seed1_L32_asymmetric_uint8_linear_closed_clip_x_spline_component,1,32,asymmetric,uint8,linear,closed,clip_x,spline_component,train,4096,experiment_data\runs\20260102_201007_seed42_DoS_Hulk_w32-16_g5_k3\lut_sweeps_v2\seed1_L32_asymmetric_uint8_linear_closed_clip_x_spline_component,experiment_data\runs\20260102_201007_seed42_DoS_Hulk_w32-16_g5_k3\lut_sweeps_v2\seed1_L32_asymmetric_uint8_linear_closed_clip_x_spline_component\eval\bs1_tt1_tn1\lut_report_unified.json,22.743,
OK,seed1_L32_asymmetric_uint8_linear_closed_zero_spline_spline_component,1,32,asymmetric,uint8,linear,closed,zero_spline,spline_component,train,4096,experiment_data\runs\20260102_201007_seed42_DoS_Hulk_w32-16_g5_k3\lut_sweeps_v2\seed1_L32_asymmetric_uint8_linear_closed_zero_spline_spline_component,experiment_data\runs\20260102_201007_seed42_DoS_Hulk_w32-16_g5_k3\lut_sweeps_v2\seed1_L32_asymmetric_uint8_linear_closed_zero_spline_spline_component\eval\bs1_tt1_tn1\lut_report_unified.json,23.580,
OK,seed1_L32_asymmetric_uint8_linear_half_open_clip_x_spline_component,1,32,asymmetric,uint8,linear,half_open,clip_x,spline_component,train,4096,experiment_data\runs\20260102_201007_seed42_DoS_Hulk_w32-16_g5_k3\lut_sweeps_v2\seed1_L32_asymmetric_uint8_linear_half_open_clip_x_spline_component,experiment_data\runs\20260102_201007_seed42_DoS_Hulk_w32-16_g5_k3\lut_sweeps_v2\seed1_L32_asymmetric_uint8_linear_half_open_clip_x_spline_component\eval\bs1_tt1_tn1\lut_report_unified.json,22.283,
OK,seed1_L32_asymmetric_uint8_linear_half_open_zero_spline_spline_component,1,32,asymmetric,uint8,linear,half_open,zero_spline,spline_component,train,4096,experiment_data\runs\20260102_201007_seed42_DoS_Hulk_w32-16_g5_k3\lut_sweeps_v2\seed1_L32_asymmetric_uint8_linear_half_open_zero_spline_spline_component,experiment_data\runs\20260102_201007_seed42_DoS_Hulk_w32-16_g5_k3\lut_sweeps_v2\seed1_L32_asymmetric_uint8_linear_half_open_zero_spline_spline_component\eval\bs1_tt1_tn1\lut_report_unified.json,26.372,
OK,seed1_L64_symmetric_int8_linear_closed_clip_x_spline_component,1,64,symmetric,int8,linear,closed,clip_x,spline_component,train,4096,experiment_data\runs\20260102_201007_seed42_DoS_Hulk_w32-16_g5_k3\lut_sweeps_v2\seed1_L64_symmetric_int8_linear_closed_clip_x_spline_component,experiment_data\runs\20260102_201007_seed42_DoS_Hulk_w32-16_g5_k3\lut_sweeps_v2\seed1_L64_symmetric_int8_linear_closed_clip_x_spline_component\eval\bs1_tt1_tn1\lut_report_unified.json,28.146,
OK,seed1_L64_symmetric_int8_linear_closed_zero_spline_spline_component,1,64,symmetric,int8,linear,closed,zero_spline,spline_component,train,4096,experiment_data\runs\20260102_201007_seed42_DoS_Hulk_w32-16_g5_k3\lut_sweeps_v2\seed1_L64_symmetric_int8_linear_closed_zero_spline_spline_component,experiment_data\runs\20260102_201007_seed42_DoS_Hulk_w32-16_g5_k3\lut_sweeps_v2\seed1_L64_symmetric_int8_linear_closed_zero_spline_spline_component\eval\bs1_tt1_tn1\lut_report_unified.json,27.260,
OK,seed1_L64_symmetric_int8_linear_half_open_clip_x_spline_component,1,64,symmetric,int8,linear,half_open,clip_x,spline_component,train,4096,experiment_data\runs\20260102_201007_seed42_DoS_Hulk_w32-16_g5_k3\lut_sweeps_v2\seed1_L64_symmetric_int8_linear_half_open_clip_x_spline_component,experiment_data\runs\20260102_201007_seed42_DoS_Hulk_w32-16_g5_k3\lut_sweeps_v2\seed1_L64_symmetric_int8_linear_half_open_clip_x_spline_component\eval\bs1_tt1_tn1\lut_report_unified.json,23.520,
OK,seed1_L64_symmetric_int8_linear_half_open_zero_spline_spline_component,1,64,symmetric,int8,linear,half_open,zero_spline,spline_component,train,4096,experiment_data\runs\20260102_201007_seed42_DoS_Hulk_w32-16_g5_k3\lut_sweeps_v2\seed1_L64_symmetric_int8_linear_half_open_zero_spline_spline_component,experiment_data\runs\20260102_201007_seed42_DoS_Hulk_w32-16_g5_k3\lut_sweeps_v2\seed1_L64_symmetric_int8_linear_half_open_zero_spline_spline_component\eval\bs1_tt1_tn1\lut_report_unified.json,22.326,
OK,seed1_L64_asymmetric_uint8_linear_closed_clip_x_spline_component,1,64,asymmetric,uint8,linear,closed,clip_x,spline_component,train,4096,experiment_data\runs\20260102_201007_seed42_DoS_Hulk_w32-16_g5_k3\lut_sweeps_v2\seed1_L64_asymmetric_uint8_linear_closed_clip_x_spline_component,experiment_data\runs\20260102_201007_seed42_DoS_Hulk_w32-16_g5_k3\lut_sweeps_v2\seed1_L64_asymmetric_uint8_linear_closed_clip_x_spline_component\eval\bs1_tt1_tn1\lut_report_unified.json,22.195,
OK,seed1_L64_asymmetric_uint8_linear_closed_zero_spline_spline_component,1,64,asymmetric,uint8,linear,closed,zero_spline,spline_component,train,4096,experiment_data\runs\20260102_201007_seed42_DoS_Hulk_w32-16_g5_k3\lut_sweeps_v2\seed1_L64_asymmetric_uint8_linear_closed_zero_spline_spline_component,experiment_data\runs\20260102_201007_seed42_DoS_Hulk_w32-16_g5_k3\lut_sweeps_v2\seed1_L64_asymmetric_uint8_linear_closed_zero_spline_spline_component\eval\bs1_tt1_tn1\lut_report_unified.json,24.532,
OK,seed1_L64_asymmetric_uint8_linear_half_open_clip_x_spline_component,1,64,asymmetric,uint8,linear,half_open,clip_x,spline_component,train,4096,experiment_data\runs\20260102_201007_seed42_DoS_Hulk_w32-16_g5_k3\lut_sweeps_v2\seed1_L64_asymmetric_uint8_linear_half_open_clip_x_spline_component,experiment_data\runs\20260102_201007_seed42_DoS_Hulk_w32-16_g5_k3\lut_sweeps_v2\seed1_L64_asymmetric_uint8_linear_half_open_clip_x_spline_component\eval\bs1_tt1_tn1\lut_report_unified.json,22.604,
OK,seed1_L64_asymmetric_uint8_linear_half_open_zero_spline_spline_component,1,64,asymmetric,uint8,linear,half_open,zero_spline,spline_component,train,4096,experiment_data\runs\20260102_201007_seed42_DoS_Hulk_w32-16_g5_k3\lut_sweeps_v2\seed1_L64_asymmetric_uint8_linear_half_open_zero_spline_spline_component,experiment_data\runs\20260102_201007_seed42_DoS_Hulk_w32-16_g5_k3\lut_sweeps_v2\seed1_L64_asymmetric_uint8_linear_half_open_zero_spline_spline_component\eval\bs1_tt1_tn1\lut_report_unified.json,23.600,
OK,seed1_L128_symmetric_int8_linear_closed_clip_x_spline_component,1,128,symmetric,int8,linear,closed,clip_x,spline_component,train,4096,experiment_data\runs\20260102_201007_seed42_DoS_Hulk_w32-16_g5_k3\lut_sweeps_v2\seed1_L128_symmetric_int8_linear_closed_clip_x_spline_component,experiment_data\runs\20260102_201007_seed42_DoS_Hulk_w32-16_g5_k3\lut_sweeps_v2\seed1_L128_symmetric_int8_linear_closed_clip_x_spline_component\eval\bs1_tt1_tn1\lut_report_unified.json,24.759,
OK,seed1_L128_symmetric_int8_linear_closed_zero_spline_spline_component,1,128,symmetric,int8,linear,closed,zero_spline,spline_component,train,4096,experiment_data\runs\20260102_201007_seed42_DoS_Hulk_w32-16_g5_k3\lut_sweeps_v2\seed1_L128_symmetric_int8_linear_closed_zero_spline_spline_component,experiment_data\runs\20260102_201007_seed42_DoS_Hulk_w32-16_g5_k3\lut_sweeps_v2\seed1_L128_symmetric_int8_linear_closed_zero_spline_spline_component\eval\bs1_tt1_tn1\lut_report_unified.json,24.172,
OK,seed1_L128_symmetric_int8_linear_half_open_clip_x_spline_component,1,128,symmetric,int8,linear,half_open,clip_x,spline_component,train,4096,experiment_data\runs\20260102_201007_seed42_DoS_Hulk_w32-16_g5_k3\lut_sweeps_v2\seed1_L128_symmetric_int8_linear_half_open_clip_x_spline_component,experiment_data\runs\20260102_201007_seed42_DoS_Hulk_w32-16_g5_k3\lut_sweeps_v2\seed1_L128_symmetric_int8_linear_half_open_clip_x_spline_component\eval\bs1_tt1_tn1\lut_report_unified.json,23.545,
OK,seed1_L128_symmetric_int8_linear_half_open_zero_spline_spline_component,1,128,symmetric,int8,linear,half_open,zero_spline,spline_component,train,4096,experiment_data\runs\20260102_201007_seed42_DoS_Hulk_w32-16_g5_k3\lut_sweeps_v2\seed1_L128_symmetric_int8_linear_half_open_zero_spline_spline_component,experiment_data\runs\20260102_201007_seed42_DoS_Hulk_w32-16_g5_k3\lut_sweeps_v2\seed1_L128_symmetric_int8_linear_half_open_zero_spline_spline_component\eval\bs1_tt1_tn1\lut_report_unified.json,24.165,
OK,seed1_L128_asymmetric_uint8_linear_closed_clip_x_spline_component,1,128,asymmetric,uint8,linear,closed,clip_x,spline_component,train,4096,experiment_data\runs\20260102_201007_seed42_DoS_Hulk_w32-16_g5_k3\lut_sweeps_v2\seed1_L128_asymmetric_uint8_linear_closed_clip_x_spline_component,experiment_data\runs\20260102_201007_seed42_DoS_Hulk_w32-16_g5_k3\lut_sweeps_v2\seed1_L128_asymmetric_uint8_linear_closed_clip_x_spline_component\eval\bs1_tt1_tn1\lut_report_unified.json,25.101,
OK,seed1_L128_asymmetric_uint8_linear_closed_zero_spline_spline_component,1,128,asymmetric,uint8,linear,closed,zero_spline,spline_component,train,4096,experiment_data\runs\20260102_201007_seed42_DoS_Hulk_w32-16_g5_k3\lut_sweeps_v2\seed1_L128_asymmetric_uint8_linear_closed_zero_spline_spline_component,experiment_data\runs\20260102_201007_seed42_DoS_Hulk_w32-16_g5_k3\lut_sweeps_v2\seed1_L128_asymmetric_uint8_linear_closed_zero_spline_spline_component\eval\bs1_tt1_tn1\lut_report_unified.json,25.847,
OK,seed1_L128_asymmetric_uint8_linear_half_open_clip_x_spline_component,1,128,asymmetric,uint8,linear,half_open,clip_x,spline_component,train,4096,experiment_data\runs\20260102_201007_seed42_DoS_Hulk_w32-16_g5_k3\lut_sweeps_v2\seed1_L128_asymmetric_uint8_linear_half_open_clip_x_spline_component,experiment_data\runs\20260102_201007_seed42_DoS_Hulk_w32-16_g5_k3\lut_sweeps_v2\seed1_L128_asymmetric_uint8_linear_half_open_clip_x_spline_component\eval\bs1_tt1_tn1\lut_report_unified.json,17.173,
OK,seed1_L128_asymmetric_uint8_linear_half_open_zero_spline_spline_component,1,128,asymmetric,uint8,linear,half_open,zero_spline,spline_component,train,4096,experiment_data\runs\20260102_201007_seed42_DoS_Hulk_w32-16_g5_k3\lut_sweeps_v2\seed1_L128_asymmetric_uint8_linear_half_open_zero_spline_spline_component,experiment_data\runs\20260102_201007_seed42_DoS_Hulk_w32-16_g5_k3\lut_sweeps_v2\seed1_L128_asymmetric_uint8_linear_half_open_zero_spline_spline_component\eval\bs1_tt1_tn1\lut_report_unified.json,17.219,
OK,seed1_L256_symmetric_int8_linear_closed_clip_x_spline_component,1,256,symmetric,int8,linear,closed,clip_x,spline_component,train,4096,experiment_data\runs\20260102_201007_seed42_DoS_Hulk_w32-16_g5_k3\lut_sweeps_v2\seed1_L256_symmetric_int8_linear_closed_clip_x_spline_component,experiment_data\runs\20260102_201007_seed42_DoS_Hulk_w32-16_g5_k3\lut_sweeps_v2\seed1_L256_symmetric_int8_linear_closed_clip_x_spline_component\eval\bs1_tt1_tn1\lut_report_unified.json,18.934,
OK,seed1_L256_symmetric_int8_linear_closed_zero_spline_spline_component,1,256,symmetric,int8,linear,closed,zero_spline,spline_component,train,4096,experiment_data\runs\20260102_201007_seed42_DoS_Hulk_w32-16_g5_k3\lut_sweeps_v2\seed1_L256_symmetric_int8_linear_closed_zero_spline_spline_component,experiment_data\runs\20260102_201007_seed42_DoS_Hulk_w32-16_g5_k3\lut_sweeps_v2\seed1_L256_symmetric_int8_linear_closed_zero_spline_spline_component\eval\bs1_tt1_tn1\lut_report_unified.json,18.980,
OK,seed1_L256_symmetric_int8_linear_half_open_clip_x_spline_component,1,256,symmetric,int8,linear,half_open,clip_x,spline_component,train,4096,experiment_data\runs\20260102_201007_seed42_DoS_Hulk_w32-16_g5_k3\lut_sweeps_v2\seed1_L256_symmetric_int8_linear_half_open_clip_x_spline_component,experiment_data\runs\20260102_201007_seed42_DoS_Hulk_w32-16_g5_k3\lut_sweeps_v2\seed1_L256_symmetric_int8_linear_half_open_clip_x_spline_component\eval\bs1_tt1_tn1\lut_report_unified.json,18.896,
OK,seed1_L256_symmetric_int8_linear_half_open_zero_spline_spline_component,1,256,symmetric,int8,linear,half_open,zero_spline,spline_component,train,4096,experiment_data\runs\20260102_201007_seed42_DoS_Hulk_w32-16_g5_k3\lut_sweeps_v2\seed1_L256_symmetric_int8_linear_half_open_zero_spline_spline_component,experiment_data\runs\20260102_201007_seed42_DoS_Hulk_w32-16_g5_k3\lut_sweeps_v2\seed1_L256_symmetric_int8_linear_half_open_zero_spline_spline_component\eval\bs1_tt1_tn1\lut_report_unified.json,18.881,
OK,seed1_L256_asymmetric_uint8_linear_closed_clip_x_spline_component,1,256,asymmetric,uint8,linear,closed,clip_x,spline_component,train,4096,experiment_data\runs\20260102_201007_seed42_DoS_Hulk_w32-16_g5_k3\lut_sweeps_v2\seed1_L256_asymmetric_uint8_linear_closed_clip_x_spline_component,experiment_data\runs\20260102_201007_seed42_DoS_Hulk_w32-16_g5_k3\lut_sweeps_v2\seed1_L256_asymmetric_uint8_linear_closed_clip_x_spline_component\eval\bs1_tt1_tn1\lut_report_unified.json,18.931,
OK,seed1_L256_asymmetric_uint8_linear_closed_zero_spline_spline_component,1,256,asymmetric,uint8,linear,closed,zero_spline,spline_component,train,4096,experiment_data\runs\20260102_201007_seed42_DoS_Hulk_w32-16_g5_k3\lut_sweeps_v2\seed1_L256_asymmetric_uint8_linear_closed_zero_spline_spline_component,experiment_data\runs\20260102_201007_seed42_DoS_Hulk_w32-16_g5_k3\lut_sweeps_v2\seed1_L256_asymmetric_uint8_linear_closed_zero_spline_spline_component\eval\bs1_tt1_tn1\lut_report_unified.json,19.013,
OK,seed1_L256_asymmetric_uint8_linear_half_open_clip_x_spline_component,1,256,asymmetric,uint8,linear,half_open,clip_x,spline_component,train,4096,experiment_data\runs\20260102_201007_seed42_DoS_Hulk_w32-16_g5_k3\lut_sweeps_v2\seed1_L256_asymmetric_uint8_linear_half_open_clip_x_spline_component,experiment_data\runs\20260102_201007_seed42_DoS_Hulk_w32-16_g5_k3\lut_sweeps_v2\seed1_L256_asymmetric_uint8_linear_half_open_clip_x_spline_component\eval\bs1_tt1_tn1\lut_report_unified.json,18.922,
OK,seed1_L256_asymmetric_uint8_linear_half_open_zero_spline_spline_component,1,256,asymmetric,uint8,linear,half_open,zero_spline,spline_component,train,4096,experiment_data\runs\20260102_201007_seed42_DoS_Hulk_w32-16_g5_k3\lut_sweeps_v2\seed1_L256_asymmetric_uint8_linear_half_open_zero_spline_spline_component,experiment_data\runs\20260102_201007_seed42_DoS_Hulk_w32-16_g5_k3\lut_sweeps_v2\seed1_L256_asymmetric_uint8_linear_half_open_zero_spline_spline_component\eval\bs1_tt1_tn1\lut_report_unified.json,18.998,
OK,seed2_L2_symmetric_int8_linear_closed_clip_x_spline_component,2,2,symmetric,int8,linear,closed,clip_x,spline_component,train,4096,experiment_data\runs\20260102_201007_seed42_DoS_Hulk_w32-16_g5_k3\lut_sweeps_v2\seed2_L2_symmetric_int8_linear_closed_clip_x_spline_component,experiment_data\runs\20260102_201007_seed42_DoS_Hulk_w32-16_g5_k3\lut_sweeps_v2\seed2_L2_symmetric_int8_linear_closed_clip_x_spline_component\eval\bs1_tt1_tn1\lut_report_unified.json,15.436,
OK,seed2_L2_symmetric_int8_linear_closed_zero_spline_spline_component,2,2,symmetric,int8,linear,closed,zero_spline,spline_component,train,4096,experiment_data\runs\20260102_201007_seed42_DoS_Hulk_w32-16_g5_k3\lut_sweeps_v2\seed2_L2_symmetric_int8_linear_closed_zero_spline_spline_component,experiment_data\runs\20260102_201007_seed42_DoS_Hulk_w32-16_g5_k3\lut_sweeps_v2\seed2_L2_symmetric_int8_linear_closed_zero_spline_spline_component\eval\bs1_tt1_tn1\lut_report_unified.json,15.553,
OK,seed2_L2_symmetric_int8_linear_half_open_clip_x_spline_component,2,2,symmetric,int8,linear,half_open,clip_x,spline_component,train,4096,experiment_data\runs\20260102_201007_seed42_DoS_Hulk_w32-16_g5_k3\lut_sweeps_v2\seed2_L2_symmetric_int8_linear_half_open_clip_x_spline_component,experiment_data\runs\20260102_201007_seed42_DoS_Hulk_w32-16_g5_k3\lut_sweeps_v2\seed2_L2_symmetric_int8_linear_half_open_clip_x_spline_component\eval\bs1_tt1_tn1\lut_report_unified.json,15.380,
OK,seed2_L2_symmetric_int8_linear_half_open_zero_spline_spline_component,2,2,symmetric,int8,linear,half_open,zero_spline,spline_component,train,4096,experiment_data\runs\20260102_201007_seed42_DoS_Hulk_w32-16_g5_k3\lut_sweeps_v2\seed2_L2_symmetric_int8_linear_half_open_zero_spline_spline_component,experiment_data\runs\20260102_201007_seed42_DoS_Hulk_w32-16_g5_k3\lut_sweeps_v2\seed2_L2_symmetric_int8_linear_half_open_zero_spline_spline_component\eval\bs1_tt1_tn1\lut_report_unified.json,15.510,
OK,seed2_L2_asymmetric_uint8_linear_closed_clip_x_spline_component,2,2,asymmetric,uint8,linear,closed,clip_x,spline_component,train,4096,experiment_data\runs\20260102_201007_seed42_DoS_Hulk_w32-16_g5_k3\lut_sweeps_v2\seed2_L2_asymmetric_uint8_linear_closed_clip_x_spline_component,experiment_data\runs\20260102_201007_seed42_DoS_Hulk_w32-16_g5_k3\lut_sweeps_v2\seed2_L2_asymmetric_uint8_linear_closed_clip_x_spline_component\eval\bs1_tt1_tn1\lut_report_unified.json,15.460,
OK,seed2_L2_asymmetric_uint8_linear_closed_zero_spline_spline_component,2,2,asymmetric,uint8,linear,closed,zero_spline,spline_component,train,4096,experiment_data\runs\20260102_201007_seed42_DoS_Hulk_w32-16_g5_k3\lut_sweeps_v2\seed2_L2_asymmetric_uint8_linear_closed_zero_spline_spline_component,experiment_data\runs\20260102_201007_seed42_DoS_Hulk_w32-16_g5_k3\lut_sweeps_v2\seed2_L2_asymmetric_uint8_linear_closed_zero_spline_spline_component\eval\bs1_tt1_tn1\lut_report_unified.json,15.562,
OK,seed2_L2_asymmetric_uint8_linear_half_open_clip_x_spline_component,2,2,asymmetric,uint8,linear,half_open,clip_x,spline_component,train,4096,experiment_data\runs\20260102_201007_seed42_DoS_Hulk_w32-16_g5_k3\lut_sweeps_v2\seed2_L2_asymmetric_uint8_linear_half_open_clip_x_spline_component,experiment_data\runs\20260102_201007_seed42_DoS_Hulk_w32-16_g5_k3\lut_sweeps_v2\seed2_L2_asymmetric_uint8_linear_half_open_clip_x_spline_component\eval\bs1_tt1_tn1\lut_report_unified.json,15.554,
OK,seed2_L2_asymmetric_uint8_linear_half_open_zero_spline_spline_component,2,2,asymmetric,uint8,linear,half_open,zero_spline,spline_component,train,4096,experiment_data\runs\20260102_201007_seed42_DoS_Hulk_w32-16_g5_k3\lut_sweeps_v2\seed2_L2_asymmetric_uint8_linear_half_open_zero_spline_spline_component,experiment_data\runs\20260102_201007_seed42_DoS_Hulk_w32-16_g5_k3\lut_sweeps_v2\seed2_L2_asymmetric_uint8_linear_half_open_zero_spline_spline_component\eval\bs1_tt1_tn1\lut_report_unified.json,15.418,
OK,seed2_L4_symmetric_int8_linear_closed_clip_x_spline_component,2,4,symmetric,int8,linear,closed,clip_x,spline_component,train,4096,experiment_data\runs\20260102_201007_seed42_DoS_Hulk_w32-16_g5_k3\lut_sweeps_v2\seed2_L4_symmetric_int8_linear_closed_clip_x_spline_component,experiment_data\runs\20260102_201007_seed42_DoS_Hulk_w32-16_g5_k3\lut_sweeps_v2\seed2_L4_symmetric_int8_linear_closed_clip_x_spline_component\eval\bs1_tt1_tn1\lut_report_unified.json,15.546,
OK,seed2_L4_symmetric_int8_linear_closed_zero_spline_spline_component,2,4,symmetric,int8,linear,closed,zero_spline,spline_component,train,4096,experiment_data\runs\20260102_201007_seed42_DoS_Hulk_w32-16_g5_k3\lut_sweeps_v2\seed2_L4_symmetric_int8_linear_closed_zero_spline_spline_component,experiment_data\runs\20260102_201007_seed42_DoS_Hulk_w32-16_g5_k3\lut_sweeps_v2\seed2_L4_symmetric_int8_linear_closed_zero_spline_spline_component\eval\bs1_tt1_tn1\lut_report_unified.json,15.421,
OK,seed2_L4_symmetric_int8_linear_half_open_clip_x_spline_component,2,4,symmetric,int8,linear,half_open,clip_x,spline_component,train,4096,experiment_data\runs\20260102_201007_seed42_DoS_Hulk_w32-16_g5_k3\lut_sweeps_v2\seed2_L4_symmetric_int8_linear_half_open_clip_x_spline_component,experiment_data\runs\20260102_201007_seed42_DoS_Hulk_w32-16_g5_k3\lut_sweeps_v2\seed2_L4_symmetric_int8_linear_half_open_clip_x_spline_component\eval\bs1_tt1_tn1\lut_report_unified.json,15.457,
OK,seed2_L4_symmetric_int8_linear_half_open_zero_spline_spline_component,2,4,symmetric,int8,linear,half_open,zero_spline,spline_component,train,4096,experiment_data\runs\20260102_201007_seed42_DoS_Hulk_w32-16_g5_k3\lut_sweeps_v2\seed2_L4_symmetric_int8_linear_half_open_zero_spline_spline_component,experiment_data\runs\20260102_201007_seed42_DoS_Hulk_w32-16_g5_k3\lut_sweeps_v2\seed2_L4_symmetric_int8_linear_half_open_zero_spline_spline_component\eval\bs1_tt1_tn1\lut_report_unified.json,15.495,
OK,seed2_L4_asymmetric_uint8_linear_closed_clip_x_spline_component,2,4,asymmetric,uint8,linear,closed,clip_x,spline_component,train,4096,experiment_data\runs\20260102_201007_seed42_DoS_Hulk_w32-16_g5_k3\lut_sweeps_v2\seed2_L4_asymmetric_uint8_linear_closed_clip_x_spline_component,experiment_data\runs\20260102_201007_seed42_DoS_Hulk_w32-16_g5_k3\lut_sweeps_v2\seed2_L4_asymmetric_uint8_linear_closed_clip_x_spline_component\eval\bs1_tt1_tn1\lut_report_unified.json,15.540,
OK,seed2_L4_asymmetric_uint8_linear_closed_zero_spline_spline_component,2,4,asymmetric,uint8,linear,closed,zero_spline,spline_component,train,4096,experiment_data\runs\20260102_201007_seed42_DoS_Hulk_w32-16_g5_k3\lut_sweeps_v2\seed2_L4_asymmetric_uint8_linear_closed_zero_spline_spline_component,experiment_data\runs\20260102_201007_seed42_DoS_Hulk_w32-16_g5_k3\lut_sweeps_v2\seed2_L4_asymmetric_uint8_linear_closed_zero_spline_spline_component\eval\bs1_tt1_tn1\lut_report_unified.json,15.476,
OK,seed2_L4_asymmetric_uint8_linear_half_open_clip_x_spline_component,2,4,asymmetric,uint8,linear,half_open,clip_x,spline_component,train,4096,experiment_data\runs\20260102_201007_seed42_DoS_Hulk_w32-16_g5_k3\lut_sweeps_v2\seed2_L4_asymmetric_uint8_linear_half_open_clip_x_spline_component,experiment_data\runs\20260102_201007_seed42_DoS_Hulk_w32-16_g5_k3\lut_sweeps_v2\seed2_L4_asymmetric_uint8_linear_half_open_clip_x_spline_component\eval\bs1_tt1_tn1\lut_report_unified.json,15.544,
OK,seed2_L4_asymmetric_uint8_linear_half_open_zero_spline_spline_component,2,4,asymmetric,uint8,linear,half_open,zero_spline,spline_component,train,4096,experiment_data\runs\20260102_201007_seed42_DoS_Hulk_w32-16_g5_k3\lut_sweeps_v2\seed2_L4_asymmetric_uint8_linear_half_open_zero_spline_spline_component,experiment_data\runs\20260102_201007_seed42_DoS_Hulk_w32-16_g5_k3\lut_sweeps_v2\seed2_L4_asymmetric_uint8_linear_half_open_zero_spline_spline_component\eval\bs1_tt1_tn1\lut_report_unified.json,15.533,
OK,seed2_L8_symmetric_int8_linear_closed_clip_x_spline_component,2,8,symmetric,int8,linear,closed,clip_x,spline_component,train,4096,experiment_data\runs\20260102_201007_seed42_DoS_Hulk_w32-16_g5_k3\lut_sweeps_v2\seed2_L8_symmetric_int8_linear_closed_clip_x_spline_component,experiment_data\runs\20260102_201007_seed42_DoS_Hulk_w32-16_g5_k3\lut_sweeps_v2\seed2_L8_symmetric_int8_linear_closed_clip_x_spline_component\eval\bs1_tt1_tn1\lut_report_unified.json,15.629,
OK,seed2_L8_symmetric_int8_linear_closed_zero_spline_spline_component,2,8,symmetric,int8,linear,closed,zero_spline,spline_component,train,4096,experiment_data\runs\20260102_201007_seed42_DoS_Hulk_w32-16_g5_k3\lut_sweeps_v2\seed2_L8_symmetric_int8_linear_closed_zero_spline_spline_component,experiment_data\runs\20260102_201007_seed42_DoS_Hulk_w32-16_g5_k3\lut_sweeps_v2\seed2_L8_symmetric_int8_linear_closed_zero_spline_spline_component\eval\bs1_tt1_tn1\lut_report_unified.json,15.653,
OK,seed2_L8_symmetric_int8_linear_half_open_clip_x_spline_component,2,8,symmetric,int8,linear,half_open,clip_x,spline_component,train,4096,experiment_data\runs\20260102_201007_seed42_DoS_Hulk_w32-16_g5_k3\lut_sweeps_v2\seed2_L8_symmetric_int8_linear_half_open_clip_x_spline_component,experiment_data\runs\20260102_201007_seed42_DoS_Hulk_w32-16_g5_k3\lut_sweeps_v2\seed2_L8_symmetric_int8_linear_half_open_clip_x_spline_component\eval\bs1_tt1_tn1\lut_report_unified.json,15.490,
OK,seed2_L8_symmetric_int8_linear_half_open_zero_spline_spline_component,2,8,symmetric,int8,linear,half_open,zero_spline,spline_component,train,4096,experiment_data\runs\20260102_201007_seed42_DoS_Hulk_w32-16_g5_k3\lut_sweeps_v2\seed2_L8_symmetric_int8_linear_half_open_zero_spline_spline_component,experiment_data\runs\20260102_201007_seed42_DoS_Hulk_w32-16_g5_k3\lut_sweeps_v2\seed2_L8_symmetric_int8_linear_half_open_zero_spline_spline_component\eval\bs1_tt1_tn1\lut_report_unified.json,15.720,
OK,seed2_L8_asymmetric_uint8_linear_closed_clip_x_spline_component,2,8,asymmetric,uint8,linear,closed,clip_x,spline_component,train,4096,experiment_data\runs\20260102_201007_seed42_DoS_Hulk_w32-16_g5_k3\lut_sweeps_v2\seed2_L8_asymmetric_uint8_linear_closed_clip_x_spline_component,experiment_data\runs\20260102_201007_seed42_DoS_Hulk_w32-16_g5_k3\lut_sweeps_v2\seed2_L8_asymmetric_uint8_linear_closed_clip_x_spline_component\eval\bs1_tt1_tn1\lut_report_unified.json,15.507,
OK,seed2_L8_asymmetric_uint8_linear_closed_zero_spline_spline_component,2,8,asymmetric,uint8,linear,closed,zero_spline,spline_component,train,4096,experiment_data\runs\20260102_201007_seed42_DoS_Hulk_w32-16_g5_k3\lut_sweeps_v2\seed2_L8_asymmetric_uint8_linear_closed_zero_spline_spline_component,experiment_data\runs\20260102_201007_seed42_DoS_Hulk_w32-16_g5_k3\lut_sweeps_v2\seed2_L8_asymmetric_uint8_linear_closed_zero_spline_spline_component\eval\bs1_tt1_tn1\lut_report_unified.json,15.542,
OK,seed2_L8_asymmetric_uint8_linear_half_open_clip_x_spline_component,2,8,asymmetric,uint8,linear,half_open,clip_x,spline_component,train,4096,experiment_data\runs\20260102_201007_seed42_DoS_Hulk_w32-16_g5_k3\lut_sweeps_v2\seed2_L8_asymmetric_uint8_linear_half_open_clip_x_spline_component,experiment_data\runs\20260102_201007_seed42_DoS_Hulk_w32-16_g5_k3\lut_sweeps_v2\seed2_L8_asymmetric_uint8_linear_half_open_clip_x_spline_component\eval\bs1_tt1_tn1\lut_report_unified.json,15.754,
OK,seed2_L8_asymmetric_uint8_linear_half_open_zero_spline_spline_component,2,8,asymmetric,uint8,linear,half_open,zero_spline,spline_component,train,4096,experiment_data\runs\20260102_201007_seed42_DoS_Hulk_w32-16_g5_k3\lut_sweeps_v2\seed2_L8_asymmetric_uint8_linear_half_open_zero_spline_spline_component,experiment_data\runs\20260102_201007_seed42_DoS_Hulk_w32-16_g5_k3\lut_sweeps_v2\seed2_L8_asymmetric_uint8_linear_half_open_zero_spline_spline_component\eval\bs1_tt1_tn1\lut_report_unified.json,15.447,
OK,seed2_L16_symmetric_int8_linear_closed_clip_x_spline_component,2,16,symmetric,int8,linear,closed,clip_x,spline_component,train,4096,experiment_data\runs\20260102_201007_seed42_DoS_Hulk_w32-16_g5_k3\lut_sweeps_v2\seed2_L16_symmetric_int8_linear_closed_clip_x_spline_component,experiment_data\runs\20260102_201007_seed42_DoS_Hulk_w32-16_g5_k3\lut_sweeps_v2\seed2_L16_symmetric_int8_linear_closed_clip_x_spline_component\eval\bs1_tt1_tn1\lut_report_unified.json,15.664,
OK,seed2_L16_symmetric_int8_linear_closed_zero_spline_spline_component,2,16,symmetric,int8,linear,closed,zero_spline,spline_component,train,4096,experiment_data\runs\20260102_201007_seed42_DoS_Hulk_w32-16_g5_k3\lut_sweeps_v2\seed2_L16_symmetric_int8_linear_closed_zero_spline_spline_component,experiment_data\runs\20260102_201007_seed42_DoS_Hulk_w32-16_g5_k3\lut_sweeps_v2\seed2_L16_symmetric_int8_linear_closed_zero_spline_spline_component\eval\bs1_tt1_tn1\lut_report_unified.json,15.630,
OK,seed2_L16_symmetric_int8_linear_half_open_clip_x_spline_component,2,16,symmetric,int8,linear,half_open,clip_x,spline_component,train,4096,experiment_data\runs\20260102_201007_seed42_DoS_Hulk_w32-16_g5_k3\lut_sweeps_v2\seed2_L16_symmetric_int8_linear_half_open_clip_x_spline_component,experiment_data\runs\20260102_201007_seed42_DoS_Hulk_w32-16_g5_k3\lut_sweeps_v2\seed2_L16_symmetric_int8_linear_half_open_clip_x_spline_component\eval\bs1_tt1_tn1\lut_report_unified.json,15.653,
OK,seed2_L16_symmetric_int8_linear_half_open_zero_spline_spline_component,2,16,symmetric,int8,linear,half_open,zero_spline,spline_component,train,4096,experiment_data\runs\20260102_201007_seed42_DoS_Hulk_w32-16_g5_k3\lut_sweeps_v2\seed2_L16_symmetric_int8_linear_half_open_zero_spline_spline_component,experiment_data\runs\20260102_201007_seed42_DoS_Hulk_w32-16_g5_k3\lut_sweeps_v2\seed2_L16_symmetric_int8_linear_half_open_zero_spline_spline_component\eval\bs1_tt1_tn1\lut_report_unified.json,15.636,
OK,seed2_L16_asymmetric_uint8_linear_closed_clip_x_spline_component,2,16,asymmetric,uint8,linear,closed,clip_x,spline_component,train,4096,experiment_data\runs\20260102_201007_seed42_DoS_Hulk_w32-16_g5_k3\lut_sweeps_v2\seed2_L16_asymmetric_uint8_linear_closed_clip_x_spline_component,experiment_data\runs\20260102_201007_seed42_DoS_Hulk_w32-16_g5_k3\lut_sweeps_v2\seed2_L16_asymmetric_uint8_linear_closed_clip_x_spline_component\eval\bs1_tt1_tn1\lut_report_unified.json,15.796,
OK,seed2_L16_asymmetric_uint8_linear_closed_zero_spline_spline_component,2,16,asymmetric,uint8,linear,closed,zero_spline,spline_component,train,4096,experiment_data\runs\20260102_201007_seed42_DoS_Hulk_w32-16_g5_k3\lut_sweeps_v2\seed2_L16_asymmetric_uint8_linear_closed_zero_spline_spline_component,experiment_data\runs\20260102_201007_seed42_DoS_Hulk_w32-16_g5_k3\lut_sweeps_v2\seed2_L16_asymmetric_uint8_linear_closed_zero_spline_spline_component\eval\bs1_tt1_tn1\lut_report_unified.json,15.656,
OK,seed2_L16_asymmetric_uint8_linear_half_open_clip_x_spline_component,2,16,asymmetric,uint8,linear,half_open,clip_x,spline_component,train,4096,experiment_data\runs\20260102_201007_seed42_DoS_Hulk_w32-16_g5_k3\lut_sweeps_v2\seed2_L16_asymmetric_uint8_linear_half_open_clip_x_spline_component,experiment_data\runs\20260102_201007_seed42_DoS_Hulk_w32-16_g5_k3\lut_sweeps_v2\seed2_L16_asymmetric_uint8_linear_half_open_clip_x_spline_component\eval\bs1_tt1_tn1\lut_report_unified.json,15.564,
OK,seed2_L16_asymmetric_uint8_linear_half_open_zero_spline_spline_component,2,16,asymmetric,uint8,linear,half_open,zero_spline,spline_component,train,4096,experiment_data\runs\20260102_201007_seed42_DoS_Hulk_w32-16_g5_k3\lut_sweeps_v2\seed2_L16_asymmetric_uint8_linear_half_open_zero_spline_spline_component,experiment_data\runs\20260102_201007_seed42_DoS_Hulk_w32-16_g5_k3\lut_sweeps_v2\seed2_L16_asymmetric_uint8_linear_half_open_zero_spline_spline_component\eval\bs1_tt1_tn1\lut_report_unified.json,15.581,
OK,seed2_L32_symmetric_int8_linear_closed_clip_x_spline_component,2,32,symmetric,int8,linear,closed,clip_x,spline_component,train,4096,experiment_data\runs\20260102_201007_seed42_DoS_Hulk_w32-16_g5_k3\lut_sweeps_v2\seed2_L32_symmetric_int8_linear_closed_clip_x_spline_component,experiment_data\runs\20260102_201007_seed42_DoS_Hulk_w32-16_g5_k3\lut_sweeps_v2\seed2_L32_symmetric_int8_linear_closed_clip_x_spline_component\eval\bs1_tt1_tn1\lut_report_unified.json,16.002,
OK,seed2_L32_symmetric_int8_linear_closed_zero_spline_spline_component,2,32,symmetric,int8,linear,closed,zero_spline,spline_component,train,4096,experiment_data\runs\20260102_201007_seed42_DoS_Hulk_w32-16_g5_k3\lut_sweeps_v2\seed2_L32_symmetric_int8_linear_closed_zero_spline_spline_component,experiment_data\runs\20260102_201007_seed42_DoS_Hulk_w32-16_g5_k3\lut_sweeps_v2\seed2_L32_symmetric_int8_linear_closed_zero_spline_spline_component\eval\bs1_tt1_tn1\lut_report_unified.json,16.027,
OK,seed2_L32_symmetric_int8_linear_half_open_clip_x_spline_component,2,32,symmetric,int8,linear,half_open,clip_x,spline_component,train,4096,experiment_data\runs\20260102_201007_seed42_DoS_Hulk_w32-16_g5_k3\lut_sweeps_v2\seed2_L32_symmetric_int8_linear_half_open_clip_x_spline_component,experiment_data\runs\20260102_201007_seed42_DoS_Hulk_w32-16_g5_k3\lut_sweeps_v2\seed2_L32_symmetric_int8_linear_half_open_clip_x_spline_component\eval\bs1_tt1_tn1\lut_report_unified.json,16.062,
OK,seed2_L32_symmetric_int8_linear_half_open_zero_spline_spline_component,2,32,symmetric,int8,linear,half_open,zero_spline,spline_component,train,4096,experiment_data\runs\20260102_201007_seed42_DoS_Hulk_w32-16_g5_k3\lut_sweeps_v2\seed2_L32_symmetric_int8_linear_half_open_zero_spline_spline_component,experiment_data\runs\20260102_201007_seed42_DoS_Hulk_w32-16_g5_k3\lut_sweeps_v2\seed2_L32_symmetric_int8_linear_half_open_zero_spline_spline_component\eval\bs1_tt1_tn1\lut_report_unified.json,15.887,
OK,seed2_L32_asymmetric_uint8_linear_closed_clip_x_spline_component,2,32,asymmetric,uint8,linear,closed,clip_x,spline_component,train,4096,experiment_data\runs\20260102_201007_seed42_DoS_Hulk_w32-16_g5_k3\lut_sweeps_v2\seed2_L32_asymmetric_uint8_linear_closed_clip_x_spline_component,experiment_data\runs\20260102_201007_seed42_DoS_Hulk_w32-16_g5_k3\lut_sweeps_v2\seed2_L32_asymmetric_uint8_linear_closed_clip_x_spline_component\eval\bs1_tt1_tn1\lut_report_unified.json,15.914,
OK,seed2_L32_asymmetric_uint8_linear_closed_zero_spline_spline_component,2,32,asymmetric,uint8,linear,closed,zero_spline,spline_component,train,4096,experiment_data\runs\20260102_201007_seed42_DoS_Hulk_w32-16_g5_k3\lut_sweeps_v2\seed2_L32_asymmetric_uint8_linear_closed_zero_spline_spline_component,experiment_data\runs\20260102_201007_seed42_DoS_Hulk_w32-16_g5_k3\lut_sweeps_v2\seed2_L32_asymmetric_uint8_linear_closed_zero_spline_spline_component\eval\bs1_tt1_tn1\lut_report_unified.json,15.857,
OK,seed2_L32_asymmetric_uint8_linear_half_open_clip_x_spline_component,2,32,asymmetric,uint8,linear,half_open,clip_x,spline_component,train,4096,experiment_data\runs\20260102_201007_seed42_DoS_Hulk_w32-16_g5_k3\lut_sweeps_v2\seed2_L32_asymmetric_uint8_linear_half_open_clip_x_spline_component,experiment_data\runs\20260102_201007_seed42_DoS_Hulk_w32-16_g5_k3\lut_sweeps_v2\seed2_L32_asymmetric_uint8_linear_half_open_clip_x_spline_component\eval\bs1_tt1_tn1\lut_report_unified.json,15.924,
OK,seed2_L32_asymmetric_uint8_linear_half_open_zero_spline_spline_component,2,32,asymmetric,uint8,linear,half_open,zero_spline,spline_component,train,4096,experiment_data\runs\20260102_201007_seed42_DoS_Hulk_w32-16_g5_k3\lut_sweeps_v2\seed2_L32_asymmetric_uint8_linear_half_open_zero_spline_spline_component,experiment_data\runs\20260102_201007_seed42_DoS_Hulk_w32-16_g5_k3\lut_sweeps_v2\seed2_L32_asymmetric_uint8_linear_half_open_zero_spline_spline_component\eval\bs1_tt1_tn1\lut_report_unified.json,15.925,
OK,seed2_L64_symmetric_int8_linear_closed_clip_x_spline_component,2,64,symmetric,int8,linear,closed,clip_x,spline_component,train,4096,experiment_data\runs\20260102_201007_seed42_DoS_Hulk_w32-16_g5_k3\lut_sweeps_v2\seed2_L64_symmetric_int8_linear_closed_clip_x_spline_component,experiment_data\runs\20260102_201007_seed42_DoS_Hulk_w32-16_g5_k3\lut_sweeps_v2\seed2_L64_symmetric_int8_linear_closed_clip_x_spline_component\eval\bs1_tt1_tn1\lut_report_unified.json,16.320,
OK,seed2_L64_symmetric_int8_linear_closed_zero_spline_spline_component,2,64,symmetric,int8,linear,closed,zero_spline,spline_component,train,4096,experiment_data\runs\20260102_201007_seed42_DoS_Hulk_w32-16_g5_k3\lut_sweeps_v2\seed2_L64_symmetric_int8_linear_closed_zero_spline_spline_component,experiment_data\runs\20260102_201007_seed42_DoS_Hulk_w32-16_g5_k3\lut_sweeps_v2\seed2_L64_symmetric_int8_linear_closed_zero_spline_spline_component\eval\bs1_tt1_tn1\lut_report_unified.json,16.284,
OK,seed2_L64_symmetric_int8_linear_half_open_clip_x_spline_component,2,64,symmetric,int8,linear,half_open,clip_x,spline_component,train,4096,experiment_data\runs\20260102_201007_seed42_DoS_Hulk_w32-16_g5_k3\lut_sweeps_v2\seed2_L64_symmetric_int8_linear_half_open_clip_x_spline_component,experiment_data\runs\20260102_201007_seed42_DoS_Hulk_w32-16_g5_k3\lut_sweeps_v2\seed2_L64_symmetric_int8_linear_half_open_clip_x_spline_component\eval\bs1_tt1_tn1\lut_report_unified.json,16.246,
OK,seed2_L64_symmetric_int8_linear_half_open_zero_spline_spline_component,2,64,symmetric,int8,linear,half_open,zero_spline,spline_component,train,4096,experiment_data\runs\20260102_201007_seed42_DoS_Hulk_w32-16_g5_k3\lut_sweeps_v2\seed2_L64_symmetric_int8_linear_half_open_zero_spline_spline_component,experiment_data\runs\20260102_201007_seed42_DoS_Hulk_w32-16_g5_k3\lut_sweeps_v2\seed2_L64_symmetric_int8_linear_half_open_zero_spline_spline_component\eval\bs1_tt1_tn1\lut_report_unified.json,16.211,
OK,seed2_L64_asymmetric_uint8_linear_closed_clip_x_spline_component,2,64,asymmetric,uint8,linear,closed,clip_x,spline_component,train,4096,experiment_data\runs\20260102_201007_seed42_DoS_Hulk_w32-16_g5_k3\lut_sweeps_v2\seed2_L64_asymmetric_uint8_linear_closed_clip_x_spline_component,experiment_data\runs\20260102_201007_seed42_DoS_Hulk_w32-16_g5_k3\lut_sweeps_v2\seed2_L64_asymmetric_uint8_linear_closed_clip_x_spline_component\eval\bs1_tt1_tn1\lut_report_unified.json,16.136,
OK,seed2_L64_asymmetric_uint8_linear_closed_zero_spline_spline_component,2,64,asymmetric,uint8,linear,closed,zero_spline,spline_component,train,4096,experiment_data\runs\20260102_201007_seed42_DoS_Hulk_w32-16_g5_k3\lut_sweeps_v2\seed2_L64_asymmetric_uint8_linear_closed_zero_spline_spline_component,experiment_data\runs\20260102_201007_seed42_DoS_Hulk_w32-16_g5_k3\lut_sweeps_v2\seed2_L64_asymmetric_uint8_linear_closed_zero_spline_spline_component\eval\bs1_tt1_tn1\lut_report_unified.json,16.302,
OK,seed2_L64_asymmetric_uint8_linear_half_open_clip_x_spline_component,2,64,asymmetric,uint8,linear,half_open,clip_x,spline_component,train,4096,experiment_data\runs\20260102_201007_seed42_DoS_Hulk_w32-16_g5_k3\lut_sweeps_v2\seed2_L64_asymmetric_uint8_linear_half_open_clip_x_spline_component,experiment_data\runs\20260102_201007_seed42_DoS_Hulk_w32-16_g5_k3\lut_sweeps_v2\seed2_L64_asymmetric_uint8_linear_half_open_clip_x_spline_component\eval\bs1_tt1_tn1\lut_report_unified.json,16.354,
OK,seed2_L64_asymmetric_uint8_linear_half_open_zero_spline_spline_component,2,64,asymmetric,uint8,linear,half_open,zero_spline,spline_component,train,4096,experiment_data\runs\20260102_201007_seed42_DoS_Hulk_w32-16_g5_k3\lut_sweeps_v2\seed2_L64_asymmetric_uint8_linear_half_open_zero_spline_spline_component,experiment_data\runs\20260102_201007_seed42_DoS_Hulk_w32-16_g5_k3\lut_sweeps_v2\seed2_L64_asymmetric_uint8_linear_half_open_zero_spline_spline_component\eval\bs1_tt1_tn1\lut_report_unified.json,16.355,
OK,seed2_L128_symmetric_int8_linear_closed_clip_x_spline_component,2,128,symmetric,int8,linear,closed,clip_x,spline_component,train,4096,experiment_data\runs\20260102_201007_seed42_DoS_Hulk_w32-16_g5_k3\lut_sweeps_v2\seed2_L128_symmetric_int8_linear_closed_clip_x_spline_component,experiment_data\runs\20260102_201007_seed42_DoS_Hulk_w32-16_g5_k3\lut_sweeps_v2\seed2_L128_symmetric_int8_linear_closed_clip_x_spline_component\eval\bs1_tt1_tn1\lut_report_unified.json,17.027,
OK,seed2_L128_symmetric_int8_linear_closed_zero_spline_spline_component,2,128,symmetric,int8,linear,closed,zero_spline,spline_component,train,4096,experiment_data\runs\20260102_201007_seed42_DoS_Hulk_w32-16_g5_k3\lut_sweeps_v2\seed2_L128_symmetric_int8_linear_closed_zero_spline_spline_component,experiment_data\runs\20260102_201007_seed42_DoS_Hulk_w32-16_g5_k3\lut_sweeps_v2\seed2_L128_symmetric_int8_linear_closed_zero_spline_spline_component\eval\bs1_tt1_tn1\lut_report_unified.json,17.113,
OK,seed2_L128_symmetric_int8_linear_half_open_clip_x_spline_component,2,128,symmetric,int8,linear,half_open,clip_x,spline_component,train,4096,experiment_data\runs\20260102_201007_seed42_DoS_Hulk_w32-16_g5_k3\lut_sweeps_v2\seed2_L128_symmetric_int8_linear_half_open_clip_x_spline_component,experiment_data\runs\20260102_201007_seed42_DoS_Hulk_w32-16_g5_k3\lut_sweeps_v2\seed2_L128_symmetric_int8_linear_half_open_clip_x_spline_component\eval\bs1_tt1_tn1\lut_report_unified.json,17.170,
OK,seed2_L128_symmetric_int8_linear_half_open_zero_spline_spline_component,2,128,symmetric,int8,linear,half_open,zero_spline,spline_component,train,4096,experiment_data\runs\20260102_201007_seed42_DoS_Hulk_w32-16_g5_k3\lut_sweeps_v2\seed2_L128_symmetric_int8_linear_half_open_zero_spline_spline_component,experiment_data\runs\20260102_201007_seed42_DoS_Hulk_w32-16_g5_k3\lut_sweeps_v2\seed2_L128_symmetric_int8_linear_half_open_zero_spline_spline_component\eval\bs1_tt1_tn1\lut_report_unified.json,17.108,
OK,seed2_L128_asymmetric_uint8_linear_closed_clip_x_spline_component,2,128,asymmetric,uint8,linear,closed,clip_x,spline_component,train,4096,experiment_data\runs\20260102_201007_seed42_DoS_Hulk_w32-16_g5_k3\lut_sweeps_v2\seed2_L128_asymmetric_uint8_linear_closed_clip_x_spline_component,experiment_data\runs\20260102_201007_seed42_DoS_Hulk_w32-16_g5_k3\lut_sweeps_v2\seed2_L128_asymmetric_uint8_linear_closed_clip_x_spline_component\eval\bs1_tt1_tn1\lut_report_unified.json,17.407,
OK,seed2_L128_asymmetric_uint8_linear_closed_zero_spline_spline_component,2,128,asymmetric,uint8,linear,closed,zero_spline,spline_component,train,4096,experiment_data\runs\20260102_201007_seed42_DoS_Hulk_w32-16_g5_k3\lut_sweeps_v2\seed2_L128_asymmetric_uint8_linear_closed_zero_spline_spline_component,experiment_data\runs\20260102_201007_seed42_DoS_Hulk_w32-16_g5_k3\lut_sweeps_v2\seed2_L128_asymmetric_uint8_linear_closed_zero_spline_spline_component\eval\bs1_tt1_tn1\lut_report_unified.json,17.221,
OK,seed2_L128_asymmetric_uint8_linear_half_open_clip_x_spline_component,2,128,asymmetric,uint8,linear,half_open,clip_x,spline_component,train,4096,experiment_data\runs\20260102_201007_seed42_DoS_Hulk_w32-16_g5_k3\lut_sweeps_v2\seed2_L128_asymmetric_uint8_linear_half_open_clip_x_spline_component,experiment_data\runs\20260102_201007_seed42_DoS_Hulk_w32-16_g5_k3\lut_sweeps_v2\seed2_L128_asymmetric_uint8_linear_half_open_clip_x_spline_component\eval\bs1_tt1_tn1\lut_report_unified.json,17.198,
OK,seed2_L128_asymmetric_uint8_linear_half_open_zero_spline_spline_component,2,128,asymmetric,uint8,linear,half_open,zero_spline,spline_component,train,4096,experiment_data\runs\20260102_201007_seed42_DoS_Hulk_w32-16_g5_k3\lut_sweeps_v2\seed2_L128_asymmetric_uint8_linear_half_open_zero_spline_spline_component,experiment_data\runs\20260102_201007_seed42_DoS_Hulk_w32-16_g5_k3\lut_sweeps_v2\seed2_L128_asymmetric_uint8_linear_half_open_zero_spline_spline_component\eval\bs1_tt1_tn1\lut_report_unified.json,17.269,
OK,seed2_L256_symmetric_int8_linear_closed_clip_x_spline_component,2,256,symmetric,int8,linear,closed,clip_x,spline_component,train,4096,experiment_data\runs\20260102_201007_seed42_DoS_Hulk_w32-16_g5_k3\lut_sweeps_v2\seed2_L256_symmetric_int8_linear_closed_clip_x_spline_component,experiment_data\runs\20260102_201007_seed42_DoS_Hulk_w32-16_g5_k3\lut_sweeps_v2\seed2_L256_symmetric_int8_linear_closed_clip_x_spline_component\eval\bs1_tt1_tn1\lut_report_unified.json,18.858,
OK,seed2_L256_symmetric_int8_linear_closed_zero_spline_spline_component,2,256,symmetric,int8,linear,closed,zero_spline,spline_component,train,4096,experiment_data\runs\20260102_201007_seed42_DoS_Hulk_w32-16_g5_k3\lut_sweeps_v2\seed2_L256_symmetric_int8_linear_closed_zero_spline_spline_component,experiment_data\runs\20260102_201007_seed42_DoS_Hulk_w32-16_g5_k3\lut_sweeps_v2\seed2_L256_symmetric_int8_linear_closed_zero_spline_spline_component\eval\bs1_tt1_tn1\lut_report_unified.json,18.832,
OK,seed2_L256_symmetric_int8_linear_half_open_clip_x_spline_component,2,256,symmetric,int8,linear,half_open,clip_x,spline_component,train,4096,experiment_data\runs\20260102_201007_seed42_DoS_Hulk_w32-16_g5_k3\lut_sweeps_v2\seed2_L256_symmetric_int8_linear_half_open_clip_x_spline_component,experiment_data\runs\20260102_201007_seed42_DoS_Hulk_w32-16_g5_k3\lut_sweeps_v2\seed2_L256_symmetric_int8_linear_half_open_clip_x_spline_component\eval\bs1_tt1_tn1\lut_report_unified.json,18.816,
OK,seed2_L256_symmetric_int8_linear_half_open_zero_spline_spline_component,2,256,symmetric,int8,linear,half_open,zero_spline,spline_component,train,4096,experiment_data\runs\20260102_201007_seed42_DoS_Hulk_w32-16_g5_k3\lut_sweeps_v2\seed2_L256_symmetric_int8_linear_half_open_zero_spline_spline_component,experiment_data\runs\20260102_201007_seed42_DoS_Hulk_w32-16_g5_k3\lut_sweeps_v2\seed2_L256_symmetric_int8_linear_half_open_zero_spline_spline_component\eval\bs1_tt1_tn1\lut_report_unified.json,19.065,
OK,seed2_L256_asymmetric_uint8_linear_closed_clip_x_spline_component,2,256,asymmetric,uint8,linear,closed,clip_x,spline_component,train,4096,experiment_data\runs\20260102_201007_seed42_DoS_Hulk_w32-16_g5_k3\lut_sweeps_v2\seed2_L256_asymmetric_uint8_linear_closed_clip_x_spline_component,experiment_data\runs\20260102_201007_seed42_DoS_Hulk_w32-16_g5_k3\lut_sweeps_v2\seed2_L256_asymmetric_uint8_linear_closed_clip_x_spline_component\eval\bs1_tt1_tn1\lut_report_unified.json,19.003,
OK,seed2_L256_asymmetric_uint8_linear_closed_zero_spline_spline_component,2,256,asymmetric,uint8,linear,closed,zero_spline,spline_component,train,4096,experiment_data\runs\20260102_201007_seed42_DoS_Hulk_w32-16_g5_k3\lut_sweeps_v2\seed2_L256_asymmetric_uint8_linear_closed_zero_spline_spline_component,experiment_data\runs\20260102_201007_seed42_DoS_Hulk_w32-16_g5_k3\lut_sweeps_v2\seed2_L256_asymmetric_uint8_linear_closed_zero_spline_spline_component\eval\bs1_tt1_tn1\lut_report_unified.json,18.925,
OK,seed2_L256_asymmetric_uint8_linear_half_open_clip_x_spline_component,2,256,asymmetric,uint8,linear,half_open,clip_x,spline_component,train,4096,experiment_data\runs\20260102_201007_seed42_DoS_Hulk_w32-16_g5_k3\lut_sweeps_v2\seed2_L256_asymmetric_uint8_linear_half_open_clip_x_spline_component,experiment_data\runs\20260102_201007_seed42_DoS_Hulk_w32-16_g5_k3\lut_sweeps_v2\seed2_L256_asymmetric_uint8_linear_half_open_clip_x_spline_component\eval\bs1_tt1_tn1\lut_report_unified.json,19.052,
OK,seed2_L256_asymmetric_uint8_linear_half_open_zero_spline_spline_component,2,256,asymmetric,uint8,linear,half_open,zero_spline,spline_component,train,4096,experiment_data\runs\20260102_201007_seed42_DoS_Hulk_w32-16_g5_k3\lut_sweeps_v2\seed2_L256_asymmetric_uint8_linear_half_open_zero_spline_spline_component,experiment_data\runs\20260102_201007_seed42_DoS_Hulk_w32-16_g5_k3\lut_sweeps_v2\seed2_L256_asymmetric_uint8_linear_half_open_zero_spline_spline_component\eval\bs1_tt1_tn1\lut_report_unified.json,18.852,
OK,seed3_L2_symmetric_int8_linear_closed_clip_x_spline_component,3,2,symmetric,int8,linear,closed,clip_x,spline_component,train,4096,experiment_data\runs\20260102_201007_seed42_DoS_Hulk_w32-16_g5_k3\lut_sweeps_v2\seed3_L2_symmetric_int8_linear_closed_clip_x_spline_component,experiment_data\runs\20260102_201007_seed42_DoS_Hulk_w32-16_g5_k3\lut_sweeps_v2\seed3_L2_symmetric_int8_linear_closed_clip_x_spline_component\eval\bs1_tt1_tn1\lut_report_unified.json,15.454,
OK,seed3_L2_symmetric_int8_linear_closed_zero_spline_spline_component,3,2,symmetric,int8,linear,closed,zero_spline,spline_component,train,4096,experiment_data\runs\20260102_201007_seed42_DoS_Hulk_w32-16_g5_k3\lut_sweeps_v2\seed3_L2_symmetric_int8_linear_closed_zero_spline_spline_component,experiment_data\runs\20260102_201007_seed42_DoS_Hulk_w32-16_g5_k3\lut_sweeps_v2\seed3_L2_symmetric_int8_linear_closed_zero_spline_spline_component\eval\bs1_tt1_tn1\lut_report_unified.json,15.511,
OK,seed3_L2_symmetric_int8_linear_half_open_clip_x_spline_component,3,2,symmetric,int8,linear,half_open,clip_x,spline_component,train,4096,experiment_data\runs\20260102_201007_seed42_DoS_Hulk_w32-16_g5_k3\lut_sweeps_v2\seed3_L2_symmetric_int8_linear_half_open_clip_x_spline_component,experiment_data\runs\20260102_201007_seed42_DoS_Hulk_w32-16_g5_k3\lut_sweeps_v2\seed3_L2_symmetric_int8_linear_half_open_clip_x_spline_component\eval\bs1_tt1_tn1\lut_report_unified.json,15.344,
OK,seed3_L2_symmetric_int8_linear_half_open_zero_spline_spline_component,3,2,symmetric,int8,linear,half_open,zero_spline,spline_component,train,4096,experiment_data\runs\20260102_201007_seed42_DoS_Hulk_w32-16_g5_k3\lut_sweeps_v2\seed3_L2_symmetric_int8_linear_half_open_zero_spline_spline_component,experiment_data\runs\20260102_201007_seed42_DoS_Hulk_w32-16_g5_k3\lut_sweeps_v2\seed3_L2_symmetric_int8_linear_half_open_zero_spline_spline_component\eval\bs1_tt1_tn1\lut_report_unified.json,15.571,
OK,seed3_L2_asymmetric_uint8_linear_closed_clip_x_spline_component,3,2,asymmetric,uint8,linear,closed,clip_x,spline_component,train,4096,experiment_data\runs\20260102_201007_seed42_DoS_Hulk_w32-16_g5_k3\lut_sweeps_v2\seed3_L2_asymmetric_uint8_linear_closed_clip_x_spline_component,experiment_data\runs\20260102_201007_seed42_DoS_Hulk_w32-16_g5_k3\lut_sweeps_v2\seed3_L2_asymmetric_uint8_linear_closed_clip_x_spline_component\eval\bs1_tt1_tn1\lut_report_unified.json,15.384,
OK,seed3_L2_asymmetric_uint8_linear_closed_zero_spline_spline_component,3,2,asymmetric,uint8,linear,closed,zero_spline,spline_component,train,4096,experiment_data\runs\20260102_201007_seed42_DoS_Hulk_w32-16_g5_k3\lut_sweeps_v2\seed3_L2_asymmetric_uint8_linear_closed_zero_spline_spline_component,experiment_data\runs\20260102_201007_seed42_DoS_Hulk_w32-16_g5_k3\lut_sweeps_v2\seed3_L2_asymmetric_uint8_linear_closed_zero_spline_spline_component\eval\bs1_tt1_tn1\lut_report_unified.json,15.438,
OK,seed3_L2_asymmetric_uint8_linear_half_open_clip_x_spline_component,3,2,asymmetric,uint8,linear,half_open,clip_x,spline_component,train,4096,experiment_data\runs\20260102_201007_seed42_DoS_Hulk_w32-16_g5_k3\lut_sweeps_v2\seed3_L2_asymmetric_uint8_linear_half_open_clip_x_spline_component,experiment_data\runs\20260102_201007_seed42_DoS_Hulk_w32-16_g5_k3\lut_sweeps_v2\seed3_L2_asymmetric_uint8_linear_half_open_clip_x_spline_component\eval\bs1_tt1_tn1\lut_report_unified.json,15.525,
OK,seed3_L2_asymmetric_uint8_linear_half_open_zero_spline_spline_component,3,2,asymmetric,uint8,linear,half_open,zero_spline,spline_component,train,4096,experiment_data\runs\20260102_201007_seed42_DoS_Hulk_w32-16_g5_k3\lut_sweeps_v2\seed3_L2_asymmetric_uint8_linear_half_open_zero_spline_spline_component,experiment_data\runs\20260102_201007_seed42_DoS_Hulk_w32-16_g5_k3\lut_sweeps_v2\seed3_L2_asymmetric_uint8_linear_half_open_zero_spline_spline_component\eval\bs1_tt1_tn1\lut_report_unified.json,15.490,
OK,seed3_L4_symmetric_int8_linear_closed_clip_x_spline_component,3,4,symmetric,int8,linear,closed,clip_x,spline_component,train,4096,experiment_data\runs\20260102_201007_seed42_DoS_Hulk_w32-16_g5_k3\lut_sweeps_v2\seed3_L4_symmetric_int8_linear_closed_clip_x_spline_component,experiment_data\runs\20260102_201007_seed42_DoS_Hulk_w32-16_g5_k3\lut_sweeps_v2\seed3_L4_symmetric_int8_linear_closed_clip_x_spline_component\eval\bs1_tt1_tn1\lut_report_unified.json,15.600,
OK,seed3_L4_symmetric_int8_linear_closed_zero_spline_spline_component,3,4,symmetric,int8,linear,closed,zero_spline,spline_component,train,4096,experiment_data\runs\20260102_201007_seed42_DoS_Hulk_w32-16_g5_k3\lut_sweeps_v2\seed3_L4_symmetric_int8_linear_closed_zero_spline_spline_component,experiment_data\runs\20260102_201007_seed42_DoS_Hulk_w32-16_g5_k3\lut_sweeps_v2\seed3_L4_symmetric_int8_linear_closed_zero_spline_spline_component\eval\bs1_tt1_tn1\lut_report_unified.json,15.500,
OK,seed3_L4_symmetric_int8_linear_half_open_clip_x_spline_component,3,4,symmetric,int8,linear,half_open,clip_x,spline_component,train,4096,experiment_data\runs\20260102_201007_seed42_DoS_Hulk_w32-16_g5_k3\lut_sweeps_v2\seed3_L4_symmetric_int8_linear_half_open_clip_x_spline_component,experiment_data\runs\20260102_201007_seed42_DoS_Hulk_w32-16_g5_k3\lut_sweeps_v2\seed3_L4_symmetric_int8_linear_half_open_clip_x_spline_component\eval\bs1_tt1_tn1\lut_report_unified.json,15.519,
OK,seed3_L4_symmetric_int8_linear_half_open_zero_spline_spline_component,3,4,symmetric,int8,linear,half_open,zero_spline,spline_component,train,4096,experiment_data\runs\20260102_201007_seed42_DoS_Hulk_w32-16_g5_k3\lut_sweeps_v2\seed3_L4_symmetric_int8_linear_half_open_zero_spline_spline_component,experiment_data\runs\20260102_201007_seed42_DoS_Hulk_w32-16_g5_k3\lut_sweeps_v2\seed3_L4_symmetric_int8_linear_half_open_zero_spline_spline_component\eval\bs1_tt1_tn1\lut_report_unified.json,15.532,
OK,seed3_L4_asymmetric_uint8_linear_closed_clip_x_spline_component,3,4,asymmetric,uint8,linear,closed,clip_x,spline_component,train,4096,experiment_data\runs\20260102_201007_seed42_DoS_Hulk_w32-16_g5_k3\lut_sweeps_v2\seed3_L4_asymmetric_uint8_linear_closed_clip_x_spline_component,experiment_data\runs\20260102_201007_seed42_DoS_Hulk_w32-16_g5_k3\lut_sweeps_v2\seed3_L4_asymmetric_uint8_linear_closed_clip_x_spline_component\eval\bs1_tt1_tn1\lut_report_unified.json,15.451,
OK,seed3_L4_asymmetric_uint8_linear_closed_zero_spline_spline_component,3,4,asymmetric,uint8,linear,closed,zero_spline,spline_component,train,4096,experiment_data\runs\20260102_201007_seed42_DoS_Hulk_w32-16_g5_k3\lut_sweeps_v2\seed3_L4_asymmetric_uint8_linear_closed_zero_spline_spline_component,experiment_data\runs\20260102_201007_seed42_DoS_Hulk_w32-16_g5_k3\lut_sweeps_v2\seed3_L4_asymmetric_uint8_linear_closed_zero_spline_spline_component\eval\bs1_tt1_tn1\lut_report_unified.json,15.661,
OK,seed3_L4_asymmetric_uint8_linear_half_open_clip_x_spline_component,3,4,asymmetric,uint8,linear,half_open,clip_x,spline_component,train,4096,experiment_data\runs\20260102_201007_seed42_DoS_Hulk_w32-16_g5_k3\lut_sweeps_v2\seed3_L4_asymmetric_uint8_linear_half_open_clip_x_spline_component,experiment_data\runs\20260102_201007_seed42_DoS_Hulk_w32-16_g5_k3\lut_sweeps_v2\seed3_L4_asymmetric_uint8_linear_half_open_clip_x_spline_component\eval\bs1_tt1_tn1\lut_report_unified.json,15.478,
OK,seed3_L4_asymmetric_uint8_linear_half_open_zero_spline_spline_component,3,4,asymmetric,uint8,linear,half_open,zero_spline,spline_component,train,4096,experiment_data\runs\20260102_201007_seed42_DoS_Hulk_w32-16_g5_k3\lut_sweeps_v2\seed3_L4_asymmetric_uint8_linear_half_open_zero_spline_spline_component,experiment_data\runs\20260102_201007_seed42_DoS_Hulk_w32-16_g5_k3\lut_sweeps_v2\seed3_L4_asymmetric_uint8_linear_half_open_zero_spline_spline_component\eval\bs1_tt1_tn1\lut_report_unified.json,15.502,
OK,seed3_L8_symmetric_int8_linear_closed_clip_x_spline_component,3,8,symmetric,int8,linear,closed,clip_x,spline_component,train,4096,experiment_data\runs\20260102_201007_seed42_DoS_Hulk_w32-16_g5_k3\lut_sweeps_v2\seed3_L8_symmetric_int8_linear_closed_clip_x_spline_component,experiment_data\runs\20260102_201007_seed42_DoS_Hulk_w32-16_g5_k3\lut_sweeps_v2\seed3_L8_symmetric_int8_linear_closed_clip_x_spline_component\eval\bs1_tt1_tn1\lut_report_unified.json,15.542,
OK,seed3_L8_symmetric_int8_linear_closed_zero_spline_spline_component,3,8,symmetric,int8,linear,closed,zero_spline,spline_component,train,4096,experiment_data\runs\20260102_201007_seed42_DoS_Hulk_w32-16_g5_k3\lut_sweeps_v2\seed3_L8_symmetric_int8_linear_closed_zero_spline_spline_component,experiment_data\runs\20260102_201007_seed42_DoS_Hulk_w32-16_g5_k3\lut_sweeps_v2\seed3_L8_symmetric_int8_linear_closed_zero_spline_spline_component\eval\bs1_tt1_tn1\lut_report_unified.json,16.141,
OK,seed3_L8_symmetric_int8_linear_half_open_clip_x_spline_component,3,8,symmetric,int8,linear,half_open,clip_x,spline_component,train,4096,experiment_data\runs\20260102_201007_seed42_DoS_Hulk_w32-16_g5_k3\lut_sweeps_v2\seed3_L8_symmetric_int8_linear_half_open_clip_x_spline_component,experiment_data\runs\20260102_201007_seed42_DoS_Hulk_w32-16_g5_k3\lut_sweeps_v2\seed3_L8_symmetric_int8_linear_half_open_clip_x_spline_component\eval\bs1_tt1_tn1\lut_report_unified.json,15.558,
OK,seed3_L8_symmetric_int8_linear_half_open_zero_spline_spline_component,3,8,symmetric,int8,linear,half_open,zero_spline,spline_component,train,4096,experiment_data\runs\20260102_201007_seed42_DoS_Hulk_w32-16_g5_k3\lut_sweeps_v2\seed3_L8_symmetric_int8_linear_half_open_zero_spline_spline_component,experiment_data\runs\20260102_201007_seed42_DoS_Hulk_w32-16_g5_k3\lut_sweeps_v2\seed3_L8_symmetric_int8_linear_half_open_zero_spline_spline_component\eval\bs1_tt1_tn1\lut_report_unified.json,15.521,
OK,seed3_L8_asymmetric_uint8_linear_closed_clip_x_spline_component,3,8,asymmetric,uint8,linear,closed,clip_x,spline_component,train,4096,experiment_data\runs\20260102_201007_seed42_DoS_Hulk_w32-16_g5_k3\lut_sweeps_v2\seed3_L8_asymmetric_uint8_linear_closed_clip_x_spline_component,experiment_data\runs\20260102_201007_seed42_DoS_Hulk_w32-16_g5_k3\lut_sweeps_v2\seed3_L8_asymmetric_uint8_linear_closed_clip_x_spline_component\eval\bs1_tt1_tn1\lut_report_unified.json,15.537,
OK,seed3_L8_asymmetric_uint8_linear_closed_zero_spline_spline_component,3,8,asymmetric,uint8,linear,closed,zero_spline,spline_component,train,4096,experiment_data\runs\20260102_201007_seed42_DoS_Hulk_w32-16_g5_k3\lut_sweeps_v2\seed3_L8_asymmetric_uint8_linear_closed_zero_spline_spline_component,experiment_data\runs\20260102_201007_seed42_DoS_Hulk_w32-16_g5_k3\lut_sweeps_v2\seed3_L8_asymmetric_uint8_linear_closed_zero_spline_spline_component\eval\bs1_tt1_tn1\lut_report_unified.json,15.489,
OK,seed3_L8_asymmetric_uint8_linear_half_open_clip_x_spline_component,3,8,asymmetric,uint8,linear,half_open,clip_x,spline_component,train,4096,experiment_data\runs\20260102_201007_seed42_DoS_Hulk_w32-16_g5_k3\lut_sweeps_v2\seed3_L8_asymmetric_uint8_linear_half_open_clip_x_spline_component,experiment_data\runs\20260102_201007_seed42_DoS_Hulk_w32-16_g5_k3\lut_sweeps_v2\seed3_L8_asymmetric_uint8_linear_half_open_clip_x_spline_component\eval\bs1_tt1_tn1\lut_report_unified.json,15.542,
OK,seed3_L8_asymmetric_uint8_linear_half_open_zero_spline_spline_component,3,8,asymmetric,uint8,linear,half_open,zero_spline,spline_component,train,4096,experiment_data\runs\20260102_201007_seed42_DoS_Hulk_w32-16_g5_k3\lut_sweeps_v2\seed3_L8_asymmetric_uint8_linear_half_open_zero_spline_spline_component,experiment_data\runs\20260102_201007_seed42_DoS_Hulk_w32-16_g5_k3\lut_sweeps_v2\seed3_L8_asymmetric_uint8_linear_half_open_zero_spline_spline_component\eval\bs1_tt1_tn1\lut_report_unified.json,15.554,
OK,seed3_L16_symmetric_int8_linear_closed_clip_x_spline_component,3,16,symmetric,int8,linear,closed,clip_x,spline_component,train,4096,experiment_data\runs\20260102_201007_seed42_DoS_Hulk_w32-16_g5_k3\lut_sweeps_v2\seed3_L16_symmetric_int8_linear_closed_clip_x_spline_component,experiment_data\runs\20260102_201007_seed42_DoS_Hulk_w32-16_g5_k3\lut_sweeps_v2\seed3_L16_symmetric_int8_linear_closed_clip_x_spline_component\eval\bs1_tt1_tn1\lut_report_unified.json,15.643,
OK,seed3_L16_symmetric_int8_linear_closed_zero_spline_spline_component,3,16,symmetric,int8,linear,closed,zero_spline,spline_component,train,4096,experiment_data\runs\20260102_201007_seed42_DoS_Hulk_w32-16_g5_k3\lut_sweeps_v2\seed3_L16_symmetric_int8_linear_closed_zero_spline_spline_component,experiment_data\runs\20260102_201007_seed42_DoS_Hulk_w32-16_g5_k3\lut_sweeps_v2\seed3_L16_symmetric_int8_linear_closed_zero_spline_spline_component\eval\bs1_tt1_tn1\lut_report_unified.json,15.863,
OK,seed3_L16_symmetric_int8_linear_half_open_clip_x_spline_component,3,16,symmetric,int8,linear,half_open,clip_x,spline_component,train,4096,experiment_data\runs\20260102_201007_seed42_DoS_Hulk_w32-16_g5_k3\lut_sweeps_v2\seed3_L16_symmetric_int8_linear_half_open_clip_x_spline_component,experiment_data\runs\20260102_201007_seed42_DoS_Hulk_w32-16_g5_k3\lut_sweeps_v2\seed3_L16_symmetric_int8_linear_half_open_clip_x_spline_component\eval\bs1_tt1_tn1\lut_report_unified.json,15.602,
OK,seed3_L16_symmetric_int8_linear_half_open_zero_spline_spline_component,3,16,symmetric,int8,linear,half_open,zero_spline,spline_component,train,4096,experiment_data\runs\20260102_201007_seed42_DoS_Hulk_w32-16_g5_k3\lut_sweeps_v2\seed3_L16_symmetric_int8_linear_half_open_zero_spline_spline_component,experiment_data\runs\20260102_201007_seed42_DoS_Hulk_w32-16_g5_k3\lut_sweeps_v2\seed3_L16_symmetric_int8_linear_half_open_zero_spline_spline_component\eval\bs1_tt1_tn1\lut_report_unified.json,15.713,
OK,seed3_L16_asymmetric_uint8_linear_closed_clip_x_spline_component,3,16,asymmetric,uint8,linear,closed,clip_x,spline_component,train,4096,experiment_data\runs\20260102_201007_seed42_DoS_Hulk_w32-16_g5_k3\lut_sweeps_v2\seed3_L16_asymmetric_uint8_linear_closed_clip_x_spline_component,experiment_data\runs\20260102_201007_seed42_DoS_Hulk_w32-16_g5_k3\lut_sweeps_v2\seed3_L16_asymmetric_uint8_linear_closed_clip_x_spline_component\eval\bs1_tt1_tn1\lut_report_unified.json,15.692,
OK,seed3_L16_asymmetric_uint8_linear_closed_zero_spline_spline_component,3,16,asymmetric,uint8,linear,closed,zero_spline,spline_component,train,4096,experiment_data\runs\20260102_201007_seed42_DoS_Hulk_w32-16_g5_k3\lut_sweeps_v2\seed3_L16_asymmetric_uint8_linear_closed_zero_spline_spline_component,experiment_data\runs\20260102_201007_seed42_DoS_Hulk_w32-16_g5_k3\lut_sweeps_v2\seed3_L16_asymmetric_uint8_linear_closed_zero_spline_spline_component\eval\bs1_tt1_tn1\lut_report_unified.json,15.721,
OK,seed3_L16_asymmetric_uint8_linear_half_open_clip_x_spline_component,3,16,asymmetric,uint8,linear,half_open,clip_x,spline_component,train,4096,experiment_data\runs\20260102_201007_seed42_DoS_Hulk_w32-16_g5_k3\lut_sweeps_v2\seed3_L16_asymmetric_uint8_linear_half_open_clip_x_spline_component,experiment_data\runs\20260102_201007_seed42_DoS_Hulk_w32-16_g5_k3\lut_sweeps_v2\seed3_L16_asymmetric_uint8_linear_half_open_clip_x_spline_component\eval\bs1_tt1_tn1\lut_report_unified.json,15.832,
OK,seed3_L16_asymmetric_uint8_linear_half_open_zero_spline_spline_component,3,16,asymmetric,uint8,linear,half_open,zero_spline,spline_component,train,4096,experiment_data\runs\20260102_201007_seed42_DoS_Hulk_w32-16_g5_k3\lut_sweeps_v2\seed3_L16_asymmetric_uint8_linear_half_open_zero_spline_spline_component,experiment_data\runs\20260102_201007_seed42_DoS_Hulk_w32-16_g5_k3\lut_sweeps_v2\seed3_L16_asymmetric_uint8_linear_half_open_zero_spline_spline_component\eval\bs1_tt1_tn1\lut_report_unified.json,15.889,
OK,seed3_L32_symmetric_int8_linear_closed_clip_x_spline_component,3,32,symmetric,int8,linear,closed,clip_x,spline_component,train,4096,experiment_data\runs\20260102_201007_seed42_DoS_Hulk_w32-16_g5_k3\lut_sweeps_v2\seed3_L32_symmetric_int8_linear_closed_clip_x_spline_component,experiment_data\runs\20260102_201007_seed42_DoS_Hulk_w32-16_g5_k3\lut_sweeps_v2\seed3_L32_symmetric_int8_linear_closed_clip_x_spline_component\eval\bs1_tt1_tn1\lut_report_unified.json,16.010,
OK,seed3_L32_symmetric_int8_linear_closed_zero_spline_spline_component,3,32,symmetric,int8,linear,closed,zero_spline,spline_component,train,4096,experiment_data\runs\20260102_201007_seed42_DoS_Hulk_w32-16_g5_k3\lut_sweeps_v2\seed3_L32_symmetric_int8_linear_closed_zero_spline_spline_component,experiment_data\runs\20260102_201007_seed42_DoS_Hulk_w32-16_g5_k3\lut_sweeps_v2\seed3_L32_symmetric_int8_linear_closed_zero_spline_spline_component\eval\bs1_tt1_tn1\lut_report_unified.json,16.017,
OK,seed3_L32_symmetric_int8_linear_half_open_clip_x_spline_component,3,32,symmetric,int8,linear,half_open,clip_x,spline_component,train,4096,experiment_data\runs\20260102_201007_seed42_DoS_Hulk_w32-16_g5_k3\lut_sweeps_v2\seed3_L32_symmetric_int8_linear_half_open_clip_x_spline_component,experiment_data\runs\20260102_201007_seed42_DoS_Hulk_w32-16_g5_k3\lut_sweeps_v2\seed3_L32_symmetric_int8_linear_half_open_clip_x_spline_component\eval\bs1_tt1_tn1\lut_report_unified.json,16.071,
OK,seed3_L32_symmetric_int8_linear_half_open_zero_spline_spline_component,3,32,symmetric,int8,linear,half_open,zero_spline,spline_component,train,4096,experiment_data\runs\20260102_201007_seed42_DoS_Hulk_w32-16_g5_k3\lut_sweeps_v2\seed3_L32_symmetric_int8_linear_half_open_zero_spline_spline_component,experiment_data\runs\20260102_201007_seed42_DoS_Hulk_w32-16_g5_k3\lut_sweeps_v2\seed3_L32_symmetric_int8_linear_half_open_zero_spline_spline_component\eval\bs1_tt1_tn1\lut_report_unified.json,16.026,
OK,seed3_L32_asymmetric_uint8_linear_closed_clip_x_spline_component,3,32,asymmetric,uint8,linear,closed,clip_x,spline_component,train,4096,experiment_data\runs\20260102_201007_seed42_DoS_Hulk_w32-16_g5_k3\lut_sweeps_v2\seed3_L32_asymmetric_uint8_linear_closed_clip_x_spline_component,experiment_data\runs\20260102_201007_seed42_DoS_Hulk_w32-16_g5_k3\lut_sweeps_v2\seed3_L32_asymmetric_uint8_linear_closed_clip_x_spline_component\eval\bs1_tt1_tn1\lut_report_unified.json,16.148,
OK,seed3_L32_asymmetric_uint8_linear_closed_zero_spline_spline_component,3,32,asymmetric,uint8,linear,closed,zero_spline,spline_component,train,4096,experiment_data\runs\20260102_201007_seed42_DoS_Hulk_w32-16_g5_k3\lut_sweeps_v2\seed3_L32_asymmetric_uint8_linear_closed_zero_spline_spline_component,experiment_data\runs\20260102_201007_seed42_DoS_Hulk_w32-16_g5_k3\lut_sweeps_v2\seed3_L32_asymmetric_uint8_linear_closed_zero_spline_spline_component\eval\bs1_tt1_tn1\lut_report_unified.json,16.070,
OK,seed3_L32_asymmetric_uint8_linear_half_open_clip_x_spline_component,3,32,asymmetric,uint8,linear,half_open,clip_x,spline_component,train,4096,experiment_data\runs\20260102_201007_seed42_DoS_Hulk_w32-16_g5_k3\lut_sweeps_v2\seed3_L32_asymmetric_uint8_linear_half_open_clip_x_spline_component,experiment_data\runs\20260102_201007_seed42_DoS_Hulk_w32-16_g5_k3\lut_sweeps_v2\seed3_L32_asymmetric_uint8_linear_half_open_clip_x_spline_component\eval\bs1_tt1_tn1\lut_report_unified.json,16.093,
OK,seed3_L32_asymmetric_uint8_linear_half_open_zero_spline_spline_component,3,32,asymmetric,uint8,linear,half_open,zero_spline,spline_component,train,4096,experiment_data\runs\20260102_201007_seed42_DoS_Hulk_w32-16_g5_k3\lut_sweeps_v2\seed3_L32_asymmetric_uint8_linear_half_open_zero_spline_spline_component,experiment_data\runs\20260102_201007_seed42_DoS_Hulk_w32-16_g5_k3\lut_sweeps_v2\seed3_L32_asymmetric_uint8_linear_half_open_zero_spline_spline_component\eval\bs1_tt1_tn1\lut_report_unified.json,15.965,
OK,seed3_L64_symmetric_int8_linear_closed_clip_x_spline_component,3,64,symmetric,int8,linear,closed,clip_x,spline_component,train,4096,experiment_data\runs\20260102_201007_seed42_DoS_Hulk_w32-16_g5_k3\lut_sweeps_v2\seed3_L64_symmetric_int8_linear_closed_clip_x_spline_component,experiment_data\runs\20260102_201007_seed42_DoS_Hulk_w32-16_g5_k3\lut_sweeps_v2\seed3_L64_symmetric_int8_linear_closed_clip_x_spline_component\eval\bs1_tt1_tn1\lut_report_unified.json,16.520,
OK,seed3_L64_symmetric_int8_linear_closed_zero_spline_spline_component,3,64,symmetric,int8,linear,closed,zero_spline,spline_component,train,4096,experiment_data\runs\20260102_201007_seed42_DoS_Hulk_w32-16_g5_k3\lut_sweeps_v2\seed3_L64_symmetric_int8_linear_closed_zero_spline_spline_component,experiment_data\runs\20260102_201007_seed42_DoS_Hulk_w32-16_g5_k3\lut_sweeps_v2\seed3_L64_symmetric_int8_linear_closed_zero_spline_spline_component\eval\bs1_tt1_tn1\lut_report_unified.json,16.882,
OK,seed3_L64_symmetric_int8_linear_half_open_clip_x_spline_component,3,64,symmetric,int8,linear,half_open,clip_x,spline_component,train,4096,experiment_data\runs\20260102_201007_seed42_DoS_Hulk_w32-16_g5_k3\lut_sweeps_v2\seed3_L64_symmetric_int8_linear_half_open_clip_x_spline_component,experiment_data\runs\20260102_201007_seed42_DoS_Hulk_w32-16_g5_k3\lut_sweeps_v2\seed3_L64_symmetric_int8_linear_half_open_clip_x_spline_component\eval\bs1_tt1_tn1\lut_report_unified.json,16.507,
OK,seed3_L64_symmetric_int8_linear_half_open_zero_spline_spline_component,3,64,symmetric,int8,linear,half_open,zero_spline,spline_component,train,4096,experiment_data\runs\20260102_201007_seed42_DoS_Hulk_w32-16_g5_k3\lut_sweeps_v2\seed3_L64_symmetric_int8_linear_half_open_zero_spline_spline_component,experiment_data\runs\20260102_201007_seed42_DoS_Hulk_w32-16_g5_k3\lut_sweeps_v2\seed3_L64_symmetric_int8_linear_half_open_zero_spline_spline_component\eval\bs1_tt1_tn1\lut_report_unified.json,16.505,
OK,seed3_L64_asymmetric_uint8_linear_closed_clip_x_spline_component,3,64,asymmetric,uint8,linear,closed,clip_x,spline_component,train,4096,experiment_data\runs\20260102_201007_seed42_DoS_Hulk_w32-16_g5_k3\lut_sweeps_v2\seed3_L64_asymmetric_uint8_linear_closed_clip_x_spline_component,experiment_data\runs\20260102_201007_seed42_DoS_Hulk_w32-16_g5_k3\lut_sweeps_v2\seed3_L64_asymmetric_uint8_linear_closed_clip_x_spline_component\eval\bs1_tt1_tn1\lut_report_unified.json,16.699,
OK,seed3_L64_asymmetric_uint8_linear_closed_zero_spline_spline_component,3,64,asymmetric,uint8,linear,closed,zero_spline,spline_component,train,4096,experiment_data\runs\20260102_201007_seed42_DoS_Hulk_w32-16_g5_k3\lut_sweeps_v2\seed3_L64_asymmetric_uint8_linear_closed_zero_spline_spline_component,experiment_data\runs\20260102_201007_seed42_DoS_Hulk_w32-16_g5_k3\lut_sweeps_v2\seed3_L64_asymmetric_uint8_linear_closed_zero_spline_spline_component\eval\bs1_tt1_tn1\lut_report_unified.json,16.515,
OK,seed3_L64_asymmetric_uint8_linear_half_open_clip_x_spline_component,3,64,asymmetric,uint8,linear,half_open,clip_x,spline_component,train,4096,experiment_data\runs\20260102_201007_seed42_DoS_Hulk_w32-16_g5_k3\lut_sweeps_v2\seed3_L64_asymmetric_uint8_linear_half_open_clip_x_spline_component,experiment_data\runs\20260102_201007_seed42_DoS_Hulk_w32-16_g5_k3\lut_sweeps_v2\seed3_L64_asymmetric_uint8_linear_half_open_clip_x_spline_component\eval\bs1_tt1_tn1\lut_report_unified.json,16.670,
OK,seed3_L64_asymmetric_uint8_linear_half_open_zero_spline_spline_component,3,64,asymmetric,uint8,linear,half_open,zero_spline,spline_component,train,4096,experiment_data\runs\20260102_201007_seed42_DoS_Hulk_w32-16_g5_k3\lut_sweeps_v2\seed3_L64_asymmetric_uint8_linear_half_open_zero_spline_spline_component,experiment_data\runs\20260102_201007_seed42_DoS_Hulk_w32-16_g5_k3\lut_sweeps_v2\seed3_L64_asymmetric_uint8_linear_half_open_zero_spline_spline_component\eval\bs1_tt1_tn1\lut_report_unified.json,16.634,
OK,seed3_L128_symmetric_int8_linear_closed_clip_x_spline_component,3,128,symmetric,int8,linear,closed,clip_x,spline_component,train,4096,experiment_data\runs\20260102_201007_seed42_DoS_Hulk_w32-16_g5_k3\lut_sweeps_v2\seed3_L128_symmetric_int8_linear_closed_clip_x_spline_component,experiment_data\runs\20260102_201007_seed42_DoS_Hulk_w32-16_g5_k3\lut_sweeps_v2\seed3_L128_symmetric_int8_linear_closed_clip_x_spline_component\eval\bs1_tt1_tn1\lut_report_unified.json,17.434,
OK,seed3_L128_symmetric_int8_linear_closed_zero_spline_spline_component,3,128,symmetric,int8,linear,closed,zero_spline,spline_component,train,4096,experiment_data\runs\20260102_201007_seed42_DoS_Hulk_w32-16_g5_k3\lut_sweeps_v2\seed3_L128_symmetric_int8_linear_closed_zero_spline_spline_component,experiment_data\runs\20260102_201007_seed42_DoS_Hulk_w32-16_g5_k3\lut_sweeps_v2\seed3_L128_symmetric_int8_linear_closed_zero_spline_spline_component\eval\bs1_tt1_tn1\lut_report_unified.json,17.669,
OK,seed3_L128_symmetric_int8_linear_half_open_clip_x_spline_component,3,128,symmetric,int8,linear,half_open,clip_x,spline_component,train,4096,experiment_data\runs\20260102_201007_seed42_DoS_Hulk_w32-16_g5_k3\lut_sweeps_v2\seed3_L128_symmetric_int8_linear_half_open_clip_x_spline_component,experiment_data\runs\20260102_201007_seed42_DoS_Hulk_w32-16_g5_k3\lut_sweeps_v2\seed3_L128_symmetric_int8_linear_half_open_clip_x_spline_component\eval\bs1_tt1_tn1\lut_report_unified.json,17.371,
OK,seed3_L128_symmetric_int8_linear_half_open_zero_spline_spline_component,3,128,symmetric,int8,linear,half_open,zero_spline,spline_component,train,4096,experiment_data\runs\20260102_201007_seed42_DoS_Hulk_w32-16_g5_k3\lut_sweeps_v2\seed3_L128_symmetric_int8_linear_half_open_zero_spline_spline_component,experiment_data\runs\20260102_201007_seed42_DoS_Hulk_w32-16_g5_k3\lut_sweeps_v2\seed3_L128_symmetric_int8_linear_half_open_zero_spline_spline_component\eval\bs1_tt1_tn1\lut_report_unified.json,17.529,
OK,seed3_L128_asymmetric_uint8_linear_closed_clip_x_spline_component,3,128,asymmetric,uint8,linear,closed,clip_x,spline_component,train,4096,experiment_data\runs\20260102_201007_seed42_DoS_Hulk_w32-16_g5_k3\lut_sweeps_v2\seed3_L128_asymmetric_uint8_linear_closed_clip_x_spline_component,experiment_data\runs\20260102_201007_seed42_DoS_Hulk_w32-16_g5_k3\lut_sweeps_v2\seed3_L128_asymmetric_uint8_linear_closed_clip_x_spline_component\eval\bs1_tt1_tn1\lut_report_unified.json,17.367,
OK,seed3_L128_asymmetric_uint8_linear_closed_zero_spline_spline_component,3,128,asymmetric,uint8,linear,closed,zero_spline,spline_component,train,4096,experiment_data\runs\20260102_201007_seed42_DoS_Hulk_w32-16_g5_k3\lut_sweeps_v2\seed3_L128_asymmetric_uint8_linear_closed_zero_spline_spline_component,experiment_data\runs\20260102_201007_seed42_DoS_Hulk_w32-16_g5_k3\lut_sweeps_v2\seed3_L128_asymmetric_uint8_linear_closed_zero_spline_spline_component\eval\bs1_tt1_tn1\lut_report_unified.json,17.788,
OK,seed3_L128_asymmetric_uint8_linear_half_open_clip_x_spline_component,3,128,asymmetric,uint8,linear,half_open,clip_x,spline_component,train,4096,experiment_data\runs\20260102_201007_seed42_DoS_Hulk_w32-16_g5_k3\lut_sweeps_v2\seed3_L128_asymmetric_uint8_linear_half_open_clip_x_spline_component,experiment_data\runs\20260102_201007_seed42_DoS_Hulk_w32-16_g5_k3\lut_sweeps_v2\seed3_L128_asymmetric_uint8_linear_half_open_clip_x_spline_component\eval\bs1_tt1_tn1\lut_report_unified.json,17.511,
OK,seed3_L128_asymmetric_uint8_linear_half_open_zero_spline_spline_component,3,128,asymmetric,uint8,linear,half_open,zero_spline,spline_component,train,4096,experiment_data\runs\20260102_201007_seed42_DoS_Hulk_w32-16_g5_k3\lut_sweeps_v2\seed3_L128_asymmetric_uint8_linear_half_open_zero_spline_spline_component,experiment_data\runs\20260102_201007_seed42_DoS_Hulk_w32-16_g5_k3\lut_sweeps_v2\seed3_L128_asymmetric_uint8_linear_half_open_zero_spline_spline_component\eval\bs1_tt1_tn1\lut_report_unified.json,17.323,
OK,seed3_L256_symmetric_int8_linear_closed_clip_x_spline_component,3,256,symmetric,int8,linear,closed,clip_x,spline_component,train,4096,experiment_data\runs\20260102_201007_seed42_DoS_Hulk_w32-16_g5_k3\lut_sweeps_v2\seed3_L256_symmetric_int8_linear_closed_clip_x_spline_component,experiment_data\runs\20260102_201007_seed42_DoS_Hulk_w32-16_g5_k3\lut_sweeps_v2\seed3_L256_symmetric_int8_linear_closed_clip_x_spline_component\eval\bs1_tt1_tn1\lut_report_unified.json,19.049,
OK,seed3_L256_symmetric_int8_linear_closed_zero_spline_spline_component,3,256,symmetric,int8,linear,closed,zero_spline,spline_component,train,4096,experiment_data\runs\20260102_201007_seed42_DoS_Hulk_w32-16_g5_k3\lut_sweeps_v2\seed3_L256_symmetric_int8_linear_closed_zero_spline_spline_component,experiment_data\runs\20260102_201007_seed42_DoS_Hulk_w32-16_g5_k3\lut_sweeps_v2\seed3_L256_symmetric_int8_linear_closed_zero_spline_spline_component\eval\bs1_tt1_tn1\lut_report_unified.json,19.013,
OK,seed3_L256_symmetric_int8_linear_half_open_clip_x_spline_component,3,256,symmetric,int8,linear,half_open,clip_x,spline_component,train,4096,experiment_data\runs\20260102_201007_seed42_DoS_Hulk_w32-16_g5_k3\lut_sweeps_v2\seed3_L256_symmetric_int8_linear_half_open_clip_x_spline_component,experiment_data\runs\20260102_201007_seed42_DoS_Hulk_w32-16_g5_k3\lut_sweeps_v2\seed3_L256_symmetric_int8_linear_half_open_clip_x_spline_component\eval\bs1_tt1_tn1\lut_report_unified.json,19.300,
OK,seed3_L256_symmetric_int8_linear_half_open_zero_spline_spline_component,3,256,symmetric,int8,linear,half_open,zero_spline,spline_component,train,4096,experiment_data\runs\20260102_201007_seed42_DoS_Hulk_w32-16_g5_k3\lut_sweeps_v2\seed3_L256_symmetric_int8_linear_half_open_zero_spline_spline_component,experiment_data\runs\20260102_201007_seed42_DoS_Hulk_w32-16_g5_k3\lut_sweeps_v2\seed3_L256_symmetric_int8_linear_half_open_zero_spline_spline_component\eval\bs1_tt1_tn1\lut_report_unified.json,19.083,
OK,seed3_L256_asymmetric_uint8_linear_closed_clip_x_spline_component,3,256,asymmetric,uint8,linear,closed,clip_x,spline_component,train,4096,experiment_data\runs\20260102_201007_seed42_DoS_Hulk_w32-16_g5_k3\lut_sweeps_v2\seed3_L256_asymmetric_uint8_linear_closed_clip_x_spline_component,experiment_data\runs\20260102_201007_seed42_DoS_Hulk_w32-16_g5_k3\lut_sweeps_v2\seed3_L256_asymmetric_uint8_linear_closed_clip_x_spline_component\eval\bs1_tt1_tn1\lut_report_unified.json,19.558,
OK,seed3_L256_asymmetric_uint8_linear_closed_zero_spline_spline_component,3,256,asymmetric,uint8,linear,closed,zero_spline,spline_component,train,4096,experiment_data\runs\20260102_201007_seed42_DoS_Hulk_w32-16_g5_k3\lut_sweeps_v2\seed3_L256_asymmetric_uint8_linear_closed_zero_spline_spline_component,experiment_data\runs\20260102_201007_seed42_DoS_Hulk_w32-16_g5_k3\lut_sweeps_v2\seed3_L256_asymmetric_uint8_linear_closed_zero_spline_spline_component\eval\bs1_tt1_tn1\lut_report_unified.json,19.043,
OK,seed3_L256_asymmetric_uint8_linear_half_open_clip_x_spline_component,3,256,asymmetric,uint8,linear,half_open,clip_x,spline_component,train,4096,experiment_data\runs\20260102_201007_seed42_DoS_Hulk_w32-16_g5_k3\lut_sweeps_v2\seed3_L256_asymmetric_uint8_linear_half_open_clip_x_spline_component,experiment_data\runs\20260102_201007_seed42_DoS_Hulk_w32-16_g5_k3\lut_sweeps_v2\seed3_L256_asymmetric_uint8_linear_half_open_clip_x_spline_component\eval\bs1_tt1_tn1\lut_report_unified.json,19.068,
OK,seed3_L256_asymmetric_uint8_linear_half_open_zero_spline_spline_component,3,256,asymmetric,uint8,linear,half_open,zero_spline,spline_component,train,4096,experiment_data\runs\20260102_201007_seed42_DoS_Hulk_w32-16_g5_k3\lut_sweeps_v2\seed3_L256_asymmetric_uint8_linear_half_open_zero_spline_spline_component,experiment_data\runs\20260102_201007_seed42_DoS_Hulk_w32-16_g5_k3\lut_sweeps_v2\seed3_L256_asymmetric_uint8_linear_half_open_zero_spline_spline_component\eval\bs1_tt1_tn1\lut_report_unified.json,19.042,
OK,seed4_L2_symmetric_int8_linear_closed_clip_x_spline_component,4,2,symmetric,int8,linear,closed,clip_x,spline_component,train,4096,experiment_data\runs\20260102_201007_seed42_DoS_Hulk_w32-16_g5_k3\lut_sweeps_v2\seed4_L2_symmetric_int8_linear_closed_clip_x_spline_component,experiment_data\runs\20260102_201007_seed42_DoS_Hulk_w32-16_g5_k3\lut_sweeps_v2\seed4_L2_symmetric_int8_linear_closed_clip_x_spline_component\eval\bs1_tt1_tn1\lut_report_unified.json,15.816,
OK,seed4_L2_symmetric_int8_linear_closed_zero_spline_spline_component,4,2,symmetric,int8,linear,closed,zero_spline,spline_component,train,4096,experiment_data\runs\20260102_201007_seed42_DoS_Hulk_w32-16_g5_k3\lut_sweeps_v2\seed4_L2_symmetric_int8_linear_closed_zero_spline_spline_component,experiment_data\runs\20260102_201007_seed42_DoS_Hulk_w32-16_g5_k3\lut_sweeps_v2\seed4_L2_symmetric_int8_linear_closed_zero_spline_spline_component\eval\bs1_tt1_tn1\lut_report_unified.json,15.640,
OK,seed4_L2_symmetric_int8_linear_half_open_clip_x_spline_component,4,2,symmetric,int8,linear,half_open,clip_x,spline_component,train,4096,experiment_data\runs\20260102_201007_seed42_DoS_Hulk_w32-16_g5_k3\lut_sweeps_v2\seed4_L2_symmetric_int8_linear_half_open_clip_x_spline_component,experiment_data\runs\20260102_201007_seed42_DoS_Hulk_w32-16_g5_k3\lut_sweeps_v2\seed4_L2_symmetric_int8_linear_half_open_clip_x_spline_component\eval\bs1_tt1_tn1\lut_report_unified.json,15.945,
OK,seed4_L2_symmetric_int8_linear_half_open_zero_spline_spline_component,4,2,symmetric,int8,linear,half_open,zero_spline,spline_component,train,4096,experiment_data\runs\20260102_201007_seed42_DoS_Hulk_w32-16_g5_k3\lut_sweeps_v2\seed4_L2_symmetric_int8_linear_half_open_zero_spline_spline_component,experiment_data\runs\20260102_201007_seed42_DoS_Hulk_w32-16_g5_k3\lut_sweeps_v2\seed4_L2_symmetric_int8_linear_half_open_zero_spline_spline_component\eval\bs1_tt1_tn1\lut_report_unified.json,15.639,
OK,seed4_L2_asymmetric_uint8_linear_closed_clip_x_spline_component,4,2,asymmetric,uint8,linear,closed,clip_x,spline_component,train,4096,experiment_data\runs\20260102_201007_seed42_DoS_Hulk_w32-16_g5_k3\lut_sweeps_v2\seed4_L2_asymmetric_uint8_linear_closed_clip_x_spline_component,experiment_data\runs\20260102_201007_seed42_DoS_Hulk_w32-16_g5_k3\lut_sweeps_v2\seed4_L2_asymmetric_uint8_linear_closed_clip_x_spline_component\eval\bs1_tt1_tn1\lut_report_unified.json,15.706,
OK,seed4_L2_asymmetric_uint8_linear_closed_zero_spline_spline_component,4,2,asymmetric,uint8,linear,closed,zero_spline,spline_component,train,4096,experiment_data\runs\20260102_201007_seed42_DoS_Hulk_w32-16_g5_k3\lut_sweeps_v2\seed4_L2_asymmetric_uint8_linear_closed_zero_spline_spline_component,experiment_data\runs\20260102_201007_seed42_DoS_Hulk_w32-16_g5_k3\lut_sweeps_v2\seed4_L2_asymmetric_uint8_linear_closed_zero_spline_spline_component\eval\bs1_tt1_tn1\lut_report_unified.json,15.710,
OK,seed4_L2_asymmetric_uint8_linear_half_open_clip_x_spline_component,4,2,asymmetric,uint8,linear,half_open,clip_x,spline_component,train,4096,experiment_data\runs\20260102_201007_seed42_DoS_Hulk_w32-16_g5_k3\lut_sweeps_v2\seed4_L2_asymmetric_uint8_linear_half_open_clip_x_spline_component,experiment_data\runs\20260102_201007_seed42_DoS_Hulk_w32-16_g5_k3\lut_sweeps_v2\seed4_L2_asymmetric_uint8_linear_half_open_clip_x_spline_component\eval\bs1_tt1_tn1\lut_report_unified.json,15.445,
OK,seed4_L2_asymmetric_uint8_linear_half_open_zero_spline_spline_component,4,2,asymmetric,uint8,linear,half_open,zero_spline,spline_component,train,4096,experiment_data\runs\20260102_201007_seed42_DoS_Hulk_w32-16_g5_k3\lut_sweeps_v2\seed4_L2_asymmetric_uint8_linear_half_open_zero_spline_spline_component,experiment_data\runs\20260102_201007_seed42_DoS_Hulk_w32-16_g5_k3\lut_sweeps_v2\seed4_L2_asymmetric_uint8_linear_half_open_zero_spline_spline_component\eval\bs1_tt1_tn1\lut_report_unified.json,15.493,
OK,seed4_L4_symmetric_int8_linear_closed_clip_x_spline_component,4,4,symmetric,int8,linear,closed,clip_x,spline_component,train,4096,experiment_data\runs\20260102_201007_seed42_DoS_Hulk_w32-16_g5_k3\lut_sweeps_v2\seed4_L4_symmetric_int8_linear_closed_clip_x_spline_component,experiment_data\runs\20260102_201007_seed42_DoS_Hulk_w32-16_g5_k3\lut_sweeps_v2\seed4_L4_symmetric_int8_linear_closed_clip_x_spline_component\eval\bs1_tt1_tn1\lut_report_unified.json,15.947,
OK,seed4_L4_symmetric_int8_linear_closed_zero_spline_spline_component,4,4,symmetric,int8,linear,closed,zero_spline,spline_component,train,4096,experiment_data\runs\20260102_201007_seed42_DoS_Hulk_w32-16_g5_k3\lut_sweeps_v2\seed4_L4_symmetric_int8_linear_closed_zero_spline_spline_component,experiment_data\runs\20260102_201007_seed42_DoS_Hulk_w32-16_g5_k3\lut_sweeps_v2\seed4_L4_symmetric_int8_linear_closed_zero_spline_spline_component\eval\bs1_tt1_tn1\lut_report_unified.json,15.727,
OK,seed4_L4_symmetric_int8_linear_half_open_clip_x_spline_component,4,4,symmetric,int8,linear,half_open,clip_x,spline_component,train,4096,experiment_data\runs\20260102_201007_seed42_DoS_Hulk_w32-16_g5_k3\lut_sweeps_v2\seed4_L4_symmetric_int8_linear_half_open_clip_x_spline_component,experiment_data\runs\20260102_201007_seed42_DoS_Hulk_w32-16_g5_k3\lut_sweeps_v2\seed4_L4_symmetric_int8_linear_half_open_clip_x_spline_component\eval\bs1_tt1_tn1\lut_report_unified.json,29.194,
OK,seed4_L4_symmetric_int8_linear_half_open_zero_spline_spline_component,4,4,symmetric,int8,linear,half_open,zero_spline,spline_component,train,4096,experiment_data\runs\20260102_201007_seed42_DoS_Hulk_w32-16_g5_k3\lut_sweeps_v2\seed4_L4_symmetric_int8_linear_half_open_zero_spline_spline_component,experiment_data\runs\20260102_201007_seed42_DoS_Hulk_w32-16_g5_k3\lut_sweeps_v2\seed4_L4_symmetric_int8_linear_half_open_zero_spline_spline_component\eval\bs1_tt1_tn1\lut_report_unified.json,16.159,
OK,seed4_L4_asymmetric_uint8_linear_closed_clip_x_spline_component,4,4,asymmetric,uint8,linear,closed,clip_x,spline_component,train,4096,experiment_data\runs\20260102_201007_seed42_DoS_Hulk_w32-16_g5_k3\lut_sweeps_v2\seed4_L4_asymmetric_uint8_linear_closed_clip_x_spline_component,experiment_data\runs\20260102_201007_seed42_DoS_Hulk_w32-16_g5_k3\lut_sweeps_v2\seed4_L4_asymmetric_uint8_linear_closed_clip_x_spline_component\eval\bs1_tt1_tn1\lut_report_unified.json,15.768,
OK,seed4_L4_asymmetric_uint8_linear_closed_zero_spline_spline_component,4,4,asymmetric,uint8,linear,closed,zero_spline,spline_component,train,4096,experiment_data\runs\20260102_201007_seed42_DoS_Hulk_w32-16_g5_k3\lut_sweeps_v2\seed4_L4_asymmetric_uint8_linear_closed_zero_spline_spline_component,experiment_data\runs\20260102_201007_seed42_DoS_Hulk_w32-16_g5_k3\lut_sweeps_v2\seed4_L4_asymmetric_uint8_linear_closed_zero_spline_spline_component\eval\bs1_tt1_tn1\lut_report_unified.json,16.026,
OK,seed4_L4_asymmetric_uint8_linear_half_open_clip_x_spline_component,4,4,asymmetric,uint8,linear,half_open,clip_x,spline_component,train,4096,experiment_data\runs\20260102_201007_seed42_DoS_Hulk_w32-16_g5_k3\lut_sweeps_v2\seed4_L4_asymmetric_uint8_linear_half_open_clip_x_spline_component,experiment_data\runs\20260102_201007_seed42_DoS_Hulk_w32-16_g5_k3\lut_sweeps_v2\seed4_L4_asymmetric_uint8_linear_half_open_clip_x_spline_component\eval\bs1_tt1_tn1\lut_report_unified.json,16.473,
OK,seed4_L4_asymmetric_uint8_linear_half_open_zero_spline_spline_component,4,4,asymmetric,uint8,linear,half_open,zero_spline,spline_component,train,4096,experiment_data\runs\20260102_201007_seed42_DoS_Hulk_w32-16_g5_k3\lut_sweeps_v2\seed4_L4_asymmetric_uint8_linear_half_open_zero_spline_spline_component,experiment_data\runs\20260102_201007_seed42_DoS_Hulk_w32-16_g5_k3\lut_sweeps_v2\seed4_L4_asymmetric_uint8_linear_half_open_zero_spline_spline_component\eval\bs1_tt1_tn1\lut_report_unified.json,16.022,
OK,seed4_L8_symmetric_int8_linear_closed_clip_x_spline_component,4,8,symmetric,int8,linear,closed,clip_x,spline_component,train,4096,experiment_data\runs\20260102_201007_seed42_DoS_Hulk_w32-16_g5_k3\lut_sweeps_v2\seed4_L8_symmetric_int8_linear_closed_clip_x_spline_component,experiment_data\runs\20260102_201007_seed42_DoS_Hulk_w32-16_g5_k3\lut_sweeps_v2\seed4_L8_symmetric_int8_linear_closed_clip_x_spline_component\eval\bs1_tt1_tn1\lut_report_unified.json,15.741,
OK,seed4_L8_symmetric_int8_linear_closed_zero_spline_spline_component,4,8,symmetric,int8,linear,closed,zero_spline,spline_component,train,4096,experiment_data\runs\20260102_201007_seed42_DoS_Hulk_w32-16_g5_k3\lut_sweeps_v2\seed4_L8_symmetric_int8_linear_closed_zero_spline_spline_component,experiment_data\runs\20260102_201007_seed42_DoS_Hulk_w32-16_g5_k3\lut_sweeps_v2\seed4_L8_symmetric_int8_linear_closed_zero_spline_spline_component\eval\bs1_tt1_tn1\lut_report_unified.json,15.918,
OK,seed4_L8_symmetric_int8_linear_half_open_clip_x_spline_component,4,8,symmetric,int8,linear,half_open,clip_x,spline_component,train,4096,experiment_data\runs\20260102_201007_seed42_DoS_Hulk_w32-16_g5_k3\lut_sweeps_v2\seed4_L8_symmetric_int8_linear_half_open_clip_x_spline_component,experiment_data\runs\20260102_201007_seed42_DoS_Hulk_w32-16_g5_k3\lut_sweeps_v2\seed4_L8_symmetric_int8_linear_half_open_clip_x_spline_component\eval\bs1_tt1_tn1\lut_report_unified.json,15.997,
OK,seed4_L8_symmetric_int8_linear_half_open_zero_spline_spline_component,4,8,symmetric,int8,linear,half_open,zero_spline,spline_component,train,4096,experiment_data\runs\20260102_201007_seed42_DoS_Hulk_w32-16_g5_k3\lut_sweeps_v2\seed4_L8_symmetric_int8_linear_half_open_zero_spline_spline_component,experiment_data\runs\20260102_201007_seed42_DoS_Hulk_w32-16_g5_k3\lut_sweeps_v2\seed4_L8_symmetric_int8_linear_half_open_zero_spline_spline_component\eval\bs1_tt1_tn1\lut_report_unified.json,15.801,
OK,seed4_L8_asymmetric_uint8_linear_closed_clip_x_spline_component,4,8,asymmetric,uint8,linear,closed,clip_x,spline_component,train,4096,experiment_data\runs\20260102_201007_seed42_DoS_Hulk_w32-16_g5_k3\lut_sweeps_v2\seed4_L8_asymmetric_uint8_linear_closed_clip_x_spline_component,experiment_data\runs\20260102_201007_seed42_DoS_Hulk_w32-16_g5_k3\lut_sweeps_v2\seed4_L8_asymmetric_uint8_linear_closed_clip_x_spline_component\eval\bs1_tt1_tn1\lut_report_unified.json,15.989,
OK,seed4_L8_asymmetric_uint8_linear_closed_zero_spline_spline_component,4,8,asymmetric,uint8,linear,closed,zero_spline,spline_component,train,4096,experiment_data\runs\20260102_201007_seed42_DoS_Hulk_w32-16_g5_k3\lut_sweeps_v2\seed4_L8_asymmetric_uint8_linear_closed_zero_spline_spline_component,experiment_data\runs\20260102_201007_seed42_DoS_Hulk_w32-16_g5_k3\lut_sweeps_v2\seed4_L8_asymmetric_uint8_linear_closed_zero_spline_spline_component\eval\bs1_tt1_tn1\lut_report_unified.json,15.593,
OK,seed4_L8_asymmetric_uint8_linear_half_open_clip_x_spline_component,4,8,asymmetric,uint8,linear,half_open,clip_x,spline_component,train,4096,experiment_data\runs\20260102_201007_seed42_DoS_Hulk_w32-16_g5_k3\lut_sweeps_v2\seed4_L8_asymmetric_uint8_linear_half_open_clip_x_spline_component,experiment_data\runs\20260102_201007_seed42_DoS_Hulk_w32-16_g5_k3\lut_sweeps_v2\seed4_L8_asymmetric_uint8_linear_half_open_clip_x_spline_component\eval\bs1_tt1_tn1\lut_report_unified.json,15.680,
OK,seed4_L8_asymmetric_uint8_linear_half_open_zero_spline_spline_component,4,8,asymmetric,uint8,linear,half_open,zero_spline,spline_component,train,4096,experiment_data\runs\20260102_201007_seed42_DoS_Hulk_w32-16_g5_k3\lut_sweeps_v2\seed4_L8_asymmetric_uint8_linear_half_open_zero_spline_spline_component,experiment_data\runs\20260102_201007_seed42_DoS_Hulk_w32-16_g5_k3\lut_sweeps_v2\seed4_L8_asymmetric_uint8_linear_half_open_zero_spline_spline_component\eval\bs1_tt1_tn1\lut_report_unified.json,15.645,
OK,seed4_L16_symmetric_int8_linear_closed_clip_x_spline_component,4,16,symmetric,int8,linear,closed,clip_x,spline_component,train,4096,experiment_data\runs\20260102_201007_seed42_DoS_Hulk_w32-16_g5_k3\lut_sweeps_v2\seed4_L16_symmetric_int8_linear_closed_clip_x_spline_component,experiment_data\runs\20260102_201007_seed42_DoS_Hulk_w32-16_g5_k3\lut_sweeps_v2\seed4_L16_symmetric_int8_linear_closed_clip_x_spline_component\eval\bs1_tt1_tn1\lut_report_unified.json,15.651,
OK,seed4_L16_symmetric_int8_linear_closed_zero_spline_spline_component,4,16,symmetric,int8,linear,closed,zero_spline,spline_component,train,4096,experiment_data\runs\20260102_201007_seed42_DoS_Hulk_w32-16_g5_k3\lut_sweeps_v2\seed4_L16_symmetric_int8_linear_closed_zero_spline_spline_component,experiment_data\runs\20260102_201007_seed42_DoS_Hulk_w32-16_g5_k3\lut_sweeps_v2\seed4_L16_symmetric_int8_linear_closed_zero_spline_spline_component\eval\bs1_tt1_tn1\lut_report_unified.json,15.821,
OK,seed4_L16_symmetric_int8_linear_half_open_clip_x_spline_component,4,16,symmetric,int8,linear,half_open,clip_x,spline_component,train,4096,experiment_data\runs\20260102_201007_seed42_DoS_Hulk_w32-16_g5_k3\lut_sweeps_v2\seed4_L16_symmetric_int8_linear_half_open_clip_x_spline_component,experiment_data\runs\20260102_201007_seed42_DoS_Hulk_w32-16_g5_k3\lut_sweeps_v2\seed4_L16_symmetric_int8_linear_half_open_clip_x_spline_component\eval\bs1_tt1_tn1\lut_report_unified.json,15.952,
OK,seed4_L16_symmetric_int8_linear_half_open_zero_spline_spline_component,4,16,symmetric,int8,linear,half_open,zero_spline,spline_component,train,4096,experiment_data\runs\20260102_201007_seed42_DoS_Hulk_w32-16_g5_k3\lut_sweeps_v2\seed4_L16_symmetric_int8_linear_half_open_zero_spline_spline_component,experiment_data\runs\20260102_201007_seed42_DoS_Hulk_w32-16_g5_k3\lut_sweeps_v2\seed4_L16_symmetric_int8_linear_half_open_zero_spline_spline_component\eval\bs1_tt1_tn1\lut_report_unified.json,15.856,
OK,seed4_L16_asymmetric_uint8_linear_closed_clip_x_spline_component,4,16,asymmetric,uint8,linear,closed,clip_x,spline_component,train,4096,experiment_data\runs\20260102_201007_seed42_DoS_Hulk_w32-16_g5_k3\lut_sweeps_v2\seed4_L16_asymmetric_uint8_linear_closed_clip_x_spline_component,experiment_data\runs\20260102_201007_seed42_DoS_Hulk_w32-16_g5_k3\lut_sweeps_v2\seed4_L16_asymmetric_uint8_linear_closed_clip_x_spline_component\eval\bs1_tt1_tn1\lut_report_unified.json,16.199,
OK,seed4_L16_asymmetric_uint8_linear_closed_zero_spline_spline_component,4,16,asymmetric,uint8,linear,closed,zero_spline,spline_component,train,4096,experiment_data\runs\20260102_201007_seed42_DoS_Hulk_w32-16_g5_k3\lut_sweeps_v2\seed4_L16_asymmetric_uint8_linear_closed_zero_spline_spline_component,experiment_data\runs\20260102_201007_seed42_DoS_Hulk_w32-16_g5_k3\lut_sweeps_v2\seed4_L16_asymmetric_uint8_linear_closed_zero_spline_spline_component\eval\bs1_tt1_tn1\lut_report_unified.json,15.896,
OK,seed4_L16_asymmetric_uint8_linear_half_open_clip_x_spline_component,4,16,asymmetric,uint8,linear,half_open,clip_x,spline_component,train,4096,experiment_data\runs\20260102_201007_seed42_DoS_Hulk_w32-16_g5_k3\lut_sweeps_v2\seed4_L16_asymmetric_uint8_linear_half_open_clip_x_spline_component,experiment_data\runs\20260102_201007_seed42_DoS_Hulk_w32-16_g5_k3\lut_sweeps_v2\seed4_L16_asymmetric_uint8_linear_half_open_clip_x_spline_component\eval\bs1_tt1_tn1\lut_report_unified.json,15.919,
OK,seed4_L16_asymmetric_uint8_linear_half_open_zero_spline_spline_component,4,16,asymmetric,uint8,linear,half_open,zero_spline,spline_component,train,4096,experiment_data\runs\20260102_201007_seed42_DoS_Hulk_w32-16_g5_k3\lut_sweeps_v2\seed4_L16_asymmetric_uint8_linear_half_open_zero_spline_spline_component,experiment_data\runs\20260102_201007_seed42_DoS_Hulk_w32-16_g5_k3\lut_sweeps_v2\seed4_L16_asymmetric_uint8_linear_half_open_zero_spline_spline_component\eval\bs1_tt1_tn1\lut_report_unified.json,15.860,
OK,seed4_L32_symmetric_int8_linear_closed_clip_x_spline_component,4,32,symmetric,int8,linear,closed,clip_x,spline_component,train,4096,experiment_data\runs\20260102_201007_seed42_DoS_Hulk_w32-16_g5_k3\lut_sweeps_v2\seed4_L32_symmetric_int8_linear_closed_clip_x_spline_component,experiment_data\runs\20260102_201007_seed42_DoS_Hulk_w32-16_g5_k3\lut_sweeps_v2\seed4_L32_symmetric_int8_linear_closed_clip_x_spline_component\eval\bs1_tt1_tn1\lut_report_unified.json,15.927,
OK,seed4_L32_symmetric_int8_linear_closed_zero_spline_spline_component,4,32,symmetric,int8,linear,closed,zero_spline,spline_component,train,4096,experiment_data\runs\20260102_201007_seed42_DoS_Hulk_w32-16_g5_k3\lut_sweeps_v2\seed4_L32_symmetric_int8_linear_closed_zero_spline_spline_component,experiment_data\runs\20260102_201007_seed42_DoS_Hulk_w32-16_g5_k3\lut_sweeps_v2\seed4_L32_symmetric_int8_linear_closed_zero_spline_spline_component\eval\bs1_tt1_tn1\lut_report_unified.json,16.554,
OK,seed4_L32_symmetric_int8_linear_half_open_clip_x_spline_component,4,32,symmetric,int8,linear,half_open,clip_x,spline_component,train,4096,experiment_data\runs\20260102_201007_seed42_DoS_Hulk_w32-16_g5_k3\lut_sweeps_v2\seed4_L32_symmetric_int8_linear_half_open_clip_x_spline_component,experiment_data\runs\20260102_201007_seed42_DoS_Hulk_w32-16_g5_k3\lut_sweeps_v2\seed4_L32_symmetric_int8_linear_half_open_clip_x_spline_component\eval\bs1_tt1_tn1\lut_report_unified.json,16.292,
OK,seed4_L32_symmetric_int8_linear_half_open_zero_spline_spline_component,4,32,symmetric,int8,linear,half_open,zero_spline,spline_component,train,4096,experiment_data\runs\20260102_201007_seed42_DoS_Hulk_w32-16_g5_k3\lut_sweeps_v2\seed4_L32_symmetric_int8_linear_half_open_zero_spline_spline_component,experiment_data\runs\20260102_201007_seed42_DoS_Hulk_w32-16_g5_k3\lut_sweeps_v2\seed4_L32_symmetric_int8_linear_half_open_zero_spline_spline_component\eval\bs1_tt1_tn1\lut_report_unified.json,21.348,
OK,seed4_L32_asymmetric_uint8_linear_closed_clip_x_spline_component,4,32,asymmetric,uint8,linear,closed,clip_x,spline_component,train,4096,experiment_data\runs\20260102_201007_seed42_DoS_Hulk_w32-16_g5_k3\lut_sweeps_v2\seed4_L32_asymmetric_uint8_linear_closed_clip_x_spline_component,experiment_data\runs\20260102_201007_seed42_DoS_Hulk_w32-16_g5_k3\lut_sweeps_v2\seed4_L32_asymmetric_uint8_linear_closed_clip_x_spline_component\eval\bs1_tt1_tn1\lut_report_unified.json,16.225,
OK,seed4_L32_asymmetric_uint8_linear_closed_zero_spline_spline_component,4,32,asymmetric,uint8,linear,closed,zero_spline,spline_component,train,4096,experiment_data\runs\20260102_201007_seed42_DoS_Hulk_w32-16_g5_k3\lut_sweeps_v2\seed4_L32_asymmetric_uint8_linear_closed_zero_spline_spline_component,experiment_data\runs\20260102_201007_seed42_DoS_Hulk_w32-16_g5_k3\lut_sweeps_v2\seed4_L32_asymmetric_uint8_linear_closed_zero_spline_spline_component\eval\bs1_tt1_tn1\lut_report_unified.json,25.558,
OK,seed4_L32_asymmetric_uint8_linear_half_open_clip_x_spline_component,4,32,asymmetric,uint8,linear,half_open,clip_x,spline_component,train,4096,experiment_data\runs\20260102_201007_seed42_DoS_Hulk_w32-16_g5_k3\lut_sweeps_v2\seed4_L32_asymmetric_uint8_linear_half_open_clip_x_spline_component,experiment_data\runs\20260102_201007_seed42_DoS_Hulk_w32-16_g5_k3\lut_sweeps_v2\seed4_L32_asymmetric_uint8_linear_half_open_clip_x_spline_component\eval\bs1_tt1_tn1\lut_report_unified.json,22.691,
OK,seed4_L32_asymmetric_uint8_linear_half_open_zero_spline_spline_component,4,32,asymmetric,uint8,linear,half_open,zero_spline,spline_component,train,4096,experiment_data\runs\20260102_201007_seed42_DoS_Hulk_w32-16_g5_k3\lut_sweeps_v2\seed4_L32_asymmetric_uint8_linear_half_open_zero_spline_spline_component,experiment_data\runs\20260102_201007_seed42_DoS_Hulk_w32-16_g5_k3\lut_sweeps_v2\seed4_L32_asymmetric_uint8_linear_half_open_zero_spline_spline_component\eval\bs1_tt1_tn1\lut_report_unified.json,21.115,
OK,seed4_L64_symmetric_int8_linear_closed_clip_x_spline_component,4,64,symmetric,int8,linear,closed,clip_x,spline_component,train,4096,experiment_data\runs\20260102_201007_seed42_DoS_Hulk_w32-16_g5_k3\lut_sweeps_v2\seed4_L64_symmetric_int8_linear_closed_clip_x_spline_component,experiment_data\runs\20260102_201007_seed42_DoS_Hulk_w32-16_g5_k3\lut_sweeps_v2\seed4_L64_symmetric_int8_linear_closed_clip_x_spline_component\eval\bs1_tt1_tn1\lut_report_unified.json,21.762,
OK,seed4_L64_symmetric_int8_linear_closed_zero_spline_spline_component,4,64,symmetric,int8,linear,closed,zero_spline,spline_component,train,4096,experiment_data\runs\20260102_201007_seed42_DoS_Hulk_w32-16_g5_k3\lut_sweeps_v2\seed4_L64_symmetric_int8_linear_closed_zero_spline_spline_component,experiment_data\runs\20260102_201007_seed42_DoS_Hulk_w32-16_g5_k3\lut_sweeps_v2\seed4_L64_symmetric_int8_linear_closed_zero_spline_spline_component\eval\bs1_tt1_tn1\lut_report_unified.json,25.263,
OK,seed4_L64_symmetric_int8_linear_half_open_clip_x_spline_component,4,64,symmetric,int8,linear,half_open,clip_x,spline_component,train,4096,experiment_data\runs\20260102_201007_seed42_DoS_Hulk_w32-16_g5_k3\lut_sweeps_v2\seed4_L64_symmetric_int8_linear_half_open_clip_x_spline_component,experiment_data\runs\20260102_201007_seed42_DoS_Hulk_w32-16_g5_k3\lut_sweeps_v2\seed4_L64_symmetric_int8_linear_half_open_clip_x_spline_component\eval\bs1_tt1_tn1\lut_report_unified.json,25.392,
OK,seed4_L64_symmetric_int8_linear_half_open_zero_spline_spline_component,4,64,symmetric,int8,linear,half_open,zero_spline,spline_component,train,4096,experiment_data\runs\20260102_201007_seed42_DoS_Hulk_w32-16_g5_k3\lut_sweeps_v2\seed4_L64_symmetric_int8_linear_half_open_zero_spline_spline_component,experiment_data\runs\20260102_201007_seed42_DoS_Hulk_w32-16_g5_k3\lut_sweeps_v2\seed4_L64_symmetric_int8_linear_half_open_zero_spline_spline_component\eval\bs1_tt1_tn1\lut_report_unified.json,25.680,
OK,seed4_L64_asymmetric_uint8_linear_closed_clip_x_spline_component,4,64,asymmetric,uint8,linear,closed,clip_x,spline_component,train,4096,experiment_data\runs\20260102_201007_seed42_DoS_Hulk_w32-16_g5_k3\lut_sweeps_v2\seed4_L64_asymmetric_uint8_linear_closed_clip_x_spline_component,experiment_data\runs\20260102_201007_seed42_DoS_Hulk_w32-16_g5_k3\lut_sweeps_v2\seed4_L64_asymmetric_uint8_linear_closed_clip_x_spline_component\eval\bs1_tt1_tn1\lut_report_unified.json,26.003,
OK,seed4_L64_asymmetric_uint8_linear_closed_zero_spline_spline_component,4,64,asymmetric,uint8,linear,closed,zero_spline,spline_component,train,4096,experiment_data\runs\20260102_201007_seed42_DoS_Hulk_w32-16_g5_k3\lut_sweeps_v2\seed4_L64_asymmetric_uint8_linear_closed_zero_spline_spline_component,experiment_data\runs\20260102_201007_seed42_DoS_Hulk_w32-16_g5_k3\lut_sweeps_v2\seed4_L64_asymmetric_uint8_linear_closed_zero_spline_spline_component\eval\bs1_tt1_tn1\lut_report_unified.json,26.448,
OK,seed4_L64_asymmetric_uint8_linear_half_open_clip_x_spline_component,4,64,asymmetric,uint8,linear,half_open,clip_x,spline_component,train,4096,experiment_data\runs\20260102_201007_seed42_DoS_Hulk_w32-16_g5_k3\lut_sweeps_v2\seed4_L64_asymmetric_uint8_linear_half_open_clip_x_spline_component,experiment_data\runs\20260102_201007_seed42_DoS_Hulk_w32-16_g5_k3\lut_sweeps_v2\seed4_L64_asymmetric_uint8_linear_half_open_clip_x_spline_component\eval\bs1_tt1_tn1\lut_report_unified.json,25.637,
OK,seed4_L64_asymmetric_uint8_linear_half_open_zero_spline_spline_component,4,64,asymmetric,uint8,linear,half_open,zero_spline,spline_component,train,4096,experiment_data\runs\20260102_201007_seed42_DoS_Hulk_w32-16_g5_k3\lut_sweeps_v2\seed4_L64_asymmetric_uint8_linear_half_open_zero_spline_spline_component,experiment_data\runs\20260102_201007_seed42_DoS_Hulk_w32-16_g5_k3\lut_sweeps_v2\seed4_L64_asymmetric_uint8_linear_half_open_zero_spline_spline_component\eval\bs1_tt1_tn1\lut_report_unified.json,26.889,
OK,seed4_L128_symmetric_int8_linear_closed_clip_x_spline_component,4,128,symmetric,int8,linear,closed,clip_x,spline_component,train,4096,experiment_data\runs\20260102_201007_seed42_DoS_Hulk_w32-16_g5_k3\lut_sweeps_v2\seed4_L128_symmetric_int8_linear_closed_clip_x_spline_component,experiment_data\runs\20260102_201007_seed42_DoS_Hulk_w32-16_g5_k3\lut_sweeps_v2\seed4_L128_symmetric_int8_linear_closed_clip_x_spline_component\eval\bs1_tt1_tn1\lut_report_unified.json,30.255,
OK,seed4_L128_symmetric_int8_linear_closed_zero_spline_spline_component,4,128,symmetric,int8,linear,closed,zero_spline,spline_component,train,4096,experiment_data\runs\20260102_201007_seed42_DoS_Hulk_w32-16_g5_k3\lut_sweeps_v2\seed4_L128_symmetric_int8_linear_closed_zero_spline_spline_component,experiment_data\runs\20260102_201007_seed42_DoS_Hulk_w32-16_g5_k3\lut_sweeps_v2\seed4_L128_symmetric_int8_linear_closed_zero_spline_spline_component\eval\bs1_tt1_tn1\lut_report_unified.json,31.139,
OK,seed4_L128_symmetric_int8_linear_half_open_clip_x_spline_component,4,128,symmetric,int8,linear,half_open,clip_x,spline_component,train,4096,experiment_data\runs\20260102_201007_seed42_DoS_Hulk_w32-16_g5_k3\lut_sweeps_v2\seed4_L128_symmetric_int8_linear_half_open_clip_x_spline_component,experiment_data\runs\20260102_201007_seed42_DoS_Hulk_w32-16_g5_k3\lut_sweeps_v2\seed4_L128_symmetric_int8_linear_half_open_clip_x_spline_component\eval\bs1_tt1_tn1\lut_report_unified.json,27.137,
OK,seed4_L128_symmetric_int8_linear_half_open_zero_spline_spline_component,4,128,symmetric,int8,linear,half_open,zero_spline,spline_component,train,4096,experiment_data\runs\20260102_201007_seed42_DoS_Hulk_w32-16_g5_k3\lut_sweeps_v2\seed4_L128_symmetric_int8_linear_half_open_zero_spline_spline_component,experiment_data\runs\20260102_201007_seed42_DoS_Hulk_w32-16_g5_k3\lut_sweeps_v2\seed4_L128_symmetric_int8_linear_half_open_zero_spline_spline_component\eval\bs1_tt1_tn1\lut_report_unified.json,27.481,
OK,seed4_L128_asymmetric_uint8_linear_closed_clip_x_spline_component,4,128,asymmetric,uint8,linear,closed,clip_x,spline_component,train,4096,experiment_data\runs\20260102_201007_seed42_DoS_Hulk_w32-16_g5_k3\lut_sweeps_v2\seed4_L128_asymmetric_uint8_linear_closed_clip_x_spline_component,experiment_data\runs\20260102_201007_seed42_DoS_Hulk_w32-16_g5_k3\lut_sweeps_v2\seed4_L128_asymmetric_uint8_linear_closed_clip_x_spline_component\eval\bs1_tt1_tn1\lut_report_unified.json,24.285,
OK,seed4_L128_asymmetric_uint8_linear_closed_zero_spline_spline_component,4,128,asymmetric,uint8,linear,closed,zero_spline,spline_component,train,4096,experiment_data\runs\20260102_201007_seed42_DoS_Hulk_w32-16_g5_k3\lut_sweeps_v2\seed4_L128_asymmetric_uint8_linear_closed_zero_spline_spline_component,experiment_data\runs\20260102_201007_seed42_DoS_Hulk_w32-16_g5_k3\lut_sweeps_v2\seed4_L128_asymmetric_uint8_linear_closed_zero_spline_spline_component\eval\bs1_tt1_tn1\lut_report_unified.json,27.057,
OK,seed4_L128_asymmetric_uint8_linear_half_open_clip_x_spline_component,4,128,asymmetric,uint8,linear,half_open,clip_x,spline_component,train,4096,experiment_data\runs\20260102_201007_seed42_DoS_Hulk_w32-16_g5_k3\lut_sweeps_v2\seed4_L128_asymmetric_uint8_linear_half_open_clip_x_spline_component,experiment_data\runs\20260102_201007_seed42_DoS_Hulk_w32-16_g5_k3\lut_sweeps_v2\seed4_L128_asymmetric_uint8_linear_half_open_clip_x_spline_component\eval\bs1_tt1_tn1\lut_report_unified.json,23.205,
OK,seed4_L128_asymmetric_uint8_linear_half_open_zero_spline_spline_component,4,128,asymmetric,uint8,linear,half_open,zero_spline,spline_component,train,4096,experiment_data\runs\20260102_201007_seed42_DoS_Hulk_w32-16_g5_k3\lut_sweeps_v2\seed4_L128_asymmetric_uint8_linear_half_open_zero_spline_spline_component,experiment_data\runs\20260102_201007_seed42_DoS_Hulk_w32-16_g5_k3\lut_sweeps_v2\seed4_L128_asymmetric_uint8_linear_half_open_zero_spline_spline_component\eval\bs1_tt1_tn1\lut_report_unified.json,22.946,
OK,seed4_L256_symmetric_int8_linear_closed_clip_x_spline_component,4,256,symmetric,int8,linear,closed,clip_x,spline_component,train,4096,experiment_data\runs\20260102_201007_seed42_DoS_Hulk_w32-16_g5_k3\lut_sweeps_v2\seed4_L256_symmetric_int8_linear_closed_clip_x_spline_component,experiment_data\runs\20260102_201007_seed42_DoS_Hulk_w32-16_g5_k3\lut_sweeps_v2\seed4_L256_symmetric_int8_linear_closed_clip_x_spline_component\eval\bs1_tt1_tn1\lut_report_unified.json,25.381,
OK,seed4_L256_symmetric_int8_linear_closed_zero_spline_spline_component,4,256,symmetric,int8,linear,closed,zero_spline,spline_component,train,4096,experiment_data\runs\20260102_201007_seed42_DoS_Hulk_w32-16_g5_k3\lut_sweeps_v2\seed4_L256_symmetric_int8_linear_closed_zero_spline_spline_component,experiment_data\runs\20260102_201007_seed42_DoS_Hulk_w32-16_g5_k3\lut_sweeps_v2\seed4_L256_symmetric_int8_linear_closed_zero_spline_spline_component\eval\bs1_tt1_tn1\lut_report_unified.json,25.391,
OK,seed4_L256_symmetric_int8_linear_half_open_clip_x_spline_component,4,256,symmetric,int8,linear,half_open,clip_x,spline_component,train,4096,experiment_data\runs\20260102_201007_seed42_DoS_Hulk_w32-16_g5_k3\lut_sweeps_v2\seed4_L256_symmetric_int8_linear_half_open_clip_x_spline_component,experiment_data\runs\20260102_201007_seed42_DoS_Hulk_w32-16_g5_k3\lut_sweeps_v2\seed4_L256_symmetric_int8_linear_half_open_clip_x_spline_component\eval\bs1_tt1_tn1\lut_report_unified.json,25.311,
OK,seed4_L256_symmetric_int8_linear_half_open_zero_spline_spline_component,4,256,symmetric,int8,linear,half_open,zero_spline,spline_component,train,4096,experiment_data\runs\20260102_201007_seed42_DoS_Hulk_w32-16_g5_k3\lut_sweeps_v2\seed4_L256_symmetric_int8_linear_half_open_zero_spline_spline_component,experiment_data\runs\20260102_201007_seed42_DoS_Hulk_w32-16_g5_k3\lut_sweeps_v2\seed4_L256_symmetric_int8_linear_half_open_zero_spline_spline_component\eval\bs1_tt1_tn1\lut_report_unified.json,25.319,
OK,seed4_L256_asymmetric_uint8_linear_closed_clip_x_spline_component,4,256,asymmetric,uint8,linear,closed,clip_x,spline_component,train,4096,experiment_data\runs\20260102_201007_seed42_DoS_Hulk_w32-16_g5_k3\lut_sweeps_v2\seed4_L256_asymmetric_uint8_linear_closed_clip_x_spline_component,experiment_data\runs\20260102_201007_seed42_DoS_Hulk_w32-16_g5_k3\lut_sweeps_v2\seed4_L256_asymmetric_uint8_linear_closed_clip_x_spline_component\eval\bs1_tt1_tn1\lut_report_unified.json,25.211,
OK,seed4_L256_asymmetric_uint8_linear_closed_zero_spline_spline_component,4,256,asymmetric,uint8,linear,closed,zero_spline,spline_component,train,4096,experiment_data\runs\20260102_201007_seed42_DoS_Hulk_w32-16_g5_k3\lut_sweeps_v2\seed4_L256_asymmetric_uint8_linear_closed_zero_spline_spline_component,experiment_data\runs\20260102_201007_seed42_DoS_Hulk_w32-16_g5_k3\lut_sweeps_v2\seed4_L256_asymmetric_uint8_linear_closed_zero_spline_spline_component\eval\bs1_tt1_tn1\lut_report_unified.json,26.142,
OK,seed4_L256_asymmetric_uint8_linear_half_open_clip_x_spline_component,4,256,asymmetric,uint8,linear,half_open,clip_x,spline_component,train,4096,experiment_data\runs\20260102_201007_seed42_DoS_Hulk_w32-16_g5_k3\lut_sweeps_v2\seed4_L256_asymmetric_uint8_linear_half_open_clip_x_spline_component,experiment_data\runs\20260102_201007_seed42_DoS_Hulk_w32-16_g5_k3\lut_sweeps_v2\seed4_L256_asymmetric_uint8_linear_half_open_clip_x_spline_component\eval\bs1_tt1_tn1\lut_report_unified.json,26.586,
OK,seed4_L256_asymmetric_uint8_linear_half_open_zero_spline_spline_component,4,256,asymmetric,uint8,linear,half_open,zero_spline,spline_component,train,4096,experiment_data\runs\20260102_201007_seed42_DoS_Hulk_w32-16_g5_k3\lut_sweeps_v2\seed4_L256_asymmetric_uint8_linear_half_open_zero_spline_spline_component,experiment_data\runs\20260102_201007_seed42_DoS_Hulk_w32-16_g5_k3\lut_sweeps_v2\seed4_L256_asymmetric_uint8_linear_half_open_zero_spline_spline_component\eval\bs1_tt1_tn1\lut_report_unified.json,29.233,
