report_path,tag,seed,L,scheme,dtype,interp,boundary_mode,oob_policy,value_repr,batch_size,threads_torch,threads_numba,float_accuracy,float_precision,float_recall,float_f1,float_roc_auc,float_pr_auc,lut_numpy_accuracy,lut_numpy_precision,lut_numpy_recall,lut_numpy_f1,lut_numpy_roc_auc,lut_numpy_pr_auc,lut_numba_accuracy,lut_numba_precision,lut_numba_recall,lut_numba_f1,lut_numba_roc_auc,lut_numba_pr_auc,float_ms_per_sample,lut_numpy_ms_per_sample,lut_numba_ms_per_sample,lut_numpy_e2e_ms_per_sample,lut_numba_e2e_ms_per_sample,float_params_bytes,float_total_bytes,lut_total_bytes,lut_knots_bytes,lut_q_table_bytes,lut_scale_bytes,lut_y_min_bytes
experiment_data\runs\20260102_201007_seed42_DoS_Hulk_w32-16_g5_k3\lut_sweeps_v2\seed0_L128_asymmetric_uint8_linear_closed_clip_x_spline_component\eval\bs1_tt1_tn1\lut_report_unified.json,seed0_L128_asymmetric_uint8_linear_closed_clip_x_spline_component,0,128,asymmetric,uint8,linear,closed,clip_x,spline_component,1,1,1,0.9899491507086444,0.9843629673996749,0.9957156767283349,0.9900067768897304,0.9991061054136088,0.9990538477962826,0.9898734177215189,0.9842155919153032,0.9957156767283349,0.9899322362052275,0.9991032231566499,0.9990505392629225,0.9898734177215189,0.9842155919153032,0.9957156767283349,0.9899322362052275,0.9991032231566499,0.9990505394962302,149.4659080002457,6.762825399637222,0.0264937998726964,179.4914649799466,176.3771849917248,200368,200368,4390992,144,4257792,66528,66528
experiment_data\runs\20260102_201007_seed42_DoS_Hulk_w32-16_g5_k3\lut_sweeps_v2\seed0_L128_asymmetric_uint8_linear_closed_clip_x_spline_component\eval\bs256_tt1_tn1\lut_report_unified.json,seed0_L128_asymmetric_uint8_linear_closed_clip_x_spline_component,0,128,asymmetric,uint8,linear,closed,clip_x,spline_component,256,1,1,0.9899491507086444,0.9843629673996749,0.9957156767283349,0.9900067768897304,0.9991061054136088,0.9990538477962826,0.9898734177215189,0.9842155919153032,0.9957156767283349,0.9899322362052275,0.9991032231566499,0.9990505392629225,0.9898734177215189,0.9842155919153032,0.9957156767283349,0.9899322362052275,0.9991032231566499,0.9990505394962302,0.8356051269493037,0.06278028516135237,0.014703908209412475,0.7400485546895652,0.7112258594133891,200368,200368,4390992,144,4257792,66528,66528
experiment_data\runs\20260102_201007_seed42_DoS_Hulk_w32-16_g5_k3\lut_sweeps_v2\seed0_L128_asymmetric_uint8_linear_closed_zero_spline_spline_component\eval\bs1_tt1_tn1\lut_report_unified.json,seed0_L128_asymmetric_uint8_linear_closed_zero_spline_spline_component,0,128,asymmetric,uint8,linear,closed,zero_spline,spline_component,1,1,1,0.9899491507086444,0.9843629673996749,0.9957156767283349,0.9900067768897304,0.9991061054136088,0.9990538477962826,0.9898734177215189,0.9842155919153032,0.9957156767283349,0.9899322362052275,0.9991032231566498,0.9990505396587218,0.9898734177215189,0.9842155919153032,0.9957156767283349,0.9899322362052275,0.9991032231566499,0.9990505396514948,147.85598659981042,7.48940119985491,0.02715360000729561,179.319055005908,179.6931100077927,200368,200368,4390992,144,4257792,66528,66528
experiment_data\runs\20260102_201007_seed42_DoS_Hulk_w32-16_g5_k3\lut_sweeps_v2\seed0_L128_asymmetric_uint8_linear_closed_zero_spline_spline_component\eval\bs256_tt1_tn1\lut_report_unified.json,seed0_L128_asymmetric_uint8_linear_closed_zero_spline_spline_component,0,128,asymmetric,uint8,linear,closed,zero_spline,spline_component,256,1,1,0.9899491507086444,0.9843629673996749,0.9957156767283349,0.9900067768897304,0.9991061054136088,0.9990538477962826,0.9898734177215189,0.9842155919153032,0.9957156767283349,0.9899322362052275,0.9991032231566498,0.9990505396587218,0.9898734177215189,0.9842155919153032,0.9957156767283349,0.9899322362052275,0.9991032231566499,0.9990505396514948,0.8305740175819665,0.06650483594057732,0.014189703124429798,0.7375166405836353,0.7042312890916946,200368,200368,4390992,144,4257792,66528,66528
experiment_data\runs\20260102_201007_seed42_DoS_Hulk_w32-16_g5_k3\lut_sweeps_v2\seed0_L128_asymmetric_uint8_linear_half_open_clip_x_spline_component\eval\bs1_tt1_tn1\lut_report_unified.json,seed0_L128_asymmetric_uint8_linear_half_open_clip_x_spline_component,0,128,asymmetric,uint8,linear,half_open,clip_x,spline_component,1,1,1,0.9899491507086444,0.9843629673996749,0.9957156767283349,0.9900067768897304,0.9991061054136088,0.9990538477962826,0.9898734177215189,0.9842155919153032,0.9957156767283349,0.9899322362052275,0.9991032231566499,0.9990505392629225,0.9898734177215189,0.9842155919153032,0.9957156767283349,0.9899322362052275,0.9991032231566499,0.9990505394962302,148.86987720057368,7.044592600315809,0.026783399283885956,178.73670998960733,177.97063500620425,200368,200368,4390992,144,4257792,66528,66528
experiment_data\runs\20260102_201007_seed42_DoS_Hulk_w32-16_g5_k3\lut_sweeps_v2\seed0_L128_asymmetric_uint8_linear_half_open_clip_x_spline_component\eval\bs256_tt1_tn1\lut_report_unified.json,seed0_L128_asymmetric_uint8_linear_half_open_clip_x_spline_component,0,128,asymmetric,uint8,linear,half_open,clip_x,spline_component,256,1,1,0.9899491507086444,0.9843629673996749,0.9957156767283349,0.9900067768897304,0.9991061054136088,0.9990538477962826,0.9898734177215189,0.9842155919153032,0.9957156767283349,0.9899322362052275,0.9991032231566499,0.9990505392629225,0.9898734177215189,0.9842155919153032,0.9957156767283349,0.9899322362052275,0.9991032231566499,0.9990505394962302,0.8331904902388487,0.06580247460988176,0.014771658197787474,0.7345722460740944,0.7059923242195509,200368,200368,4390992,144,4257792,66528,66528
experiment_data\runs\20260102_201007_seed42_DoS_Hulk_w32-16_g5_k3\lut_sweeps_v2\seed0_L128_asymmetric_uint8_linear_half_open_zero_spline_spline_component\eval\bs1_tt1_tn1\lut_report_unified.json,seed0_L128_asymmetric_uint8_linear_half_open_zero_spline_spline_component,0,128,asymmetric,uint8,linear,half_open,zero_spline,spline_component,1,1,1,0.9899491507086444,0.9843629673996749,0.9957156767283349,0.9900067768897304,0.9991061054136088,0.9990538477962826,0.9898734177215189,0.9842155919153032,0.9957156767283349,0.9899322362052275,0.9991032231566498,0.9990505396587218,0.9898734177215189,0.9842155919153032,0.9957156767283349,0.9899322362052275,0.9991032231566499,0.9990505396514948,147.28751579951495,7.641689799726009,0.026514800265431404,178.86575998272747,179.98090500477701,200368,200368,4390992,144,4257792,66528,66528
experiment_data\runs\20260102_201007_seed42_DoS_Hulk_w32-16_g5_k3\lut_sweeps_v2\seed0_L128_asymmetric_uint8_linear_half_open_zero_spline_spline_component\eval\bs256_tt1_tn1\lut_report_unified.json,seed0_L128_asymmetric_uint8_linear_half_open_zero_spline_spline_component,0,128,asymmetric,uint8,linear,half_open,zero_spline,spline_component,256,1,1,0.9899491507086444,0.9843629673996749,0.9957156767283349,0.9900067768897304,0.9991061054136088,0.9990538477962826,0.9898734177215189,0.9842155919153032,0.9957156767283349,0.9899322362052275,0.9991032231566498,0.9990505396587218,0.9898734177215189,0.9842155919153032,0.9957156767283349,0.9899322362052275,0.9991032231566499,0.9990505396514948,0.8280101288983133,0.06856711524051207,0.014230869146558689,0.7378134179816698,0.7073770508213784,200368,200368,4390992,144,4257792,66528,66528
experiment_data\runs\20260102_201007_seed42_DoS_Hulk_w32-16_g5_k3\lut_sweeps_v2\seed0_L128_symmetric_int8_linear_closed_clip_x_spline_component\eval\bs1_tt1_tn1\lut_report_unified.json,seed0_L128_symmetric_int8_linear_closed_clip_x_spline_component,0,128,symmetric,int8,linear,closed,clip_x,spline_component,1,1,1,0.9899491507086444,0.9843629673996749,0.9957156767283349,0.9900067768897304,0.9991061054136088,0.9990538477962826,0.9898842367196797,0.9842366428540873,0.9957156767283349,0.9899428841872022,0.9991034670903529,0.9990508088975617,0.9898842367196797,0.9842366428540873,0.9957156767283349,0.9899428841872022,0.9991034673244542,0.9990508081527174,146.18784740008414,6.824738199822605,0.025898000225424767,179.41058499272913,176.60532998852432,200368,200368,4390992,144,4257792,66528,66528
experiment_data\runs\20260102_201007_seed42_DoS_Hulk_w32-16_g5_k3\lut_sweeps_v2\seed0_L128_symmetric_int8_linear_closed_clip_x_spline_component\eval\bs256_tt1_tn1\lut_report_unified.json,seed0_L128_symmetric_int8_linear_closed_clip_x_spline_component,0,128,symmetric,int8,linear,closed,clip_x,spline_component,256,1,1,0.9899491507086444,0.9843629673996749,0.9957156767283349,0.9900067768897304,0.9991061054136088,0.9990538477962826,0.9898842367196797,0.9842366428540873,0.9957156767283349,0.9899428841872022,0.9991034670903529,0.9990508088975617,0.9898842367196797,0.9842366428540873,0.9957156767283349,0.9899428841872022,0.9991034673244542,0.9990508081527174,0.829360781244759,0.061887150386610294,0.014678890629511443,0.7289948437573912,0.7078623437337228,200368,200368,4390992,144,4257792,66528,66528
experiment_data\runs\20260102_201007_seed42_DoS_Hulk_w32-16_g5_k3\lut_sweeps_v2\seed0_L128_symmetric_int8_linear_closed_zero_spline_spline_component\eval\bs1_tt1_tn1\lut_report_unified.json,seed0_L128_symmetric_int8_linear_closed_zero_spline_spline_component,0,128,symmetric,int8,linear,closed,zero_spline,spline_component,1,1,1,0.9899491507086444,0.9843629673996749,0.9957156767283349,0.9900067768897304,0.9991061054136088,0.9990538477962826,0.9898842367196797,0.9842366428540873,0.9957156767283349,0.9899428841872022,0.9991034670903529,0.9990508088975617,0.9898842367196797,0.9842366428540873,0.9957156767283349,0.9899428841872022,0.9991034673244542,0.9990508081527174,147.99825739953667,7.532602800056338,0.026207199320197105,176.80853500496596,176.66367499623448,200368,200368,4390992,144,4257792,66528,66528
experiment_data\runs\20260102_201007_seed42_DoS_Hulk_w32-16_g5_k3\lut_sweeps_v2\seed0_L128_symmetric_int8_linear_closed_zero_spline_spline_component\eval\bs256_tt1_tn1\lut_report_unified.json,seed0_L128_symmetric_int8_linear_closed_zero_spline_spline_component,0,128,symmetric,int8,linear,closed,zero_spline,spline_component,256,1,1,0.9899491507086444,0.9843629673996749,0.9957156767283349,0.9900067768897304,0.9991061054136088,0.9990538477962826,0.9898842367196797,0.9842366428540873,0.9957156767283349,0.9899428841872022,0.9991034670903529,0.9990508088975617,0.9898842367196797,0.9842366428540873,0.9957156767283349,0.9899428841872022,0.9991034673244542,0.9990508081527174,0.8346969140620786,0.06672829101262323,0.014833353516223724,0.7248736524161359,0.6926234765160189,200368,200368,4390992,144,4257792,66528,66528
experiment_data\runs\20260102_201007_seed42_DoS_Hulk_w32-16_g5_k3\lut_sweeps_v2\seed0_L128_symmetric_int8_linear_half_open_clip_x_spline_component\eval\bs1_tt1_tn1\lut_report_unified.json,seed0_L128_symmetric_int8_linear_half_open_clip_x_spline_component,0,128,symmetric,int8,linear,half_open,clip_x,spline_component,1,1,1,0.9899491507086444,0.9843629673996749,0.9957156767283349,0.9900067768897304,0.9991061054136088,0.9990538477962826,0.9898842367196797,0.9842366428540873,0.9957156767283349,0.9899428841872022,0.9991034670903529,0.9990508088975617,0.9898842367196797,0.9842366428540873,0.9957156767283349,0.9899428841872022,0.9991034673244542,0.9990508081527174,146.71718399971724,7.018368599936366,0.02669139951467514,177.1094650030136,174.32737501803786,200368,200368,4390992,144,4257792,66528,66528
experiment_data\runs\20260102_201007_seed42_DoS_Hulk_w32-16_g5_k3\lut_sweeps_v2\seed0_L128_symmetric_int8_linear_half_open_clip_x_spline_component\eval\bs256_tt1_tn1\lut_report_unified.json,seed0_L128_symmetric_int8_linear_half_open_clip_x_spline_component,0,128,symmetric,int8,linear,half_open,clip_x,spline_component,256,1,1,0.9899491507086444,0.9843629673996749,0.9957156767283349,0.9900067768897304,0.9991061054136088,0.9990538477962826,0.9898842367196797,0.9842366428540873,0.9957156767283349,0.9899428841872022,0.9991034670903529,0.9990508088975617,0.9898842367196797,0.9842366428540873,0.9957156767283349,0.9899428841872022,0.9991034673244542,0.9990508081527174,0.8392473515687016,0.06281169140493148,0.014406914069695631,0.7312904883292504,0.692618710854731,200368,200368,4390992,144,4257792,66528,66528
experiment_data\runs\20260102_201007_seed42_DoS_Hulk_w32-16_g5_k3\lut_sweeps_v2\seed0_L128_symmetric_int8_linear_half_open_zero_spline_spline_component\eval\bs1_tt1_tn1\lut_report_unified.json,seed0_L128_symmetric_int8_linear_half_open_zero_spline_spline_component,0,128,symmetric,int8,linear,half_open,zero_spline,spline_component,1,1,1,0.9899491507086444,0.9843629673996749,0.9957156767283349,0.9900067768897304,0.9991061054136088,0.9990538477962826,0.9898842367196797,0.9842366428540873,0.9957156767283349,0.9899428841872022,0.9991034670903529,0.9990508088975617,0.9898842367196797,0.9842366428540873,0.9957156767283349,0.9899428841872022,0.9991034673244542,0.9990508081527174,147.7667979998514,7.653610399924219,0.02671460062265396,176.37314999010414,174.54298499505967,200368,200368,4390992,144,4257792,66528,66528
experiment_data\runs\20260102_201007_seed42_DoS_Hulk_w32-16_g5_k3\lut_sweeps_v2\seed0_L128_symmetric_int8_linear_half_open_zero_spline_spline_component\eval\bs256_tt1_tn1\lut_report_unified.json,seed0_L128_symmetric_int8_linear_half_open_zero_spline_spline_component,0,128,symmetric,int8,linear,half_open,zero_spline,spline_component,256,1,1,0.9899491507086444,0.9843629673996749,0.9957156767283349,0.9900067768897304,0.9991061054136088,0.9990538477962826,0.9898842367196797,0.9842366428540873,0.9957156767283349,0.9899428841872022,0.9991034670903529,0.9990508088975617,0.9898842367196797,0.9842366428540873,0.9957156767283349,0.9899428841872022,0.9991034673244542,0.9990508081527174,0.8383573378978326,0.06776147070013394,0.015352296877608751,0.729066894564312,0.7040106054773787,200368,200368,4390992,144,4257792,66528,66528
experiment_data\runs\20260102_201007_seed42_DoS_Hulk_w32-16_g5_k3\lut_sweeps_v2\seed0_L16_asymmetric_uint8_linear_closed_clip_x_spline_component\eval\bs1_tt1_tn1\lut_report_unified.json,seed0_L16_asymmetric_uint8_linear_closed_clip_x_spline_component,0,16,asymmetric,uint8,linear,closed,clip_x,spline_component,1,1,1,0.9899491507086444,0.9843629673996749,0.9957156767283349,0.9900067768897304,0.9991061054136088,0.9990538477962826,0.9896029427674997,0.9833176691729323,0.9961051606621227,0.9896701099633456,0.9990859225918531,0.9990319009255247,0.9896029427674997,0.9833176691729323,0.9961051606621227,0.9896701099633456,0.9990859225918531,0.9990319007042305,148.19021979998797,6.751537400297821,0.02553739957511425,167.45589498896152,164.2784049967304,200368,200368,665424,144,532224,66528,66528
experiment_data\runs\20260102_201007_seed42_DoS_Hulk_w32-16_g5_k3\lut_sweeps_v2\seed0_L16_asymmetric_uint8_linear_closed_clip_x_spline_component\eval\bs256_tt1_tn1\lut_report_unified.json,seed0_L16_asymmetric_uint8_linear_closed_clip_x_spline_component,0,16,asymmetric,uint8,linear,closed,clip_x,spline_component,256,1,1,0.9899491507086444,0.9843629673996749,0.9957156767283349,0.9900067768897304,0.9991061054136088,0.9990538477962826,0.9896029427674997,0.9833176691729323,0.9961051606621227,0.9896701099633456,0.9990859225918531,0.9990319009255247,0.9896029427674997,0.9833176691729323,0.9961051606621227,0.9896701099633456,0.9990859225918531,0.9990319007042305,0.8314513222649111,0.06155123827738862,0.01329839257778076,0.6852177538348769,0.6517461523799284,200368,200368,665424,144,532224,66528,66528
experiment_data\runs\20260102_201007_seed42_DoS_Hulk_w32-16_g5_k3\lut_sweeps_v2\seed0_L16_asymmetric_uint8_linear_closed_zero_spline_spline_component\eval\bs1_tt1_tn1\lut_report_unified.json,seed0_L16_asymmetric_uint8_linear_closed_zero_spline_spline_component,0,16,asymmetric,uint8,linear,closed,zero_spline,spline_component,1,1,1,0.9899491507086444,0.9843629673996749,0.9957156767283349,0.9900067768897304,0.9991061054136088,0.9990538477962826,0.9896029427674997,0.9833176691729323,0.9961051606621227,0.9896701099633456,0.9990859366379398,0.9990319135157615,0.9896029427674997,0.9833176691729323,0.9961051606621227,0.9896701099633456,0.9990859366379398,0.9990319135412871,148.20615800004452,7.531717199832201,0.025077800266444683,167.3123950138688,164.36256999149919,200368,200368,665424,144,532224,66528,66528
experiment_data\runs\20260102_201007_seed42_DoS_Hulk_w32-16_g5_k3\lut_sweeps_v2\seed0_L16_asymmetric_uint8_linear_closed_zero_spline_spline_component\eval\bs256_tt1_tn1\lut_report_unified.json,seed0_L16_asymmetric_uint8_linear_closed_zero_spline_spline_component,0,16,asymmetric,uint8,linear,closed,zero_spline,spline_component,256,1,1,0.9899491507086444,0.9843629673996749,0.9957156767283349,0.9900067768897304,0.9991061054136088,0.9990538477962826,0.9896029427674997,0.9833176691729323,0.9961051606621227,0.9896701099633456,0.9990859366379398,0.9990319135157615,0.9896029427674997,0.9833176691729323,0.9961051606621227,0.9896701099633456,0.9990859366379398,0.9990319135412871,0.8338909687518026,0.0669538847705553,0.013641374998769606,0.6887183203616587,0.6494906640909903,200368,200368,665424,144,532224,66528,66528
experiment_data\runs\20260102_201007_seed42_DoS_Hulk_w32-16_g5_k3\lut_sweeps_v2\seed0_L16_asymmetric_uint8_linear_half_open_clip_x_spline_component\eval\bs1_tt1_tn1\lut_report_unified.json,seed0_L16_asymmetric_uint8_linear_half_open_clip_x_spline_component,0,16,asymmetric,uint8,linear,half_open,clip_x,spline_component,1,1,1,0.9899491507086444,0.9843629673996749,0.9957156767283349,0.9900067768897304,0.9991061054136088,0.9990538477962826,0.9896029427674997,0.9833176691729323,0.9961051606621227,0.9896701099633456,0.9990859225918531,0.9990319009255247,0.9896029427674997,0.9833176691729323,0.9961051606621227,0.9896701099633456,0.9990859225918531,0.9990319007042305,147.6328484006226,7.024340400472283,0.025431799702346325,169.9364900123328,169.64389998465776,200368,200368,665424,144,532224,66528,66528
experiment_data\runs\20260102_201007_seed42_DoS_Hulk_w32-16_g5_k3\lut_sweeps_v2\seed0_L16_asymmetric_uint8_linear_half_open_clip_x_spline_component\eval\bs256_tt1_tn1\lut_report_unified.json,seed0_L16_asymmetric_uint8_linear_half_open_clip_x_spline_component,0,16,asymmetric,uint8,linear,half_open,clip_x,spline_component,256,1,1,0.9899491507086444,0.9843629673996749,0.9957156767283349,0.9900067768897304,0.9991061054136088,0.9990538477962826,0.9896029427674997,0.9833176691729323,0.9961051606621227,0.9896701099633456,0.9990859225918531,0.9990319009255247,0.9896029427674997,0.9833176691729323,0.9961051606621227,0.9896701099633456,0.9990859225918531,0.9990319007042305,0.8321142695240269,0.06397133788595966,0.013625169922306668,0.6867269141366705,0.6536023827720783,200368,200368,665424,144,532224,66528,66528
experiment_data\runs\20260102_201007_seed42_DoS_Hulk_w32-16_g5_k3\lut_sweeps_v2\seed0_L16_asymmetric_uint8_linear_half_open_zero_spline_spline_component\eval\bs1_tt1_tn1\lut_report_unified.json,seed0_L16_asymmetric_uint8_linear_half_open_zero_spline_spline_component,0,16,asymmetric,uint8,linear,half_open,zero_spline,spline_component,1,1,1,0.9899491507086444,0.9843629673996749,0.9957156767283349,0.9900067768897304,0.9991061054136088,0.9990538477962826,0.9896029427674997,0.9833176691729323,0.9961051606621227,0.9896701099633456,0.9990859366379398,0.9990319135157615,0.9896029427674997,0.9833176691729323,0.9961051606621227,0.9896701099633456,0.9990859366379398,0.9990319135412871,148.9220501994714,7.62760220002383,0.02546800021082163,167.24412499461323,164.12973999977112,200368,200368,665424,144,532224,66528,66528
experiment_data\runs\20260102_201007_seed42_DoS_Hulk_w32-16_g5_k3\lut_sweeps_v2\seed0_L16_asymmetric_uint8_linear_half_open_zero_spline_spline_component\eval\bs256_tt1_tn1\lut_report_unified.json,seed0_L16_asymmetric_uint8_linear_half_open_zero_spline_spline_component,0,16,asymmetric,uint8,linear,half_open,zero_spline,spline_component,256,1,1,0.9899491507086444,0.9843629673996749,0.9957156767283349,0.9900067768897304,0.9991061054136088,0.9990538477962826,0.9896029427674997,0.9833176691729323,0.9961051606621227,0.9896701099633456,0.9990859366379398,0.9990319135157615,0.9896029427674997,0.9833176691729323,0.9961051606621227,0.9896701099633456,0.9990859366379398,0.9990319135412871,0.829407865239773,0.06724601952555531,0.013397601560427574,0.692824707039108,0.6586042187336716,200368,200368,665424,144,532224,66528,66528
experiment_data\runs\20260102_201007_seed42_DoS_Hulk_w32-16_g5_k3\lut_sweeps_v2\seed0_L16_symmetric_int8_linear_closed_clip_x_spline_component\eval\bs1_tt1_tn1\lut_report_unified.json,seed0_L16_symmetric_int8_linear_closed_clip_x_spline_component,0,16,symmetric,int8,linear,closed,clip_x,spline_component,1,1,1,0.9899491507086444,0.9843629673996749,0.9957156767283349,0.9900067768897304,0.9991061054136088,0.9990538477962826,0.9896029427674997,0.9833176691729323,0.9961051606621227,0.9896701099633456,0.9990867279008151,0.9990328672540946,0.9896029427674997,0.9833176691729323,0.9961051606621227,0.9896701099633456,0.9990867279008151,0.9990328668762254,145.38583219982684,6.7413210002705455,0.02581140026450157,163.4766299976036,163.48851001821458,200368,200368,665424,144,532224,66528,66528
experiment_data\runs\20260102_201007_seed42_DoS_Hulk_w32-16_g5_k3\lut_sweeps_v2\seed0_L16_symmetric_int8_linear_closed_clip_x_spline_component\eval\bs256_tt1_tn1\lut_report_unified.json,seed0_L16_symmetric_int8_linear_closed_clip_x_spline_component,0,16,symmetric,int8,linear,closed,clip_x,spline_component,256,1,1,0.9899491507086444,0.9843629673996749,0.9957156767283349,0.9900067768897304,0.9991061054136088,0.9990538477962826,0.9896029427674997,0.9833176691729323,0.9961051606621227,0.9896701099633456,0.9990867279008151,0.9990328672540946,0.9896029427674997,0.9833176691729323,0.9961051606621227,0.9896701099633456,0.9990867279008151,0.9990328668762254,0.8360993750011403,0.060624845700658625,0.013547183589253109,0.6769127343432046,0.6458198046857433,200368,200368,665424,144,532224,66528,66528
experiment_data\runs\20260102_201007_seed42_DoS_Hulk_w32-16_g5_k3\lut_sweeps_v2\seed0_L16_symmetric_int8_linear_closed_zero_spline_spline_component\eval\bs1_tt1_tn1\lut_report_unified.json,seed0_L16_symmetric_int8_linear_closed_zero_spline_spline_component,0,16,symmetric,int8,linear,closed,zero_spline,spline_component,1,1,1,0.9899491507086444,0.9843629673996749,0.9957156767283349,0.9900067768897304,0.9991061054136088,0.9990538477962826,0.9896029427674997,0.9833176691729323,0.9961051606621227,0.9896701099633456,0.9990867279008151,0.9990328672540946,0.9896029427674997,0.9833176691729323,0.9961051606621227,0.9896701099633456,0.9990867279008151,0.9990328668762254,149.8761833999306,7.452380599454045,0.026103000156581402,169.00064500514418,163.63899998832494,200368,200368,665424,144,532224,66528,66528
experiment_data\runs\20260102_201007_seed42_DoS_Hulk_w32-16_g5_k3\lut_sweeps_v2\seed0_L16_symmetric_int8_linear_closed_zero_spline_spline_component\eval\bs256_tt1_tn1\lut_report_unified.json,seed0_L16_symmetric_int8_linear_closed_zero_spline_spline_component,0,16,symmetric,int8,linear,closed,zero_spline,spline_component,256,1,1,0.9899491507086444,0.9843629673996749,0.9957156767283349,0.9900067768897304,0.9991061054136088,0.9990538477962826,0.9896029427674997,0.9833176691729323,0.9961051606621227,0.9896701099633456,0.9990867279008151,0.9990328672540946,0.9896029427674997,0.9833176691729323,0.9961051606621227,0.9896701099633456,0.9990867279008151,0.9990328668762254,1.2122321796869073,0.10633257225890702,0.019808560546152876,0.9083088281840901,0.7123325976863271,200368,200368,665424,144,532224,66528,66528
experiment_data\runs\20260102_201007_seed42_DoS_Hulk_w32-16_g5_k3\lut_sweeps_v2\seed0_L16_symmetric_int8_linear_half_open_clip_x_spline_component\eval\bs1_tt1_tn1\lut_report_unified.json,seed0_L16_symmetric_int8_linear_half_open_clip_x_spline_component,0,16,symmetric,int8,linear,half_open,clip_x,spline_component,1,1,1,0.9899491507086444,0.9843629673996749,0.9957156767283349,0.9900067768897304,0.9991061054136088,0.9990538477962826,0.9896029427674997,0.9833176691729323,0.9961051606621227,0.9896701099633456,0.9990867279008151,0.9990328672540946,0.9896029427674997,0.9833176691729323,0.9961051606621227,0.9896701099633456,0.9990867279008151,0.9990328668762254,148.92024219967425,7.193409199826419,0.02494680043309927,170.0082799885422,168.25984499882907,200368,200368,665424,144,532224,66528,66528
experiment_data\runs\20260102_201007_seed42_DoS_Hulk_w32-16_g5_k3\lut_sweeps_v2\seed0_L16_symmetric_int8_linear_half_open_clip_x_spline_component\eval\bs256_tt1_tn1\lut_report_unified.json,seed0_L16_symmetric_int8_linear_half_open_clip_x_spline_component,0,16,symmetric,int8,linear,half_open,clip_x,spline_component,256,1,1,0.9899491507086444,0.9843629673996749,0.9957156767283349,0.9900067768897304,0.9991061054136088,0.9990538477962826,0.9896029427674997,0.9833176691729323,0.9961051606621227,0.9896701099633456,0.9990867279008151,0.9990328672540946,0.9896029427674997,0.9833176691729323,0.9961051606621227,0.9896701099633456,0.9990867279008151,0.9990328668762254,0.8476914140646841,0.0632245644555951,0.014285642582763103,0.6870353516205796,0.6718825976349763,200368,200368,665424,144,532224,66528,66528
experiment_data\runs\20260102_201007_seed42_DoS_Hulk_w32-16_g5_k3\lut_sweeps_v2\seed0_L16_symmetric_int8_linear_half_open_zero_spline_spline_component\eval\bs1_tt1_tn1\lut_report_unified.json,seed0_L16_symmetric_int8_linear_half_open_zero_spline_spline_component,0,16,symmetric,int8,linear,half_open,zero_spline,spline_component,1,1,1,0.9899491507086444,0.9843629673996749,0.9957156767283349,0.9900067768897304,0.9991061054136088,0.9990538477962826,0.9896029427674997,0.9833176691729323,0.9961051606621227,0.9896701099633456,0.9990867279008151,0.9990328672540946,0.9896029427674997,0.9833176691729323,0.9961051606621227,0.9896701099633456,0.9990867279008151,0.9990328668762254,148.51078820042312,7.72933859936893,0.025749200023710728,165.66948499530554,162.99946999642998,200368,200368,665424,144,532224,66528,66528
experiment_data\runs\20260102_201007_seed42_DoS_Hulk_w32-16_g5_k3\lut_sweeps_v2\seed0_L16_symmetric_int8_linear_half_open_zero_spline_spline_component\eval\bs256_tt1_tn1\lut_report_unified.json,seed0_L16_symmetric_int8_linear_half_open_zero_spline_spline_component,0,16,symmetric,int8,linear,half_open,zero_spline,spline_component,256,1,1,0.9899491507086444,0.9843629673996749,0.9957156767283349,0.9900067768897304,0.9991061054136088,0.9990538477962826,0.9896029427674997,0.9833176691729323,0.9961051606621227,0.9896701099633456,0.9990867279008151,0.9990328672540946,0.9896029427674997,0.9833176691729323,0.9961051606621227,0.9896701099633456,0.9990867279008151,0.9990328668762254,0.8374103027381352,0.06776695899134211,0.013801267577946419,0.6890692187880632,0.6537700976878114,200368,200368,665424,144,532224,66528,66528
experiment_data\runs\20260102_201007_seed42_DoS_Hulk_w32-16_g5_k3\lut_sweeps_v2\seed0_L256_asymmetric_uint8_linear_closed_clip_x_spline_component\eval\bs1_tt1_tn1\lut_report_unified.json,seed0_L256_asymmetric_uint8_linear_closed_clip_x_spline_component,0,256,asymmetric,uint8,linear,closed,clip_x,spline_component,1,1,1,0.9899491507086444,0.9843629673996749,0.9957156767283349,0.9900067768897304,0.9991061054136088,0.9990538477962826,0.9899058747160013,0.9842787474332649,0.9957156767283349,0.989964180838362,0.9991046020141456,0.9990520478124402,0.9899058747160013,0.9842787474332649,0.9957156767283349,0.989964180838362,0.9991046001413341,0.9990520439079206,146.7363051995635,6.805012400262058,0.02638160064816475,193.42346501071006,192.05261000897735,200368,200368,8648784,144,8515584,66528,66528
experiment_data\runs\20260102_201007_seed42_DoS_Hulk_w32-16_g5_k3\lut_sweeps_v2\seed0_L256_asymmetric_uint8_linear_closed_clip_x_spline_component\eval\bs256_tt1_tn1\lut_report_unified.json,seed0_L256_asymmetric_uint8_linear_closed_clip_x_spline_component,0,256,asymmetric,uint8,linear,closed,clip_x,spline_component,256,1,1,0.9899491507086444,0.9843629673996749,0.9957156767283349,0.9900067768897304,0.9991061054136088,0.9990538477962826,0.9899058747160013,0.9842787474332649,0.9957156767283349,0.989964180838362,0.9991046020141456,0.9990520478124402,0.9899058747160013,0.9842787474332649,0.9957156767283349,0.989964180838362,0.9991046001413341,0.9990520439079206,0.8316227988234459,0.062337902336366824,0.014269865232563461,0.7833992382984434,0.7579617578812758,200368,200368,8648784,144,8515584,66528,66528
experiment_data\runs\20260102_201007_seed42_DoS_Hulk_w32-16_g5_k3\lut_sweeps_v2\seed0_L256_asymmetric_uint8_linear_closed_zero_spline_spline_component\eval\bs1_tt1_tn1\lut_report_unified.json,seed0_L256_asymmetric_uint8_linear_closed_zero_spline_spline_component,0,256,asymmetric,uint8,linear,closed,zero_spline,spline_component,1,1,1,0.9899491507086444,0.9843629673996749,0.9957156767283349,0.9900067768897304,0.9991061054136088,0.9990538477962826,0.9899058747160013,0.9842787474332649,0.9957156767283349,0.989964180838362,0.9991045982685225,0.9990520437314503,0.9899058747160013,0.9842787474332649,0.9957156767283349,0.989964180838362,0.9991045982685225,0.9990520434648898,147.73095159977674,7.583827400580049,0.026974800042808056,189.92045500781387,187.721009994857,200368,200368,8648784,144,8515584,66528,66528
experiment_data\runs\20260102_201007_seed42_DoS_Hulk_w32-16_g5_k3\lut_sweeps_v2\seed0_L256_asymmetric_uint8_linear_closed_zero_spline_spline_component\eval\bs256_tt1_tn1\lut_report_unified.json,seed0_L256_asymmetric_uint8_linear_closed_zero_spline_spline_component,0,256,asymmetric,uint8,linear,closed,zero_spline,spline_component,256,1,1,0.9899491507086444,0.9843629673996749,0.9957156767283349,0.9900067768897304,0.9991061054136088,0.9990538477962826,0.9899058747160013,0.9842787474332649,0.9957156767283349,0.989964180838362,0.9991045982685225,0.9990520437314503,0.9899058747160013,0.9842787474332649,0.9957156767283349,0.989964180838362,0.9991045982685225,0.9990520434648898,0.9418842031300301,0.09766887695150217,0.021814476558574825,1.2791186718459358,1.1928933789931762,200368,200368,8648784,144,8515584,66528,66528
experiment_data\runs\20260102_201007_seed42_DoS_Hulk_w32-16_g5_k3\lut_sweeps_v2\seed0_L256_asymmetric_uint8_linear_half_open_clip_x_spline_component\eval\bs1_tt1_tn1\lut_report_unified.json,seed0_L256_asymmetric_uint8_linear_half_open_clip_x_spline_component,0,256,asymmetric,uint8,linear,half_open,clip_x,spline_component,1,1,1,0.9899491507086444,0.9843629673996749,0.9957156767283349,0.9900067768897304,0.9991061054136088,0.9990538477962826,0.9899058747160013,0.9842787474332649,0.9957156767283349,0.989964180838362,0.9991046020141456,0.9990520478124402,0.9899058747160013,0.9842787474332649,0.9957156767283349,0.989964180838362,0.9991046001413341,0.9990520439079206,209.6486472003162,7.252737800590694,0.026975399814546108,244.6736049838364,249.75642999634147,200368,200368,8648784,144,8515584,66528,66528
experiment_data\runs\20260102_201007_seed42_DoS_Hulk_w32-16_g5_k3\lut_sweeps_v2\seed0_L256_asymmetric_uint8_linear_half_open_clip_x_spline_component\eval\bs256_tt1_tn1\lut_report_unified.json,seed0_L256_asymmetric_uint8_linear_half_open_clip_x_spline_component,0,256,asymmetric,uint8,linear,half_open,clip_x,spline_component,256,1,1,0.9899491507086444,0.9843629673996749,0.9957156767283349,0.9900067768897304,0.9991061054136088,0.9990538477962826,0.9899058747160013,0.9842787474332649,0.9957156767283349,0.989964180838362,0.9991046020141456,0.9990520478124402,0.9899058747160013,0.9842787474332649,0.9957156767283349,0.989964180838362,0.9991046001413341,0.9990520439079206,1.1823656464912347,0.09007790039504471,0.02111909765517339,1.120759648438252,1.1501617773319595,200368,200368,8648784,144,8515584,66528,66528
experiment_data\runs\20260102_201007_seed42_DoS_Hulk_w32-16_g5_k3\lut_sweeps_v2\seed0_L256_asymmetric_uint8_linear_half_open_zero_spline_spline_component\eval\bs1_tt1_tn1\lut_report_unified.json,seed0_L256_asymmetric_uint8_linear_half_open_zero_spline_spline_component,0,256,asymmetric,uint8,linear,half_open,zero_spline,spline_component,1,1,1,0.9899491507086444,0.9843629673996749,0.9957156767283349,0.9900067768897304,0.9991061054136088,0.9990538477962826,0.9899058747160013,0.9842787474332649,0.9957156767283349,0.989964180838362,0.9991045982685225,0.9990520437314503,0.9899058747160013,0.9842787474332649,0.9957156767283349,0.989964180838362,0.9991045982685225,0.9990520434648898,206.27298040036112,11.111761200241745,0.03688040003180504,268.9259000122547,253.5355550004169,200368,200368,8648784,144,8515584,66528,66528
experiment_data\runs\20260102_201007_seed42_DoS_Hulk_w32-16_g5_k3\lut_sweeps_v2\seed0_L256_asymmetric_uint8_linear_half_open_zero_spline_spline_component\eval\bs256_tt1_tn1\lut_report_unified.json,seed0_L256_asymmetric_uint8_linear_half_open_zero_spline_spline_component,0,256,asymmetric,uint8,linear,half_open,zero_spline,spline_component,256,1,1,0.9899491507086444,0.9843629673996749,0.9957156767283349,0.9900067768897304,0.9991061054136088,0.9990538477962826,0.9899058747160013,0.9842787474332649,0.9957156767283349,0.989964180838362,0.9991045982685225,0.9990520437314503,0.9899058747160013,0.9842787474332649,0.9957156767283349,0.989964180838362,0.9991045982685225,0.9990520434648898,1.2625850468702993,0.11162065039570734,0.015270664071067586,1.1680528515171318,1.0222194140624197,200368,200368,8648784,144,8515584,66528,66528
experiment_data\runs\20260102_201007_seed42_DoS_Hulk_w32-16_g5_k3\lut_sweeps_v2\seed0_L256_symmetric_int8_linear_closed_clip_x_spline_component\eval\bs1_tt1_tn1\lut_report_unified.json,seed0_L256_symmetric_int8_linear_closed_clip_x_spline_component,0,256,symmetric,int8,linear,closed,clip_x,spline_component,1,1,1,0.9899491507086444,0.9843629673996749,0.9957156767283349,0.9900067768897304,0.9991061054136088,0.9990538477962826,0.9898950557178405,0.9842576946933886,0.9957156767283349,0.9899535323982446,0.9991045383385533,0.9990519752559315,0.9898950557178405,0.9842576946933886,0.9957156767283349,0.9899535323982446,0.9991045383385533,0.9990519753034304,146.48667339980602,6.836924800649285,0.029745399951934814,191.59691000822932,184.51102001126856,200368,200368,8648784,144,8515584,66528,66528
experiment_data\runs\20260102_201007_seed42_DoS_Hulk_w32-16_g5_k3\lut_sweeps_v2\seed0_L256_symmetric_int8_linear_closed_clip_x_spline_component\eval\bs256_tt1_tn1\lut_report_unified.json,seed0_L256_symmetric_int8_linear_closed_clip_x_spline_component,0,256,symmetric,int8,linear,closed,clip_x,spline_component,256,1,1,0.9899491507086444,0.9843629673996749,0.9957156767283349,0.9900067768897304,0.9991061054136088,0.9990538477962826,0.9898950557178405,0.9842576946933886,0.9957156767283349,0.9899535323982446,0.9991045383385533,0.9990519752559315,0.9898950557178405,0.9842576946933886,0.9957156767283349,0.9899535323982446,0.9991045383385533,0.9990519753034304,0.8359469160131994,0.06240558398530994,0.015872943358772318,0.7697745311816107,0.7357046289143909,200368,200368,8648784,144,8515584,66528,66528
experiment_data\runs\20260102_201007_seed42_DoS_Hulk_w32-16_g5_k3\lut_sweeps_v2\seed0_L256_symmetric_int8_linear_closed_zero_spline_spline_component\eval\bs1_tt1_tn1\lut_report_unified.json,seed0_L256_symmetric_int8_linear_closed_zero_spline_spline_component,0,256,symmetric,int8,linear,closed,zero_spline,spline_component,1,1,1,0.9899491507086444,0.9843629673996749,0.9957156767283349,0.9900067768897304,0.9991061054136088,0.9990538477962826,0.9898950557178405,0.9842576946933886,0.9957156767283349,0.9899535323982446,0.9991045383385533,0.9990519752559315,0.9898950557178405,0.9842576946933886,0.9957156767283349,0.9899535323982446,0.9991045383385533,0.9990519753034304,147.4547902001068,7.417967000044882,0.028046799823641777,187.79652500525117,184.9902199814096,200368,200368,8648784,144,8515584,66528,66528
experiment_data\runs\20260102_201007_seed42_DoS_Hulk_w32-16_g5_k3\lut_sweeps_v2\seed0_L256_symmetric_int8_linear_closed_zero_spline_spline_component\eval\bs256_tt1_tn1\lut_report_unified.json,seed0_L256_symmetric_int8_linear_closed_zero_spline_spline_component,0,256,symmetric,int8,linear,closed,zero_spline,spline_component,256,1,1,0.9899491507086444,0.9843629673996749,0.9957156767283349,0.9900067768897304,0.9991061054136088,0.9990538477962826,0.9898950557178405,0.9842576946933886,0.9957156767283349,0.9899535323982446,0.9991045383385533,0.9990519752559315,0.9898950557178405,0.9842576946933886,0.9957156767283349,0.9899535323982446,0.9991045383385533,0.9990519753034304,0.8326047382797697,0.06821012500040524,0.015646539059162023,0.7834425586224825,0.7471076562978851,200368,200368,8648784,144,8515584,66528,66528
experiment_data\runs\20260102_201007_seed42_DoS_Hulk_w32-16_g5_k3\lut_sweeps_v2\seed0_L256_symmetric_int8_linear_half_open_clip_x_spline_component\eval\bs1_tt1_tn1\lut_report_unified.json,seed0_L256_symmetric_int8_linear_half_open_clip_x_spline_component,0,256,symmetric,int8,linear,half_open,clip_x,spline_component,1,1,1,0.9899491507086444,0.9843629673996749,0.9957156767283349,0.9900067768897304,0.9991061054136088,0.9990538477962826,0.9898950557178405,0.9842576946933886,0.9957156767283349,0.9899535323982446,0.9991045383385533,0.9990519752559315,0.9898950557178405,0.9842576946933886,0.9957156767283349,0.9899535323982446,0.9991045383385533,0.9990519753034304,147.7354903994128,7.0083429999649525,0.026436200365424156,187.806410016492,184.81595998164266,200368,200368,8648784,144,8515584,66528,66528
experiment_data\runs\20260102_201007_seed42_DoS_Hulk_w32-16_g5_k3\lut_sweeps_v2\seed0_L256_symmetric_int8_linear_half_open_clip_x_spline_component\eval\bs256_tt1_tn1\lut_report_unified.json,seed0_L256_symmetric_int8_linear_half_open_clip_x_spline_component,0,256,symmetric,int8,linear,half_open,clip_x,spline_component,256,1,1,0.9899491507086444,0.9843629673996749,0.9957156767283349,0.9900067768897304,0.9991061054136088,0.9990538477962826,0.9898950557178405,0.9842576946933886,0.9957156767283349,0.9899535323982446,0.9991045383385533,0.9990519752559315,0.9898950557178405,0.9842576946933886,0.9957156767283349,0.9899535323982446,0.9991045383385533,0.9990519753034304,0.8318940996105084,0.0623383066340466,0.014900580081302905,0.768398339914711,0.7559282031252224,200368,200368,8648784,144,8515584,66528,66528
experiment_data\runs\20260102_201007_seed42_DoS_Hulk_w32-16_g5_k3\lut_sweeps_v2\seed0_L256_symmetric_int8_linear_half_open_zero_spline_spline_component\eval\bs1_tt1_tn1\lut_report_unified.json,seed0_L256_symmetric_int8_linear_half_open_zero_spline_spline_component,0,256,symmetric,int8,linear,half_open,zero_spline,spline_component,1,1,1,0.9899491507086444,0.9843629673996749,0.9957156767283349,0.9900067768897304,0.9991061054136088,0.9990538477962826,0.9898950557178405,0.9842576946933886,0.9957156767283349,0.9899535323982446,0.9991045383385533,0.9990519752559315,0.9898950557178405,0.9842576946933886,0.9957156767283349,0.9899535323982446,0.9991045383385533,0.9990519753034304,147.56197740044445,7.875188600271939,0.026362200267612934,189.22352499794215,186.98636000044644,200368,200368,8648784,144,8515584,66528,66528
experiment_data\runs\20260102_201007_seed42_DoS_Hulk_w32-16_g5_k3\lut_sweeps_v2\seed0_L256_symmetric_int8_linear_half_open_zero_spline_spline_component\eval\bs256_tt1_tn1\lut_report_unified.json,seed0_L256_symmetric_int8_linear_half_open_zero_spline_spline_component,0,256,symmetric,int8,linear,half_open,zero_spline,spline_component,256,1,1,0.9899491507086444,0.9843629673996749,0.9957156767283349,0.9900067768897304,0.9991061054136088,0.9990538477962826,0.9898950557178405,0.9842576946933886,0.9957156767283349,0.9899535323982446,0.9991045383385533,0.9990519752559315,0.9898950557178405,0.9842576946933886,0.9957156767283349,0.9899535323982446,0.9991045383385533,0.9990519753034304,0.83014631444712,0.0707732988303178,0.015229910150083015,0.7687794726734865,0.7397353710985044,200368,200368,8648784,144,8515584,66528,66528
experiment_data\runs\20260102_201007_seed42_DoS_Hulk_w32-16_g5_k3\lut_sweeps_v2\seed0_L2_asymmetric_uint8_linear_closed_clip_x_spline_component\eval\bs1_tt1_tn1\lut_report_unified.json,seed0_L2_asymmetric_uint8_linear_closed_clip_x_spline_component,0,2,asymmetric,uint8,linear,closed,clip_x,spline_component,1,1,1,0.9899491507086444,0.9843629673996749,0.9957156767283349,0.9900067768897304,0.9991061054136088,0.9990538477962826,0.9872768581629341,0.9764922451915956,0.9985935302390999,0.9874192306046472,0.9987906963264298,0.9986899189987554,0.9872768581629341,0.9764922451915956,0.9985935302390999,0.9874192306046472,0.9987906963264299,0.9986899188950423,147.01218479964882,6.696019000373781,0.024527600035071373,162.12201500311494,159.75238499231637,200368,200368,199728,144,66528,66528,66528
experiment_data\runs\20260102_201007_seed42_DoS_Hulk_w32-16_g5_k3\lut_sweeps_v2\seed0_L2_asymmetric_uint8_linear_closed_clip_x_spline_component\eval\bs256_tt1_tn1\lut_report_unified.json,seed0_L2_asymmetric_uint8_linear_closed_clip_x_spline_component,0,2,asymmetric,uint8,linear,closed,clip_x,spline_component,256,1,1,0.9899491507086444,0.9843629673996749,0.9957156767283349,0.9900067768897304,0.9991061054136088,0.9990538477962826,0.9872768581629341,0.9764922451915956,0.9985935302390999,0.9874192306046472,0.9987906963264298,0.9986899189987554,0.9872768581629341,0.9764922451915956,0.9985935302390999,0.9874192306046472,0.9987906963264299,0.9986899188950423,0.830802607415535,0.06158750000395229,0.012842824226027005,0.6683333398541436,0.6388149804479326,200368,200368,199728,144,66528,66528,66528
experiment_data\runs\20260102_201007_seed42_DoS_Hulk_w32-16_g5_k3\lut_sweeps_v2\seed0_L2_asymmetric_uint8_linear_closed_zero_spline_spline_component\eval\bs1_tt1_tn1\lut_report_unified.json,seed0_L2_asymmetric_uint8_linear_closed_zero_spline_spline_component,0,2,asymmetric,uint8,linear,closed,zero_spline,spline_component,1,1,1,0.9899491507086444,0.9843629673996749,0.9957156767283349,0.9900067768897304,0.9991061054136088,0.9990538477962826,0.9872552201666126,0.976450923555424,0.9985935302390999,0.9873981043668029,0.9987876623717362,0.9986874151208296,0.9872552201666126,0.976450923555424,0.9985935302390999,0.9873981043668029,0.9987876623717361,0.9986874150234953,145.82144639920443,7.41261800006032,0.025627399794757366,164.4330299925059,160.35656000021845,200368,200368,199728,144,66528,66528,66528
experiment_data\runs\20260102_201007_seed42_DoS_Hulk_w32-16_g5_k3\lut_sweeps_v2\seed0_L2_asymmetric_uint8_linear_closed_zero_spline_spline_component\eval\bs256_tt1_tn1\lut_report_unified.json,seed0_L2_asymmetric_uint8_linear_closed_zero_spline_spline_component,0,2,asymmetric,uint8,linear,closed,zero_spline,spline_component,256,1,1,0.9899491507086444,0.9843629673996749,0.9957156767283349,0.9900067768897304,0.9991061054136088,0.9990538477962826,0.9872552201666126,0.976450923555424,0.9985935302390999,0.9873981043668029,0.9987876623717362,0.9986874151208296,0.9872552201666126,0.976450923555424,0.9985935302390999,0.9873981043668029,0.9987876623717361,0.9986874150234953,0.8277650859417918,0.06552818750606093,0.01289180273488455,0.671488945317833,0.6586925585907011,200368,200368,199728,144,66528,66528,66528
experiment_data\runs\20260102_201007_seed42_DoS_Hulk_w32-16_g5_k3\lut_sweeps_v2\seed0_L2_asymmetric_uint8_linear_half_open_clip_x_spline_component\eval\bs1_tt1_tn1\lut_report_unified.json,seed0_L2_asymmetric_uint8_linear_half_open_clip_x_spline_component,0,2,asymmetric,uint8,linear,half_open,clip_x,spline_component,1,1,1,0.9899491507086444,0.9843629673996749,0.9957156767283349,0.9900067768897304,0.9991061054136088,0.9990538477962826,0.9872768581629341,0.9764922451915956,0.9985935302390999,0.9874192306046472,0.9987906963264298,0.998689918666764,0.9872768581629341,0.9764922451915956,0.9985935302390999,0.9874192306046472,0.9987906963264298,0.9986899189700824,145.1577789997682,6.979622199200094,0.025224599987268448,161.62310999352485,159.9102749954909,200368,200368,199728,144,66528,66528,66528
experiment_data\runs\20260102_201007_seed42_DoS_Hulk_w32-16_g5_k3\lut_sweeps_v2\seed0_L2_asymmetric_uint8_linear_half_open_clip_x_spline_component\eval\bs256_tt1_tn1\lut_report_unified.json,seed0_L2_asymmetric_uint8_linear_half_open_clip_x_spline_component,0,2,asymmetric,uint8,linear,half_open,clip_x,spline_component,256,1,1,0.9899491507086444,0.9843629673996749,0.9957156767283349,0.9900067768897304,0.9991061054136088,0.9990538477962826,0.9872768581629341,0.9764922451915956,0.9985935302390999,0.9874192306046472,0.9987906963264298,0.998689918666764,0.9872768581629341,0.9764922451915956,0.9985935302390999,0.9874192306046472,0.9987906963264298,0.9986899189700824,0.8308609863343008,0.061575214840559056,0.012855089844379108,0.6747982421984489,0.6430019336221449,200368,200368,199728,144,66528,66528,66528
experiment_data\runs\20260102_201007_seed42_DoS_Hulk_w32-16_g5_k3\lut_sweeps_v2\seed0_L2_asymmetric_uint8_linear_half_open_zero_spline_spline_component\eval\bs1_tt1_tn1\lut_report_unified.json,seed0_L2_asymmetric_uint8_linear_half_open_zero_spline_spline_component,0,2,asymmetric,uint8,linear,half_open,zero_spline,spline_component,1,1,1,0.9899491507086444,0.9843629673996749,0.9957156767283349,0.9900067768897304,0.9991061054136088,0.9990538477962826,0.9872552201666126,0.976450923555424,0.9985935302390999,0.9873981043668029,0.9987876623717362,0.9986874151208296,0.9872552201666126,0.976450923555424,0.9985935302390999,0.9873981043668029,0.9987876623717361,0.9986874150234953,144.98527960013598,7.582542199641466,0.025107000023126602,163.67966500110924,160.62395500484854,200368,200368,199728,144,66528,66528,66528
experiment_data\runs\20260102_201007_seed42_DoS_Hulk_w32-16_g5_k3\lut_sweeps_v2\seed0_L2_asymmetric_uint8_linear_half_open_zero_spline_spline_component\eval\bs256_tt1_tn1\lut_report_unified.json,seed0_L2_asymmetric_uint8_linear_half_open_zero_spline_spline_component,0,2,asymmetric,uint8,linear,half_open,zero_spline,spline_component,256,1,1,0.9899491507086444,0.9843629673996749,0.9957156767283349,0.9900067768897304,0.9991061054136088,0.9990538477962826,0.9872552201666126,0.976450923555424,0.9985935302390999,0.9873981043668029,0.9987876623717362,0.9986874151208296,0.9872552201666126,0.976450923555424,0.9985935302390999,0.9873981043668029,0.9987876623717361,0.9986874150234953,0.8235841679652367,0.06773591015189595,0.01299218750318687,0.6795083008000802,0.6390508593540289,200368,200368,199728,144,66528,66528,66528
experiment_data\runs\20260102_201007_seed42_DoS_Hulk_w32-16_g5_k3\lut_sweeps_v2\seed0_L2_symmetric_int8_linear_closed_clip_x_spline_component\eval\bs1_tt1_tn1\lut_report_unified.json,seed0_L2_symmetric_int8_linear_closed_clip_x_spline_component,0,2,symmetric,int8,linear,closed,clip_x,spline_component,1,1,1,0.9899491507086444,0.9843629673996749,0.9957156767283349,0.9900067768897304,0.9991061054136088,0.9990538477962826,0.9872876771610949,0.9765129073212019,0.9985935302390999,0.9874297940625836,0.9987923795158007,0.9986921577280977,0.9872876771610949,0.9765129073212019,0.9985935302390999,0.9874297940625836,0.9987923795158007,0.9986921565795928,146.33464660029858,7.001947600394487,0.025967000052332878,166.93441499955952,160.37214500829577,200368,200368,199728,144,66528,66528,66528
experiment_data\runs\20260102_201007_seed42_DoS_Hulk_w32-16_g5_k3\lut_sweeps_v2\seed0_L2_symmetric_int8_linear_closed_clip_x_spline_component\eval\bs256_tt1_tn1\lut_report_unified.json,seed0_L2_symmetric_int8_linear_closed_clip_x_spline_component,0,2,symmetric,int8,linear,closed,clip_x,spline_component,256,1,1,0.9899491507086444,0.9843629673996749,0.9957156767283349,0.9900067768897304,0.9991061054136088,0.9990538477962826,0.9872876771610949,0.9765129073212019,0.9985935302390999,0.9874297940625836,0.9987923795158007,0.9986921577280977,0.9872876771610949,0.9765129073212019,0.9985935302390999,0.9874297940625836,0.9987923795158007,0.9986921565795928,0.8282588007841696,0.06043666601726727,0.013058919921604684,0.6646055077908386,0.6376930468832143,200368,200368,199728,144,66528,66528,66528
experiment_data\runs\20260102_201007_seed42_DoS_Hulk_w32-16_g5_k3\lut_sweeps_v2\seed0_L2_symmetric_int8_linear_closed_zero_spline_spline_component\eval\bs1_tt1_tn1\lut_report_unified.json,seed0_L2_symmetric_int8_linear_closed_zero_spline_spline_component,0,2,symmetric,int8,linear,closed,zero_spline,spline_component,1,1,1,0.9899491507086444,0.9843629673996749,0.9957156767283349,0.9900067768897304,0.9991061054136088,0.9990538477962826,0.9872660391647733,0.9764715839363548,0.9985935302390999,0.9874086673727227,0.9987830051576411,0.9986822759064673,0.9872660391647733,0.9764715839363548,0.9985935302390999,0.9874086673727227,0.998783005157641,0.9986822748768288,145.83478179946542,7.358190800063312,0.024428199976682663,162.88644999731332,160.83163500297815,200368,200368,199728,144,66528,66528,66528
experiment_data\runs\20260102_201007_seed42_DoS_Hulk_w32-16_g5_k3\lut_sweeps_v2\seed0_L2_symmetric_int8_linear_closed_zero_spline_spline_component\eval\bs256_tt1_tn1\lut_report_unified.json,seed0_L2_symmetric_int8_linear_closed_zero_spline_spline_component,0,2,symmetric,int8,linear,closed,zero_spline,spline_component,256,1,1,0.9899491507086444,0.9843629673996749,0.9957156767283349,0.9900067768897304,0.9991061054136088,0.9990538477962826,0.9872660391647733,0.9764715839363548,0.9985935302390999,0.9874086673727227,0.9987830051576411,0.9986822759064673,0.9872660391647733,0.9764715839363548,0.9985935302390999,0.9874086673727227,0.998783005157641,0.9986822748768288,0.830136642580328,0.06586057812455692,0.012869398433394963,0.6882415039399348,0.6467388671808294,200368,200368,199728,144,66528,66528,66528
experiment_data\runs\20260102_201007_seed42_DoS_Hulk_w32-16_g5_k3\lut_sweeps_v2\seed0_L2_symmetric_int8_linear_half_open_clip_x_spline_component\eval\bs1_tt1_tn1\lut_report_unified.json,seed0_L2_symmetric_int8_linear_half_open_clip_x_spline_component,0,2,symmetric,int8,linear,half_open,clip_x,spline_component,1,1,1,0.9899491507086444,0.9843629673996749,0.9957156767283349,0.9900067768897304,0.9991061054136088,0.9990538477962826,0.9872876771610949,0.9765129073212019,0.9985935302390999,0.9874297940625836,0.9987923795158007,0.9986921580779206,0.9872876771610949,0.9765129073212019,0.9985935302390999,0.9874297940625836,0.9987923795158007,0.998692156658118,145.62980899959803,6.914206000044942,0.024421799927949905,163.08375999797136,160.58756499551237,200368,200368,199728,144,66528,66528,66528
experiment_data\runs\20260102_201007_seed42_DoS_Hulk_w32-16_g5_k3\lut_sweeps_v2\seed0_L2_symmetric_int8_linear_half_open_clip_x_spline_component\eval\bs256_tt1_tn1\lut_report_unified.json,seed0_L2_symmetric_int8_linear_half_open_clip_x_spline_component,0,2,symmetric,int8,linear,half_open,clip_x,spline_component,256,1,1,0.9899491507086444,0.9843629673996749,0.9957156767283349,0.9900067768897304,0.9991061054136088,0.9990538477962826,0.9872876771610949,0.9765129073212019,0.9985935302390999,0.9874297940625836,0.9987923795158007,0.9986921580779206,0.9872876771610949,0.9765129073212019,0.9985935302390999,0.9874297940625836,0.9987923795158007,0.998692156658118,0.8211718984421168,0.06151946094178129,0.01314485547482036,0.6661379296929226,0.6491951757197967,200368,200368,199728,144,66528,66528,66528
experiment_data\runs\20260102_201007_seed42_DoS_Hulk_w32-16_g5_k3\lut_sweeps_v2\seed0_L2_symmetric_int8_linear_half_open_zero_spline_spline_component\eval\bs1_tt1_tn1\lut_report_unified.json,seed0_L2_symmetric_int8_linear_half_open_zero_spline_spline_component,0,2,symmetric,int8,linear,half_open,zero_spline,spline_component,1,1,1,0.9899491507086444,0.9843629673996749,0.9957156767283349,0.9900067768897304,0.9991061054136088,0.9990538477962826,0.9872660391647733,0.9764715839363548,0.9985935302390999,0.9874086673727227,0.9987830051576411,0.9986822759064673,0.9872660391647733,0.9764715839363548,0.9985935302390999,0.9874086673727227,0.998783005157641,0.9986822748768288,145.80071000009775,7.598538399673998,0.026618200354278088,168.200174998492,189.30504999589175,200368,200368,199728,144,66528,66528,66528
experiment_data\runs\20260102_201007_seed42_DoS_Hulk_w32-16_g5_k3\lut_sweeps_v2\seed0_L2_symmetric_int8_linear_half_open_zero_spline_spline_component\eval\bs256_tt1_tn1\lut_report_unified.json,seed0_L2_symmetric_int8_linear_half_open_zero_spline_spline_component,0,2,symmetric,int8,linear,half_open,zero_spline,spline_component,256,1,1,0.9899491507086444,0.9843629673996749,0.9957156767283349,0.9900067768897304,0.9991061054136088,0.9990538477962826,0.9872660391647733,0.9764715839363548,0.9985935302390999,0.9874086673727227,0.9987830051576411,0.9986822759064673,0.9872660391647733,0.9764715839363548,0.9985935302390999,0.9874086673727227,0.998783005157641,0.9986822748768288,0.8353866113247932,0.06681689453216677,0.013083267576803337,0.6780945898753998,0.6401651758096705,200368,200368,199728,144,66528,66528,66528
experiment_data\runs\20260102_201007_seed42_DoS_Hulk_w32-16_g5_k3\lut_sweeps_v2\seed0_L32_asymmetric_uint8_linear_closed_clip_x_spline_component\eval\bs1_tt1_tn1\lut_report_unified.json,seed0_L32_asymmetric_uint8_linear_closed_clip_x_spline_component,0,32,asymmetric,uint8,linear,closed,clip_x,spline_component,1,1,1,0.9899491507086444,0.9843629673996749,0.9957156767283349,0.9900067768897304,0.9991061054136088,0.9990538477962826,0.9896894947527859,0.9837130765613645,0.9958671427025857,0.9897527983570069,0.9990972133044204,0.9990440119520669,0.9896894947527859,0.9837130765613645,0.9958671427025857,0.9897527983570069,0.9990972133044204,0.9990440119404309,145.55168360006064,6.774274600669742,0.02625720016658306,167.9249299922958,168.63477500155568,200368,200368,1197648,144,1064448,66528,66528
experiment_data\runs\20260102_201007_seed42_DoS_Hulk_w32-16_g5_k3\lut_sweeps_v2\seed0_L32_asymmetric_uint8_linear_closed_clip_x_spline_component\eval\bs256_tt1_tn1\lut_report_unified.json,seed0_L32_asymmetric_uint8_linear_closed_clip_x_spline_component,0,32,asymmetric,uint8,linear,closed,clip_x,spline_component,256,1,1,0.9899491507086444,0.9843629673996749,0.9957156767283349,0.9900067768897304,0.9991061054136088,0.9990538477962826,0.9896894947527859,0.9837130765613645,0.9958671427025857,0.9897527983570069,0.9990972133044204,0.9990440119520669,0.9896894947527859,0.9837130765613645,0.9958671427025857,0.9897527983570069,0.9990972133044204,0.9990440119404309,0.8368520664043899,0.06262259766117495,0.013362652343857917,0.6907456249791721,0.6679526171865291,200368,200368,1197648,144,1064448,66528,66528
experiment_data\runs\20260102_201007_seed42_DoS_Hulk_w32-16_g5_k3\lut_sweeps_v2\seed0_L32_asymmetric_uint8_linear_closed_zero_spline_spline_component\eval\bs1_tt1_tn1\lut_report_unified.json,seed0_L32_asymmetric_uint8_linear_closed_zero_spline_spline_component,0,32,asymmetric,uint8,linear,closed,zero_spline,spline_component,1,1,1,0.9899491507086444,0.9843629673996749,0.9957156767283349,0.9900067768897304,0.9991061054136088,0.9990538477962826,0.9896894947527859,0.9837130765613645,0.9958671427025857,0.9897527983570069,0.9990972114316088,0.9990440096513415,0.9896894947527859,0.9837130765613645,0.9958671427025857,0.9897527983570069,0.9990972114316088,0.9990440094887325,148.66928099934012,7.450294400565326,0.0256007993593812,168.77955999225378,166.36813001241535,200368,200368,1197648,144,1064448,66528,66528
experiment_data\runs\20260102_201007_seed42_DoS_Hulk_w32-16_g5_k3\lut_sweeps_v2\seed0_L32_asymmetric_uint8_linear_closed_zero_spline_spline_component\eval\bs256_tt1_tn1\lut_report_unified.json,seed0_L32_asymmetric_uint8_linear_closed_zero_spline_spline_component,0,32,asymmetric,uint8,linear,closed,zero_spline,spline_component,256,1,1,0.9899491507086444,0.9843629673996749,0.9957156767283349,0.9900067768897304,0.9991061054136088,0.9990538477962826,0.9896894947527859,0.9837130765613645,0.9958671427025857,0.9897527983570069,0.9990972114316088,0.9990440096513415,0.9896894947527859,0.9837130765613645,0.9958671427025857,0.9897527983570069,0.9990972114316088,0.9990440094887325,0.8274916914069763,0.06667776758149557,0.01412611132764141,0.7013866406850866,0.6635631054450641,200368,200368,1197648,144,1064448,66528,66528
experiment_data\runs\20260102_201007_seed42_DoS_Hulk_w32-16_g5_k3\lut_sweeps_v2\seed0_L32_asymmetric_uint8_linear_half_open_clip_x_spline_component\eval\bs1_tt1_tn1\lut_report_unified.json,seed0_L32_asymmetric_uint8_linear_half_open_clip_x_spline_component,0,32,asymmetric,uint8,linear,half_open,clip_x,spline_component,1,1,1,0.9899491507086444,0.9843629673996749,0.9957156767283349,0.9900067768897304,0.9991061054136088,0.9990538477962826,0.9896894947527859,0.9837130765613645,0.9958671427025857,0.9897527983570069,0.9990972133044204,0.9990440119520669,0.9896894947527859,0.9837130765613645,0.9958671427025857,0.9897527983570069,0.9990972133044204,0.9990440119404309,148.55829340033233,6.968678600154817,0.025522200390696526,168.87127000372857,166.75674500875175,200368,200368,1197648,144,1064448,66528,66528
experiment_data\runs\20260102_201007_seed42_DoS_Hulk_w32-16_g5_k3\lut_sweeps_v2\seed0_L32_asymmetric_uint8_linear_half_open_clip_x_spline_component\eval\bs256_tt1_tn1\lut_report_unified.json,seed0_L32_asymmetric_uint8_linear_half_open_clip_x_spline_component,0,32,asymmetric,uint8,linear,half_open,clip_x,spline_component,256,1,1,0.9899491507086444,0.9843629673996749,0.9957156767283349,0.9900067768897304,0.9991061054136088,0.9990538477962826,0.9896894947527859,0.9837130765613645,0.9958671427025857,0.9897527983570069,0.9990972133044204,0.9990440119520669,0.9896894947527859,0.9837130765613645,0.9958671427025857,0.9897527983570069,0.9990972133044204,0.9990440119404309,0.8331240195275313,0.06296615429164376,0.013771296880804584,0.6949737695322256,0.6946351562874042,200368,200368,1197648,144,1064448,66528,66528
experiment_data\runs\20260102_201007_seed42_DoS_Hulk_w32-16_g5_k3\lut_sweeps_v2\seed0_L32_asymmetric_uint8_linear_half_open_zero_spline_spline_component\eval\bs1_tt1_tn1\lut_report_unified.json,seed0_L32_asymmetric_uint8_linear_half_open_zero_spline_spline_component,0,32,asymmetric,uint8,linear,half_open,zero_spline,spline_component,1,1,1,0.9899491507086444,0.9843629673996749,0.9957156767283349,0.9900067768897304,0.9991061054136088,0.9990538477962826,0.9896894947527859,0.9837130765613645,0.9958671427025857,0.9897527983570069,0.9990972114316088,0.9990440096513415,0.9896894947527859,0.9837130765613645,0.9958671427025857,0.9897527983570069,0.9990972114316088,0.9990440094887325,148.69853540044278,7.646250000223517,0.02576680015772581,173.27743999194354,167.93088000267744,200368,200368,1197648,144,1064448,66528,66528
experiment_data\runs\20260102_201007_seed42_DoS_Hulk_w32-16_g5_k3\lut_sweeps_v2\seed0_L32_asymmetric_uint8_linear_half_open_zero_spline_spline_component\eval\bs256_tt1_tn1\lut_report_unified.json,seed0_L32_asymmetric_uint8_linear_half_open_zero_spline_spline_component,0,32,asymmetric,uint8,linear,half_open,zero_spline,spline_component,256,1,1,0.9899491507086444,0.9843629673996749,0.9957156767283349,0.9900067768897304,0.9991061054136088,0.9990538477962826,0.9896894947527859,0.9837130765613645,0.9958671427025857,0.9897527983570069,0.9990972114316088,0.9990440096513415,0.9896894947527859,0.9837130765613645,0.9958671427025857,0.9897527983570069,0.9990972114316088,0.9990440094887325,0.830603343747498,0.06741088476701407,0.013824380857840879,0.7024138280939951,0.6646535546678933,200368,200368,1197648,144,1064448,66528,66528
experiment_data\runs\20260102_201007_seed42_DoS_Hulk_w32-16_g5_k3\lut_sweeps_v2\seed0_L32_symmetric_int8_linear_closed_clip_x_spline_component\eval\bs1_tt1_tn1\lut_report_unified.json,seed0_L32_symmetric_int8_linear_closed_clip_x_spline_component,0,32,symmetric,int8,linear,closed,clip_x,spline_component,1,1,1,0.9899491507086444,0.9843629673996749,0.9957156767283349,0.9900067768897304,0.9991061054136088,0.9990538477962826,0.9896894947527859,0.9837130765613645,0.9958671427025857,0.9897527983570069,0.9990969145909799,0.9990436473518178,0.9896894947527859,0.9837130765613645,0.9958671427025857,0.9897527983570069,0.99909691459098,0.9990436474513973,146.77525420021266,6.801133799366653,0.02703419979661703,166.9570550089702,165.4628299875185,200368,200368,1197648,144,1064448,66528,66528
experiment_data\runs\20260102_201007_seed42_DoS_Hulk_w32-16_g5_k3\lut_sweeps_v2\seed0_L32_symmetric_int8_linear_closed_clip_x_spline_component\eval\bs256_tt1_tn1\lut_report_unified.json,seed0_L32_symmetric_int8_linear_closed_clip_x_spline_component,0,32,symmetric,int8,linear,closed,clip_x,spline_component,256,1,1,0.9899491507086444,0.9843629673996749,0.9957156767283349,0.9900067768897304,0.9991061054136088,0.9990538477962826,0.9896894947527859,0.9837130765613645,0.9958671427025857,0.9897527983570069,0.9990969145909799,0.9990436473518178,0.9896894947527859,0.9837130765613645,0.9958671427025857,0.9897527983570069,0.99909691459098,0.9990436474513973,0.8291511152310704,0.06159268749797775,0.014284910157584818,0.6985933398027555,0.6644368554589164,200368,200368,1197648,144,1064448,66528,66528
experiment_data\runs\20260102_201007_seed42_DoS_Hulk_w32-16_g5_k3\lut_sweeps_v2\seed0_L32_symmetric_int8_linear_closed_zero_spline_spline_component\eval\bs1_tt1_tn1\lut_report_unified.json,seed0_L32_symmetric_int8_linear_closed_zero_spline_spline_component,0,32,symmetric,int8,linear,closed,zero_spline,spline_component,1,1,1,0.9899491507086444,0.9843629673996749,0.9957156767283349,0.9900067768897304,0.9991061054136088,0.9990538477962826,0.9896894947527859,0.9837130765613645,0.9958671427025857,0.9897527983570069,0.9990969145909799,0.9990436473518178,0.9896894947527859,0.9837130765613645,0.9958671427025857,0.9897527983570069,0.99909691459098,0.9990436474513973,147.2822650000453,7.627952399663627,0.026362999342381954,169.9092999799177,164.8361949948594,200368,200368,1197648,144,1064448,66528,66528
experiment_data\runs\20260102_201007_seed42_DoS_Hulk_w32-16_g5_k3\lut_sweeps_v2\seed0_L32_symmetric_int8_linear_closed_zero_spline_spline_component\eval\bs256_tt1_tn1\lut_report_unified.json,seed0_L32_symmetric_int8_linear_closed_zero_spline_spline_component,0,32,symmetric,int8,linear,closed,zero_spline,spline_component,256,1,1,0.9899491507086444,0.9843629673996749,0.9957156767283349,0.9900067768897304,0.9991061054136088,0.9990538477962826,0.9896894947527859,0.9837130765613645,0.9958671427025857,0.9897527983570069,0.9990969145909799,0.9990436473518178,0.9896894947527859,0.9837130765613645,0.9958671427025857,0.9897527983570069,0.99909691459098,0.9990436474513973,0.8417597265633958,0.06625085155974375,0.0140267597635102,0.6970306249968417,0.6684553125523962,200368,200368,1197648,144,1064448,66528,66528
experiment_data\runs\20260102_201007_seed42_DoS_Hulk_w32-16_g5_k3\lut_sweeps_v2\seed0_L32_symmetric_int8_linear_half_open_clip_x_spline_component\eval\bs1_tt1_tn1\lut_report_unified.json,seed0_L32_symmetric_int8_linear_half_open_clip_x_spline_component,0,32,symmetric,int8,linear,half_open,clip_x,spline_component,1,1,1,0.9899491507086444,0.9843629673996749,0.9957156767283349,0.9900067768897304,0.9991061054136088,0.9990538477962826,0.9896894947527859,0.9837130765613645,0.9958671427025857,0.9897527983570069,0.9990969145909799,0.9990436473518178,0.9896894947527859,0.9837130765613645,0.9958671427025857,0.9897527983570069,0.99909691459098,0.9990436474513973,145.8253102004528,7.059824399650097,0.02590239979326725,170.95794999040663,165.72516500018537,200368,200368,1197648,144,1064448,66528,66528
experiment_data\runs\20260102_201007_seed42_DoS_Hulk_w32-16_g5_k3\lut_sweeps_v2\seed0_L32_symmetric_int8_linear_half_open_clip_x_spline_component\eval\bs256_tt1_tn1\lut_report_unified.json,seed0_L32_symmetric_int8_linear_half_open_clip_x_spline_component,0,32,symmetric,int8,linear,half_open,clip_x,spline_component,256,1,1,0.9899491507086444,0.9843629673996749,0.9957156767283349,0.9900067768897304,0.9991061054136088,0.9990538477962826,0.9896894947527859,0.9837130765613645,0.9958671427025857,0.9897527983570069,0.9990969145909799,0.9990436473518178,0.9896894947527859,0.9837130765613645,0.9958671427025857,0.9897527983570069,0.99909691459098,0.9990436474513973,0.8400586054631276,0.06253693945836858,0.01420129687176086,0.6953904101465014,0.6686096484372683,200368,200368,1197648,144,1064448,66528,66528
experiment_data\runs\20260102_201007_seed42_DoS_Hulk_w32-16_g5_k3\lut_sweeps_v2\seed0_L32_symmetric_int8_linear_half_open_zero_spline_spline_component\eval\bs1_tt1_tn1\lut_report_unified.json,seed0_L32_symmetric_int8_linear_half_open_zero_spline_spline_component,0,32,symmetric,int8,linear,half_open,zero_spline,spline_component,1,1,1,0.9899491507086444,0.9843629673996749,0.9957156767283349,0.9900067768897304,0.9991061054136088,0.9990538477962826,0.9896894947527859,0.9837130765613645,0.9958671427025857,0.9897527983570069,0.9990969145909799,0.9990436473518178,0.9896894947527859,0.9837130765613645,0.9958671427025857,0.9897527983570069,0.99909691459098,0.9990436474513973,147.90938100032508,7.719166800379753,0.026028200052678585,168.9187799813226,164.784274995327,200368,200368,1197648,144,1064448,66528,66528
experiment_data\runs\20260102_201007_seed42_DoS_Hulk_w32-16_g5_k3\lut_sweeps_v2\seed0_L32_symmetric_int8_linear_half_open_zero_spline_spline_component\eval\bs256_tt1_tn1\lut_report_unified.json,seed0_L32_symmetric_int8_linear_half_open_zero_spline_spline_component,0,32,symmetric,int8,linear,half_open,zero_spline,spline_component,256,1,1,0.9899491507086444,0.9843629673996749,0.9957156767283349,0.9900067768897304,0.9991061054136088,0.9990538477962826,0.9896894947527859,0.9837130765613645,0.9958671427025857,0.9897527983570069,0.9990969145909799,0.9990436473518178,0.9896894947527859,0.9837130765613645,0.9958671427025857,0.9897527983570069,0.99909691459098,0.9990436474513973,0.8279070585922454,0.06897864647726237,0.014393386718438705,0.7064228710987663,0.6653082812590583,200368,200368,1197648,144,1064448,66528,66528
experiment_data\runs\20260102_201007_seed42_DoS_Hulk_w32-16_g5_k3\lut_sweeps_v2\seed0_L4_asymmetric_uint8_linear_closed_clip_x_spline_component\eval\bs1_tt1_tn1\lut_report_unified.json,seed0_L4_asymmetric_uint8_linear_closed_clip_x_spline_component,0,4,asymmetric,uint8,linear,closed,clip_x,spline_component,1,1,1,0.9899491507086444,0.9843629673996749,0.9957156767283349,0.9900067768897304,0.9991061054136088,0.9990538477962826,0.9886184139348696,0.9802837271625157,0.9972952504598074,0.9887163205766261,0.9989403569103568,0.9988634639096444,0.9886184139348696,0.9802837271625157,0.9972952504598074,0.9887163205766261,0.9989403566762552,0.9988634629861519,146.75317759998143,6.712841999717057,0.028255200013518333,164.99860498588532,161.603685002774,200368,200368,266256,144,133056,66528,66528
experiment_data\runs\20260102_201007_seed42_DoS_Hulk_w32-16_g5_k3\lut_sweeps_v2\seed0_L4_asymmetric_uint8_linear_closed_clip_x_spline_component\eval\bs256_tt1_tn1\lut_report_unified.json,seed0_L4_asymmetric_uint8_linear_closed_clip_x_spline_component,0,4,asymmetric,uint8,linear,closed,clip_x,spline_component,256,1,1,0.9899491507086444,0.9843629673996749,0.9957156767283349,0.9900067768897304,0.9991061054136088,0.9990538477962826,0.9886184139348696,0.9802837271625157,0.9972952504598074,0.9887163205766261,0.9989403569103568,0.9988634639096444,0.9886184139348696,0.9802837271625157,0.9972952504598074,0.9887163205766261,0.9989403566762552,0.9988634629861519,0.8287880136685999,0.060704666011588415,0.012977369142390671,0.6677556835711584,0.666902929697244,200368,200368,266256,144,133056,66528,66528
experiment_data\runs\20260102_201007_seed42_DoS_Hulk_w32-16_g5_k3\lut_sweeps_v2\seed0_L4_asymmetric_uint8_linear_closed_zero_spline_spline_component\eval\bs1_tt1_tn1\lut_report_unified.json,seed0_L4_asymmetric_uint8_linear_closed_zero_spline_spline_component,0,4,asymmetric,uint8,linear,closed,zero_spline,spline_component,1,1,1,0.9899491507086444,0.9843629673996749,0.9957156767283349,0.9900067768897304,0.9991061054136088,0.9990538477962826,0.9886184139348696,0.9802837271625157,0.9972952504598074,0.9887163205766261,0.9989393163294452,0.9988621728749844,0.9886184139348696,0.9802837271625157,0.9972952504598074,0.9887163205766261,0.998939319840967,0.9988621815030558,145.33942900039256,7.371745999902487,0.024614399299025536,162.38485500216484,160.1112199947238,200368,200368,266256,144,133056,66528,66528
experiment_data\runs\20260102_201007_seed42_DoS_Hulk_w32-16_g5_k3\lut_sweeps_v2\seed0_L4_asymmetric_uint8_linear_closed_zero_spline_spline_component\eval\bs256_tt1_tn1\lut_report_unified.json,seed0_L4_asymmetric_uint8_linear_closed_zero_spline_spline_component,0,4,asymmetric,uint8,linear,closed,zero_spline,spline_component,256,1,1,0.9899491507086444,0.9843629673996749,0.9957156767283349,0.9900067768897304,0.9991061054136088,0.9990538477962826,0.9886184139348696,0.9802837271625157,0.9972952504598074,0.9887163205766261,0.9989393163294452,0.9988621728749844,0.9886184139348696,0.9802837271625157,0.9972952504598074,0.9887163205766261,0.998939319840967,0.9988621815030558,0.8235613359374838,0.06503774218799663,0.012808837891498115,0.7017270703727263,0.6414851952285971,200368,200368,266256,144,133056,66528,66528
experiment_data\runs\20260102_201007_seed42_DoS_Hulk_w32-16_g5_k3\lut_sweeps_v2\seed0_L4_asymmetric_uint8_linear_half_open_clip_x_spline_component\eval\bs1_tt1_tn1\lut_report_unified.json,seed0_L4_asymmetric_uint8_linear_half_open_clip_x_spline_component,0,4,asymmetric,uint8,linear,half_open,clip_x,spline_component,1,1,1,0.9899491507086444,0.9843629673996749,0.9957156767283349,0.9900067768897304,0.9991061054136088,0.9990538477962826,0.9886184139348696,0.9802837271625157,0.9972952504598074,0.9887163205766261,0.9989403569103568,0.9988634639096443,0.9886184139348696,0.9802837271625157,0.9972952504598074,0.9887163205766261,0.9989403566762554,0.9988634630043962,145.09737479966134,6.8929922003299,0.02445160038769245,164.15472000371665,160.19624499604106,200368,200368,266256,144,133056,66528,66528
experiment_data\runs\20260102_201007_seed42_DoS_Hulk_w32-16_g5_k3\lut_sweeps_v2\seed0_L4_asymmetric_uint8_linear_half_open_clip_x_spline_component\eval\bs256_tt1_tn1\lut_report_unified.json,seed0_L4_asymmetric_uint8_linear_half_open_clip_x_spline_component,0,4,asymmetric,uint8,linear,half_open,clip_x,spline_component,256,1,1,0.9899491507086444,0.9843629673996749,0.9957156767283349,0.9900067768897304,0.9991061054136088,0.9990538477962826,0.9886184139348696,0.9802837271625157,0.9972952504598074,0.9887163205766261,0.9989403569103568,0.9988634639096443,0.9886184139348696,0.9802837271625157,0.9972952504598074,0.9887163205766261,0.9989403566762554,0.9988634630043962,0.8266758105401095,0.061553921877930406,0.012843285157941864,0.667065839843417,0.6401042383004096,200368,200368,266256,144,133056,66528,66528
experiment_data\runs\20260102_201007_seed42_DoS_Hulk_w32-16_g5_k3\lut_sweeps_v2\seed0_L4_asymmetric_uint8_linear_half_open_zero_spline_spline_component\eval\bs1_tt1_tn1\lut_report_unified.json,seed0_L4_asymmetric_uint8_linear_half_open_zero_spline_spline_component,0,4,asymmetric,uint8,linear,half_open,zero_spline,spline_component,1,1,1,0.9899491507086444,0.9843629673996749,0.9957156767283349,0.9900067768897304,0.9991061054136088,0.9990538477962826,0.9886184139348696,0.9802837271625157,0.9972952504598074,0.9887163205766261,0.9989393163294452,0.9988621728749844,0.9886184139348696,0.9802837271625157,0.9972952504598074,0.9887163205766261,0.998939319840967,0.9988621815030558,148.4448753995821,7.580651200376451,0.024231200106441975,164.7380349924788,161.5255249897018,200368,200368,266256,144,133056,66528,66528
experiment_data\runs\20260102_201007_seed42_DoS_Hulk_w32-16_g5_k3\lut_sweeps_v2\seed0_L4_asymmetric_uint8_linear_half_open_zero_spline_spline_component\eval\bs256_tt1_tn1\lut_report_unified.json,seed0_L4_asymmetric_uint8_linear_half_open_zero_spline_spline_component,0,4,asymmetric,uint8,linear,half_open,zero_spline,spline_component,256,1,1,0.9899491507086444,0.9843629673996749,0.9957156767283349,0.9900067768897304,0.9991061054136088,0.9990538477962826,0.9886184139348696,0.9802837271625157,0.9972952504598074,0.9887163205766261,0.9989393163294452,0.9988621728749844,0.9886184139348696,0.9802837271625157,0.9972952504598074,0.9887163205766261,0.998939319840967,0.9988621815030558,0.8273320722673816,0.06786501172427961,0.012893685552626266,0.6728476171701914,0.6439427148507093,200368,200368,266256,144,133056,66528,66528
experiment_data\runs\20260102_201007_seed42_DoS_Hulk_w32-16_g5_k3\lut_sweeps_v2\seed0_L4_symmetric_int8_linear_closed_clip_x_spline_component\eval\bs1_tt1_tn1\lut_report_unified.json,seed0_L4_symmetric_int8_linear_closed_clip_x_spline_component,0,4,symmetric,int8,linear,closed,clip_x,spline_component,1,1,1,0.9899491507086444,0.9843629673996749,0.9957156767283349,0.9900067768897304,0.9991061054136088,0.9990538477962826,0.9886184139348696,0.9802837271625157,0.9972952504598074,0.9887163205766261,0.998937350345532,0.9988597969634264,0.9886184139348696,0.9802837271625157,0.9972952504598074,0.9887163205766261,0.9989373491750247,0.9988597968872014,146.75210459996015,6.736054799519479,0.024744599126279354,162.46740000788122,160.69046000484377,200368,200368,266256,144,133056,66528,66528
experiment_data\runs\20260102_201007_seed42_DoS_Hulk_w32-16_g5_k3\lut_sweeps_v2\seed0_L4_symmetric_int8_linear_closed_clip_x_spline_component\eval\bs256_tt1_tn1\lut_report_unified.json,seed0_L4_symmetric_int8_linear_closed_clip_x_spline_component,0,4,symmetric,int8,linear,closed,clip_x,spline_component,256,1,1,0.9899491507086444,0.9843629673996749,0.9957156767283349,0.9900067768897304,0.9991061054136088,0.9990538477962826,0.9886184139348696,0.9802837271625157,0.9972952504598074,0.9887163205766261,0.998937350345532,0.9988597969634264,0.9886184139348696,0.9802837271625157,0.9972952504598074,0.9887163205766261,0.9989373491750247,0.9988597968872014,0.8279521503936849,0.06121125781646697,0.012922871092087007,0.6693076366900641,0.6419899218599312,200368,200368,266256,144,133056,66528,66528
experiment_data\runs\20260102_201007_seed42_DoS_Hulk_w32-16_g5_k3\lut_sweeps_v2\seed0_L4_symmetric_int8_linear_closed_zero_spline_spline_component\eval\bs1_tt1_tn1\lut_report_unified.json,seed0_L4_symmetric_int8_linear_closed_zero_spline_spline_component,0,4,symmetric,int8,linear,closed,zero_spline,spline_component,1,1,1,0.9899491507086444,0.9843629673996749,0.9957156767283349,0.9900067768897304,0.9991061054136088,0.9990538477962826,0.9886184139348696,0.9802837271625157,0.9972952504598074,0.9887163205766261,0.9989368554550826,0.9988591999195945,0.9886184139348696,0.9802837271625157,0.9972952504598074,0.9887163205766261,0.9989368570937929,0.9988592032409912,145.27827840019017,7.379957000724971,0.024510600604116917,161.41359501052648,160.64565000124276,200368,200368,266256,144,133056,66528,66528
experiment_data\runs\20260102_201007_seed42_DoS_Hulk_w32-16_g5_k3\lut_sweeps_v2\seed0_L4_symmetric_int8_linear_closed_zero_spline_spline_component\eval\bs256_tt1_tn1\lut_report_unified.json,seed0_L4_symmetric_int8_linear_closed_zero_spline_spline_component,0,4,symmetric,int8,linear,closed,zero_spline,spline_component,256,1,1,0.9899491507086444,0.9843629673996749,0.9957156767283349,0.9900067768897304,0.9991061054136088,0.9990538477962826,0.9886184139348696,0.9802837271625157,0.9972952504598074,0.9887163205766261,0.9989368554550826,0.9988591999195945,0.9886184139348696,0.9802837271625157,0.9972952504598074,0.9887163205766261,0.9989368570937929,0.9988592032409912,0.8400015937513672,0.06547399413648236,0.013021605473113596,0.6926564452442108,0.6386395702975278,200368,200368,266256,144,133056,66528,66528
experiment_data\runs\20260102_201007_seed42_DoS_Hulk_w32-16_g5_k3\lut_sweeps_v2\seed0_L4_symmetric_int8_linear_half_open_clip_x_spline_component\eval\bs1_tt1_tn1\lut_report_unified.json,seed0_L4_symmetric_int8_linear_half_open_clip_x_spline_component,0,4,symmetric,int8,linear,half_open,clip_x,spline_component,1,1,1,0.9899491507086444,0.9843629673996749,0.9957156767283349,0.9900067768897304,0.9991061054136088,0.9990538477962826,0.9886184139348696,0.9802837271625157,0.9972952504598074,0.9887163205766261,0.998937350345532,0.9988597969634265,0.9886184139348696,0.9802837271625157,0.9972952504598074,0.9887163205766261,0.9989373491750247,0.9988597968049432,145.52697080001235,6.951672599650919,0.024234600365161896,163.2066149963066,160.14514500275254,200368,200368,266256,144,133056,66528,66528
experiment_data\runs\20260102_201007_seed42_DoS_Hulk_w32-16_g5_k3\lut_sweeps_v2\seed0_L4_symmetric_int8_linear_half_open_clip_x_spline_component\eval\bs256_tt1_tn1\lut_report_unified.json,seed0_L4_symmetric_int8_linear_half_open_clip_x_spline_component,0,4,symmetric,int8,linear,half_open,clip_x,spline_component,256,1,1,0.9899491507086444,0.9843629673996749,0.9957156767283349,0.9900067768897304,0.9991061054136088,0.9990538477962826,0.9886184139348696,0.9802837271625157,0.9972952504598074,0.9887163205766261,0.998937350345532,0.9988597969634265,0.9886184139348696,0.9802837271625157,0.9972952504598074,0.9887163205766261,0.9989373491750247,0.9988597968049432,0.8271224218697171,0.06285580273470259,0.0133628125058749,0.6724982030391402,0.6429104882045067,200368,200368,266256,144,133056,66528,66528
experiment_data\runs\20260102_201007_seed42_DoS_Hulk_w32-16_g5_k3\lut_sweeps_v2\seed0_L4_symmetric_int8_linear_half_open_zero_spline_spline_component\eval\bs1_tt1_tn1\lut_report_unified.json,seed0_L4_symmetric_int8_linear_half_open_zero_spline_spline_component,0,4,symmetric,int8,linear,half_open,zero_spline,spline_component,1,1,1,0.9899491507086444,0.9843629673996749,0.9957156767283349,0.9900067768897304,0.9991061054136088,0.9990538477962826,0.9886184139348696,0.9802837271625157,0.9972952504598074,0.9887163205766261,0.9989368554550826,0.9988591999195945,0.9886184139348696,0.9802837271625157,0.9972952504598074,0.9887163205766261,0.9989368570937929,0.9988592032409912,146.42005860060453,7.627531400881708,0.02562119998037815,164.15559998713434,170.73125999886543,200368,200368,266256,144,133056,66528,66528
experiment_data\runs\20260102_201007_seed42_DoS_Hulk_w32-16_g5_k3\lut_sweeps_v2\seed0_L4_symmetric_int8_linear_half_open_zero_spline_spline_component\eval\bs256_tt1_tn1\lut_report_unified.json,seed0_L4_symmetric_int8_linear_half_open_zero_spline_spline_component,0,4,symmetric,int8,linear,half_open,zero_spline,spline_component,256,1,1,0.9899491507086444,0.9843629673996749,0.9957156767283349,0.9900067768897304,0.9991061054136088,0.9990538477962826,0.9886184139348696,0.9802837271625157,0.9972952504598074,0.9887163205766261,0.9989368554550826,0.9988591999195945,0.9886184139348696,0.9802837271625157,0.9972952504598074,0.9887163205766261,0.9989368570937929,0.9988592032409912,0.8262000175727735,0.0662301289048628,0.013290462893564836,0.6792459180360311,0.6426095507777063,200368,200368,266256,144,133056,66528,66528
experiment_data\runs\20260102_201007_seed42_DoS_Hulk_w32-16_g5_k3\lut_sweeps_v2\seed0_L64_asymmetric_uint8_linear_closed_clip_x_spline_component\eval\bs1_tt1_tn1\lut_report_unified.json,seed0_L64_asymmetric_uint8_linear_closed_clip_x_spline_component,0,64,asymmetric,uint8,linear,closed,clip_x,spline_component,1,1,1,0.9899491507086444,0.9843629673996749,0.9957156767283349,0.9900067768897304,0.9991061054136088,0.9990538477962826,0.9897760467380721,0.984005474062353,0.9957373147246565,0.9898366332906723,0.9991011429312325,0.9990482644729201,0.9897760467380721,0.984005474062353,0.9957373147246565,0.9898366332906723,0.9991011429312325,0.9990482639045043,147.63489780016243,6.760352400131524,0.025885400362312794,169.95453000999987,169.8626850033179,200368,200368,2262096,144,2128896,66528,66528
experiment_data\runs\20260102_201007_seed42_DoS_Hulk_w32-16_g5_k3\lut_sweeps_v2\seed0_L64_asymmetric_uint8_linear_closed_clip_x_spline_component\eval\bs256_tt1_tn1\lut_report_unified.json,seed0_L64_asymmetric_uint8_linear_closed_clip_x_spline_component,0,64,asymmetric,uint8,linear,closed,clip_x,spline_component,256,1,1,0.9899491507086444,0.9843629673996749,0.9957156767283349,0.9900067768897304,0.9991061054136088,0.9990538477962826,0.9897760467380721,0.984005474062353,0.9957373147246565,0.9898366332906723,0.9991011429312325,0.9990482644729201,0.9897760467380721,0.984005474062353,0.9957373147246565,0.9898366332906723,0.9991011429312325,0.9990482639045043,0.8326002734338545,0.06169431445414375,0.013942121095169568,0.704044785197766,0.6791089453145105,200368,200368,2262096,144,2128896,66528,66528
experiment_data\runs\20260102_201007_seed42_DoS_Hulk_w32-16_g5_k3\lut_sweeps_v2\seed0_L64_asymmetric_uint8_linear_closed_zero_spline_spline_component\eval\bs1_tt1_tn1\lut_report_unified.json,seed0_L64_asymmetric_uint8_linear_closed_zero_spline_spline_component,0,64,asymmetric,uint8,linear,closed,zero_spline,spline_component,1,1,1,0.9899491507086444,0.9843629673996749,0.9957156767283349,0.9900067768897304,0.9991061054136088,0.9990538477962826,0.9897760467380721,0.984005474062353,0.9957373147246565,0.9898366332906723,0.9991011431653342,0.9990482640862565,0.9897760467380721,0.984005474062353,0.9957373147246565,0.9898366332906723,0.9991011429312325,0.9990482639507116,147.8359901998192,7.461028600111604,0.026426800526678562,172.18832499347627,170.41960500646383,200368,200368,2262096,144,2128896,66528,66528
experiment_data\runs\20260102_201007_seed42_DoS_Hulk_w32-16_g5_k3\lut_sweeps_v2\seed0_L64_asymmetric_uint8_linear_closed_zero_spline_spline_component\eval\bs256_tt1_tn1\lut_report_unified.json,seed0_L64_asymmetric_uint8_linear_closed_zero_spline_spline_component,0,64,asymmetric,uint8,linear,closed,zero_spline,spline_component,256,1,1,0.9899491507086444,0.9843629673996749,0.9957156767283349,0.9900067768897304,0.9991061054136088,0.9990538477962826,0.9897760467380721,0.984005474062353,0.9957373147246565,0.9898366332906723,0.9991011431653342,0.9990482640862565,0.9897760467380721,0.984005474062353,0.9957373147246565,0.9898366332906723,0.9991011429312325,0.9990482639507116,0.8267437519498344,0.06684065429908514,0.014019199215908884,0.7170779492298607,0.6820036524004536,200368,200368,2262096,144,2128896,66528,66528
experiment_data\runs\20260102_201007_seed42_DoS_Hulk_w32-16_g5_k3\lut_sweeps_v2\seed0_L64_asymmetric_uint8_linear_half_open_clip_x_spline_component\eval\bs1_tt1_tn1\lut_report_unified.json,seed0_L64_asymmetric_uint8_linear_half_open_clip_x_spline_component,0,64,asymmetric,uint8,linear,half_open,clip_x,spline_component,1,1,1,0.9899491507086444,0.9843629673996749,0.9957156767283349,0.9900067768897304,0.9991061054136088,0.9990538477962826,0.9897760467380721,0.984005474062353,0.9957373147246565,0.9898366332906723,0.9991011429312325,0.9990482644729201,0.9897760467380721,0.984005474062353,0.9957373147246565,0.9898366332906723,0.9991011429312325,0.9990482639045043,149.33465239964426,7.078464400023222,0.026019600220024586,175.71028000675142,171.50098499841988,200368,200368,2262096,144,2128896,66528,66528
experiment_data\runs\20260102_201007_seed42_DoS_Hulk_w32-16_g5_k3\lut_sweeps_v2\seed0_L64_asymmetric_uint8_linear_half_open_clip_x_spline_component\eval\bs256_tt1_tn1\lut_report_unified.json,seed0_L64_asymmetric_uint8_linear_half_open_clip_x_spline_component,0,64,asymmetric,uint8,linear,half_open,clip_x,spline_component,256,1,1,0.9899491507086444,0.9843629673996749,0.9957156767283349,0.9900067768897304,0.9991061054136088,0.9990538477962826,0.9897760467380721,0.984005474062353,0.9957373147246565,0.9898366332906723,0.9991011429312325,0.9990482644729201,0.9897760467380721,0.984005474062353,0.9957373147246565,0.9898366332906723,0.9991011429312325,0.9990482639045043,0.8289627558588109,0.06236750195967033,0.01409919922480185,0.708046211002511,0.6741329882970604,200368,200368,2262096,144,2128896,66528,66528
experiment_data\runs\20260102_201007_seed42_DoS_Hulk_w32-16_g5_k3\lut_sweeps_v2\seed0_L64_asymmetric_uint8_linear_half_open_zero_spline_spline_component\eval\bs1_tt1_tn1\lut_report_unified.json,seed0_L64_asymmetric_uint8_linear_half_open_zero_spline_spline_component,0,64,asymmetric,uint8,linear,half_open,zero_spline,spline_component,1,1,1,0.9899491507086444,0.9843629673996749,0.9957156767283349,0.9900067768897304,0.9991061054136088,0.9990538477962826,0.9897760467380721,0.984005474062353,0.9957373147246565,0.9898366332906723,0.9991011431653342,0.9990482640862565,0.9897760467380721,0.984005474062353,0.9957373147246565,0.9898366332906723,0.9991011429312325,0.9990482639507116,146.58347640000284,7.613959000445902,0.0259552001953125,170.5574749968946,168.41954498086125,200368,200368,2262096,144,2128896,66528,66528
experiment_data\runs\20260102_201007_seed42_DoS_Hulk_w32-16_g5_k3\lut_sweeps_v2\seed0_L64_asymmetric_uint8_linear_half_open_zero_spline_spline_component\eval\bs256_tt1_tn1\lut_report_unified.json,seed0_L64_asymmetric_uint8_linear_half_open_zero_spline_spline_component,0,64,asymmetric,uint8,linear,half_open,zero_spline,spline_component,256,1,1,0.9899491507086444,0.9843629673996749,0.9957156767283349,0.9900067768897304,0.9991061054136088,0.9990538477962826,0.9897760467380721,0.984005474062353,0.9957373147246565,0.9898366332906723,0.9991011431653342,0.9990482640862565,0.9897760467380721,0.984005474062353,0.9957373147246565,0.9898366332906723,0.9991011429312325,0.9990482639507116,0.8272639785172942,0.0682820253950922,0.013991261721457704,0.7090166211128235,0.673417832058476,200368,200368,2262096,144,2128896,66528,66528
experiment_data\runs\20260102_201007_seed42_DoS_Hulk_w32-16_g5_k3\lut_sweeps_v2\seed0_L64_symmetric_int8_linear_closed_clip_x_spline_component\eval\bs1_tt1_tn1\lut_report_unified.json,seed0_L64_symmetric_int8_linear_closed_clip_x_spline_component,0,64,symmetric,int8,linear,closed,clip_x,spline_component,1,1,1,0.9899491507086444,0.9843629673996749,0.9957156767283349,0.9900067768897304,0.9991061054136088,0.9990538477962826,0.9897760467380721,0.984005474062353,0.9957373147246565,0.9898366332906723,0.9991011284169431,0.9990482391176989,0.9897760467380721,0.984005474062353,0.9957373147246565,0.9898366332906723,0.9991011284169432,0.999048238779662,147.8508291998878,7.08012400008738,0.02545280009508133,169.82366999145597,169.18878499418497,200368,200368,2262096,144,2128896,66528,66528
experiment_data\runs\20260102_201007_seed42_DoS_Hulk_w32-16_g5_k3\lut_sweeps_v2\seed0_L64_symmetric_int8_linear_closed_clip_x_spline_component\eval\bs256_tt1_tn1\lut_report_unified.json,seed0_L64_symmetric_int8_linear_closed_clip_x_spline_component,0,64,symmetric,int8,linear,closed,clip_x,spline_component,256,1,1,0.9899491507086444,0.9843629673996749,0.9957156767283349,0.9900067768897304,0.9991061054136088,0.9990538477962826,0.9897760467380721,0.984005474062353,0.9957373147246565,0.9898366332906723,0.9991011284169431,0.9990482391176989,0.9897760467380721,0.984005474062353,0.9957373147246565,0.9898366332906723,0.9991011284169432,0.999048238779662,0.8326722089805116,0.0635951425829262,0.013976679692859761,0.7060846289277833,0.6740264258041861,200368,200368,2262096,144,2128896,66528,66528
experiment_data\runs\20260102_201007_seed42_DoS_Hulk_w32-16_g5_k3\lut_sweeps_v2\seed0_L64_symmetric_int8_linear_closed_zero_spline_spline_component\eval\bs1_tt1_tn1\lut_report_unified.json,seed0_L64_symmetric_int8_linear_closed_zero_spline_spline_component,0,64,symmetric,int8,linear,closed,zero_spline,spline_component,1,1,1,0.9899491507086444,0.9843629673996749,0.9957156767283349,0.9900067768897304,0.9991061054136088,0.9990538477962826,0.9897760467380721,0.984005474062353,0.9957373147246565,0.9898366332906723,0.9991011284169431,0.9990482391176989,0.9897760467380721,0.984005474062353,0.9957373147246565,0.9898366332906723,0.9991011284169432,0.999048238779662,147.41068080067635,7.647474800236523,0.026465400122106075,170.66436000168324,169.44518501404673,200368,200368,2262096,144,2128896,66528,66528
experiment_data\runs\20260102_201007_seed42_DoS_Hulk_w32-16_g5_k3\lut_sweeps_v2\seed0_L64_symmetric_int8_linear_closed_zero_spline_spline_component\eval\bs256_tt1_tn1\lut_report_unified.json,seed0_L64_symmetric_int8_linear_closed_zero_spline_spline_component,0,64,symmetric,int8,linear,closed,zero_spline,spline_component,256,1,1,0.9899491507086444,0.9843629673996749,0.9957156767283349,0.9900067768897304,0.9991061054136088,0.9990538477962826,0.9897760467380721,0.984005474062353,0.9957373147246565,0.9898366332906723,0.9991011284169431,0.9990482391176989,0.9897760467380721,0.984005474062353,0.9957373147246565,0.9898366332906723,0.9991011284169432,0.999048238779662,0.8349466738309275,0.06627714647947869,0.014346761718115886,0.7219226953566249,0.6756148047315946,200368,200368,2262096,144,2128896,66528,66528
experiment_data\runs\20260102_201007_seed42_DoS_Hulk_w32-16_g5_k3\lut_sweeps_v2\seed0_L64_symmetric_int8_linear_half_open_clip_x_spline_component\eval\bs1_tt1_tn1\lut_report_unified.json,seed0_L64_symmetric_int8_linear_half_open_clip_x_spline_component,0,64,symmetric,int8,linear,half_open,clip_x,spline_component,1,1,1,0.9899491507086444,0.9843629673996749,0.9957156767283349,0.9900067768897304,0.9991061054136088,0.9990538477962826,0.9897760467380721,0.984005474062353,0.9957373147246565,0.9898366332906723,0.9991011284169431,0.9990482391176989,0.9897760467380721,0.984005474062353,0.9957373147246565,0.9898366332906723,0.9991011284169432,0.999048238779662,146.40574939921498,7.02763960044831,0.025838800705969334,172.39219499751925,168.94387500360608,200368,200368,2262096,144,2128896,66528,66528
experiment_data\runs\20260102_201007_seed42_DoS_Hulk_w32-16_g5_k3\lut_sweeps_v2\seed0_L64_symmetric_int8_linear_half_open_clip_x_spline_component\eval\bs256_tt1_tn1\lut_report_unified.json,seed0_L64_symmetric_int8_linear_half_open_clip_x_spline_component,0,64,symmetric,int8,linear,half_open,clip_x,spline_component,256,1,1,0.9899491507086444,0.9843629673996749,0.9957156767283349,0.9900067768897304,0.9991061054136088,0.9990538477962826,0.9897760467380721,0.984005474062353,0.9957373147246565,0.9898366332906723,0.9991011284169431,0.9990482391176989,0.9897760467380721,0.984005474062353,0.9957373147246565,0.9898366332906723,0.9991011284169432,0.999048238779662,0.8332093339777202,0.06411054687305295,0.014450894532274106,0.702070566421753,0.669570390618901,200368,200368,2262096,144,2128896,66528,66528
experiment_data\runs\20260102_201007_seed42_DoS_Hulk_w32-16_g5_k3\lut_sweeps_v2\seed0_L64_symmetric_int8_linear_half_open_zero_spline_spline_component\eval\bs1_tt1_tn1\lut_report_unified.json,seed0_L64_symmetric_int8_linear_half_open_zero_spline_spline_component,0,64,symmetric,int8,linear,half_open,zero_spline,spline_component,1,1,1,0.9899491507086444,0.9843629673996749,0.9957156767283349,0.9900067768897304,0.9991061054136088,0.9990538477962826,0.9897760467380721,0.984005474062353,0.9957373147246565,0.9898366332906723,0.9991011284169431,0.9990482391176989,0.9897760467380721,0.984005474062353,0.9957373147246565,0.9898366332906723,0.9991011284169432,0.999048238779662,148.78465360030532,7.740840399637818,0.029183000326156616,173.46284000668675,171.25951501075178,200368,200368,2262096,144,2128896,66528,66528
experiment_data\runs\20260102_201007_seed42_DoS_Hulk_w32-16_g5_k3\lut_sweeps_v2\seed0_L64_symmetric_int8_linear_half_open_zero_spline_spline_component\eval\bs256_tt1_tn1\lut_report_unified.json,seed0_L64_symmetric_int8_linear_half_open_zero_spline_spline_component,0,64,symmetric,int8,linear,half_open,zero_spline,spline_component,256,1,1,0.9899491507086444,0.9843629673996749,0.9957156767283349,0.9900067768897304,0.9991061054136088,0.9990538477962826,0.9897760467380721,0.984005474062353,0.9957373147246565,0.9898366332906723,0.9991011284169431,0.9990482391176989,0.9897760467380721,0.984005474062353,0.9957373147246565,0.9898366332906723,0.9991011284169432,0.999048238779662,0.8327143164024164,0.06790922656364273,0.014452277346208575,0.7023068554190104,0.6704382421958144,200368,200368,2262096,144,2128896,66528,66528
experiment_data\runs\20260102_201007_seed42_DoS_Hulk_w32-16_g5_k3\lut_sweeps_v2\seed0_L8_asymmetric_uint8_linear_closed_clip_x_spline_component\eval\bs1_tt1_tn1\lut_report_unified.json,seed0_L8_asymmetric_uint8_linear_closed_clip_x_spline_component,0,8,asymmetric,uint8,linear,closed,clip_x,spline_component,1,1,1,0.9899491507086444,0.9843629673996749,0.9957156767283349,0.9900067768897304,0.9991061054136088,0.9990538477962826,0.9894839337877313,0.982592,0.9966244725738397,0.9895584917821463,0.99905284874007,0.9989945011988975,0.9894839337877313,0.982592,0.9966244725738397,0.9895584917821463,0.9990528482718672,0.998994501126584,146.18996520061046,6.712927800603211,0.025276999920606613,162.35322998836637,161.2653800053522,200368,200368,399312,144,266112,66528,66528
experiment_data\runs\20260102_201007_seed42_DoS_Hulk_w32-16_g5_k3\lut_sweeps_v2\seed0_L8_asymmetric_uint8_linear_closed_clip_x_spline_component\eval\bs256_tt1_tn1\lut_report_unified.json,seed0_L8_asymmetric_uint8_linear_closed_clip_x_spline_component,0,8,asymmetric,uint8,linear,closed,clip_x,spline_component,256,1,1,0.9899491507086444,0.9843629673996749,0.9957156767283349,0.9900067768897304,0.9991061054136088,0.9990538477962826,0.9894839337877313,0.982592,0.9966244725738397,0.9895584917821463,0.99905284874007,0.9989945011988975,0.9894839337877313,0.982592,0.9966244725738397,0.9895584917821463,0.9990528482718672,0.998994501126584,0.8276392871084681,0.06052317969079013,0.012833470700570615,0.6805341015933664,0.6460763281211257,200368,200368,399312,144,266112,66528,66528
experiment_data\runs\20260102_201007_seed42_DoS_Hulk_w32-16_g5_k3\lut_sweeps_v2\seed0_L8_asymmetric_uint8_linear_closed_zero_spline_spline_component\eval\bs1_tt1_tn1\lut_report_unified.json,seed0_L8_asymmetric_uint8_linear_closed_zero_spline_spline_component,0,8,asymmetric,uint8,linear,closed,zero_spline,spline_component,1,1,1,0.9899491507086444,0.9843629673996749,0.9957156767283349,0.9900067768897304,0.9991061054136088,0.9990538477962826,0.9894839337877313,0.982592,0.9966244725738397,0.9895584917821463,0.9990527977059556,0.9989944396683382,0.9894839337877313,0.982592,0.9966244725738397,0.9895584917821463,0.9990527977059557,0.9989944395820771,148.53146620001644,7.4580412004143,0.026441200636327267,163.16623000893742,162.97352500259876,200368,200368,399312,144,266112,66528,66528
experiment_data\runs\20260102_201007_seed42_DoS_Hulk_w32-16_g5_k3\lut_sweeps_v2\seed0_L8_asymmetric_uint8_linear_closed_zero_spline_spline_component\eval\bs256_tt1_tn1\lut_report_unified.json,seed0_L8_asymmetric_uint8_linear_closed_zero_spline_spline_component,0,8,asymmetric,uint8,linear,closed,zero_spline,spline_component,256,1,1,0.9899491507086444,0.9843629673996749,0.9957156767283349,0.9900067768897304,0.9991061054136088,0.9990538477962826,0.9894839337877313,0.982592,0.9966244725738397,0.9895584917821463,0.9990527977059556,0.9989944396683382,0.9894839337877313,0.982592,0.9966244725738397,0.9895584917821463,0.9990527977059557,0.9989944395820771,0.9188391816405783,0.06549875195560162,0.013132902340657893,0.6808416015701368,0.6421977343961771,200368,200368,399312,144,266112,66528,66528
experiment_data\runs\20260102_201007_seed42_DoS_Hulk_w32-16_g5_k3\lut_sweeps_v2\seed0_L8_asymmetric_uint8_linear_half_open_clip_x_spline_component\eval\bs1_tt1_tn1\lut_report_unified.json,seed0_L8_asymmetric_uint8_linear_half_open_clip_x_spline_component,0,8,asymmetric,uint8,linear,half_open,clip_x,spline_component,1,1,1,0.9899491507086444,0.9843629673996749,0.9957156767283349,0.9900067768897304,0.9991061054136088,0.9990538477962826,0.9894839337877313,0.982592,0.9966244725738397,0.9895584917821463,0.99905284874007,0.9989945011988974,0.9894839337877313,0.982592,0.9966244725738397,0.9895584917821463,0.9990528482718672,0.998994501126584,145.89508180040866,6.948472199961543,0.02448240015655756,162.70791499409825,161.75800499040633,200368,200368,399312,144,266112,66528,66528
experiment_data\runs\20260102_201007_seed42_DoS_Hulk_w32-16_g5_k3\lut_sweeps_v2\seed0_L8_asymmetric_uint8_linear_half_open_clip_x_spline_component\eval\bs256_tt1_tn1\lut_report_unified.json,seed0_L8_asymmetric_uint8_linear_half_open_clip_x_spline_component,0,8,asymmetric,uint8,linear,half_open,clip_x,spline_component,256,1,1,0.9899491507086444,0.9843629673996749,0.9957156767283349,0.9900067768897304,0.9991061054136088,0.9990538477962826,0.9894839337877313,0.982592,0.9966244725738397,0.9895584917821463,0.99905284874007,0.9989945011988974,0.9894839337877313,0.982592,0.9966244725738397,0.9895584917821463,0.9990528482718672,0.998994501126584,0.8300692226566753,0.06159150195344409,0.012920074223075062,0.6732207617460517,0.6466293359153497,200368,200368,399312,144,266112,66528,66528
experiment_data\runs\20260102_201007_seed42_DoS_Hulk_w32-16_g5_k3\lut_sweeps_v2\seed0_L8_asymmetric_uint8_linear_half_open_zero_spline_spline_component\eval\bs1_tt1_tn1\lut_report_unified.json,seed0_L8_asymmetric_uint8_linear_half_open_zero_spline_spline_component,0,8,asymmetric,uint8,linear,half_open,zero_spline,spline_component,1,1,1,0.9899491507086444,0.9843629673996749,0.9957156767283349,0.9900067768897304,0.9991061054136088,0.9990538477962826,0.9894839337877313,0.982592,0.9966244725738397,0.9895584917821463,0.9990527977059556,0.9989944396683382,0.9894839337877313,0.982592,0.9966244725738397,0.9895584917821463,0.9990527977059557,0.9989944395820771,145.81012120004743,7.549310400150716,0.024432599544525146,165.14982001390308,160.75023000594229,200368,200368,399312,144,266112,66528,66528
experiment_data\runs\20260102_201007_seed42_DoS_Hulk_w32-16_g5_k3\lut_sweeps_v2\seed0_L8_asymmetric_uint8_linear_half_open_zero_spline_spline_component\eval\bs256_tt1_tn1\lut_report_unified.json,seed0_L8_asymmetric_uint8_linear_half_open_zero_spline_spline_component,0,8,asymmetric,uint8,linear,half_open,zero_spline,spline_component,256,1,1,0.9899491507086444,0.9843629673996749,0.9957156767283349,0.9900067768897304,0.9991061054136088,0.9990538477962826,0.9894839337877313,0.982592,0.9966244725738397,0.9895584917821463,0.9990527977059556,0.9989944396683382,0.9894839337877313,0.982592,0.9966244725738397,0.9895584917821463,0.9990527977059557,0.9989944395820771,0.824302347655248,0.06625822070418508,0.012916351561216288,0.680359589841828,0.6470281445217552,200368,200368,399312,144,266112,66528,66528
experiment_data\runs\20260102_201007_seed42_DoS_Hulk_w32-16_g5_k3\lut_sweeps_v2\seed0_L8_symmetric_int8_linear_closed_clip_x_spline_component\eval\bs1_tt1_tn1\lut_report_unified.json,seed0_L8_symmetric_int8_linear_closed_clip_x_spline_component,0,8,symmetric,int8,linear,closed,clip_x,spline_component,1,1,1,0.9899491507086444,0.9843629673996749,0.9957156767283349,0.9900067768897304,0.9991061054136088,0.9990538477962826,0.9894839337877313,0.982592,0.9966244725738397,0.9895584917821463,0.9990530126110799,0.9989946845983483,0.9894839337877313,0.982592,0.9966244725738397,0.9895584917821463,0.9990530126110799,0.9989946843348712,144.66919699963182,6.765327800065279,0.024767599999904633,161.65728999767452,161.14435500930995,200368,200368,399312,144,266112,66528,66528
experiment_data\runs\20260102_201007_seed42_DoS_Hulk_w32-16_g5_k3\lut_sweeps_v2\seed0_L8_symmetric_int8_linear_closed_clip_x_spline_component\eval\bs256_tt1_tn1\lut_report_unified.json,seed0_L8_symmetric_int8_linear_closed_clip_x_spline_component,0,8,symmetric,int8,linear,closed,clip_x,spline_component,256,1,1,0.9899491507086444,0.9843629673996749,0.9957156767283349,0.9900067768897304,0.9991061054136088,0.9990538477962826,0.9894839337877313,0.982592,0.9966244725738397,0.9895584917821463,0.9990530126110799,0.9989946845983483,0.9894839337877313,0.982592,0.9966244725738397,0.9895584917821463,0.9990530126110799,0.9989946843348712,0.8255176582042623,0.06073341406590771,0.012993179689146928,0.6720731640598387,0.6390427539372467,200368,200368,399312,144,266112,66528,66528
experiment_data\runs\20260102_201007_seed42_DoS_Hulk_w32-16_g5_k3\lut_sweeps_v2\seed0_L8_symmetric_int8_linear_closed_zero_spline_spline_component\eval\bs1_tt1_tn1\lut_report_unified.json,seed0_L8_symmetric_int8_linear_closed_zero_spline_spline_component,0,8,symmetric,int8,linear,closed,zero_spline,spline_component,1,1,1,0.9899491507086444,0.9843629673996749,0.9957156767283349,0.9900067768897304,0.9991061054136088,0.9990538477962826,0.9894839337877313,0.982592,0.9966244725738397,0.9895584917821463,0.9990530126110799,0.9989946845983483,0.9894839337877313,0.982592,0.9966244725738397,0.9895584917821463,0.9990530126110799,0.9989946843348712,145.74169459939003,7.341521400026977,0.025313999503850937,163.85471501853317,161.03066499345005,200368,200368,399312,144,266112,66528,66528
experiment_data\runs\20260102_201007_seed42_DoS_Hulk_w32-16_g5_k3\lut_sweeps_v2\seed0_L8_symmetric_int8_linear_closed_zero_spline_spline_component\eval\bs256_tt1_tn1\lut_report_unified.json,seed0_L8_symmetric_int8_linear_closed_zero_spline_spline_component,0,8,symmetric,int8,linear,closed,zero_spline,spline_component,256,1,1,0.9899491507086444,0.9843629673996749,0.9957156767283349,0.9900067768897304,0.9991061054136088,0.9990538477962826,0.9894839337877313,0.982592,0.9966244725738397,0.9895584917821463,0.9990530126110799,0.9989946845983483,0.9894839337877313,0.982592,0.9966244725738397,0.9895584917821463,0.9990530126110799,0.9989946843348712,0.820297013669915,0.0656947382776707,0.013101623044349253,0.6737124805113126,0.6423177148462855,200368,200368,399312,144,266112,66528,66528
experiment_data\runs\20260102_201007_seed42_DoS_Hulk_w32-16_g5_k3\lut_sweeps_v2\seed0_L8_symmetric_int8_linear_half_open_clip_x_spline_component\eval\bs1_tt1_tn1\lut_report_unified.json,seed0_L8_symmetric_int8_linear_half_open_clip_x_spline_component,0,8,symmetric,int8,linear,half_open,clip_x,spline_component,1,1,1,0.9899491507086444,0.9843629673996749,0.9957156767283349,0.9900067768897304,0.9991061054136088,0.9990538477962826,0.9894839337877313,0.982592,0.9966244725738397,0.9895584917821463,0.9990530126110799,0.9989946845983483,0.9894839337877313,0.982592,0.9966244725738397,0.9895584917821463,0.9990530126110799,0.9989946842404037,146.41147839929909,6.971397600136697,0.024825199507176876,165.98863499239087,162.086659995839,200368,200368,399312,144,266112,66528,66528
experiment_data\runs\20260102_201007_seed42_DoS_Hulk_w32-16_g5_k3\lut_sweeps_v2\seed0_L8_symmetric_int8_linear_half_open_clip_x_spline_component\eval\bs256_tt1_tn1\lut_report_unified.json,seed0_L8_symmetric_int8_linear_half_open_clip_x_spline_component,0,8,symmetric,int8,linear,half_open,clip_x,spline_component,256,1,1,0.9899491507086444,0.9843629673996749,0.9957156767283349,0.9900067768897304,0.9991061054136088,0.9990538477962826,0.9894839337877313,0.982592,0.9966244725738397,0.9895584917821463,0.9990530126110799,0.9989946845983483,0.9894839337877313,0.982592,0.9966244725738397,0.9895584917821463,0.9990530126110799,0.9989946842404037,0.8300151425828517,0.0625040898376028,0.013496435549313901,0.6715106836054474,0.6451134765484312,200368,200368,399312,144,266112,66528,66528
experiment_data\runs\20260102_201007_seed42_DoS_Hulk_w32-16_g5_k3\lut_sweeps_v2\seed0_L8_symmetric_int8_linear_half_open_zero_spline_spline_component\eval\bs1_tt1_tn1\lut_report_unified.json,seed0_L8_symmetric_int8_linear_half_open_zero_spline_spline_component,0,8,symmetric,int8,linear,half_open,zero_spline,spline_component,1,1,1,0.9899491507086444,0.9843629673996749,0.9957156767283349,0.9900067768897304,0.9991061054136088,0.9990538477962826,0.9894839337877313,0.982592,0.9966244725738397,0.9895584917821463,0.9990530126110799,0.9989946845983483,0.9894839337877313,0.982592,0.9966244725738397,0.9895584917821463,0.9990530126110799,0.9989946843348712,146.180503600277,7.682456400245428,0.02501360047608614,165.44882501475513,161.0463249962777,200368,200368,399312,144,266112,66528,66528
experiment_data\runs\20260102_201007_seed42_DoS_Hulk_w32-16_g5_k3\lut_sweeps_v2\seed0_L8_symmetric_int8_linear_half_open_zero_spline_spline_component\eval\bs256_tt1_tn1\lut_report_unified.json,seed0_L8_symmetric_int8_linear_half_open_zero_spline_spline_component,0,8,symmetric,int8,linear,half_open,zero_spline,spline_component,256,1,1,0.9899491507086444,0.9843629673996749,0.9957156767283349,0.9900067768897304,0.9991061054136088,0.9990538477962826,0.9894839337877313,0.982592,0.9966244725738397,0.9895584917821463,0.9990530126110799,0.9989946845983483,0.9894839337877313,0.982592,0.9966244725738397,0.9895584917821463,0.9990530126110799,0.9989946843348712,0.823493523439538,0.06683567773507093,0.013032552733420744,0.6829414062849537,0.6515668945212383,200368,200368,399312,144,266112,66528,66528
experiment_data\runs\20260102_201007_seed42_DoS_Hulk_w32-16_g5_k3\lut_sweeps_v2\seed1_L128_asymmetric_uint8_linear_closed_clip_x_spline_component\eval\bs1_tt1_tn1\lut_report_unified.json,seed1_L128_asymmetric_uint8_linear_closed_clip_x_spline_component,1,128,asymmetric,uint8,linear,closed,clip_x,spline_component,1,1,1,0.9899491507086444,0.9843629673996749,0.9957156767283349,0.9900067768897304,0.9991061054136088,0.9990538477962826,0.9898734177215189,0.9842155919153032,0.9957156767283349,0.9899322362052275,0.9991032231566499,0.9990505392629225,0.9898734177215189,0.9842155919153032,0.9957156767283349,0.9899322362052275,0.9991032231566499,0.9990505394962302,220.99341200012714,10.275295599363744,0.038891599513590336,256.99446499347687,265.7363750040531,200368,200368,4390992,144,4257792,66528,66528
experiment_data\runs\20260102_201007_seed42_DoS_Hulk_w32-16_g5_k3\lut_sweeps_v2\seed1_L128_asymmetric_uint8_linear_closed_clip_x_spline_component\eval\bs256_tt1_tn1\lut_report_unified.json,seed1_L128_asymmetric_uint8_linear_closed_clip_x_spline_component,1,128,asymmetric,uint8,linear,closed,clip_x,spline_component,256,1,1,0.9899491507086444,0.9843629673996749,0.9957156767283349,0.9900067768897304,0.9991061054136088,0.9990538477962826,0.9898734177215189,0.9842155919153032,0.9957156767283349,0.9899322362052275,0.9991032231566499,0.9990505392629225,0.9898734177215189,0.9842155919153032,0.9957156767283349,0.9899322362052275,0.9991032231566499,0.9990505394962302,1.254508759766395,0.0923392050754046,0.022520373049701448,1.1380075000488432,1.0743592772996635,200368,200368,4390992,144,4257792,66528,66528
experiment_data\runs\20260102_201007_seed42_DoS_Hulk_w32-16_g5_k3\lut_sweeps_v2\seed1_L128_asymmetric_uint8_linear_closed_zero_spline_spline_component\eval\bs1_tt1_tn1\lut_report_unified.json,seed1_L128_asymmetric_uint8_linear_closed_zero_spline_spline_component,1,128,asymmetric,uint8,linear,closed,zero_spline,spline_component,1,1,1,0.9899491507086444,0.9843629673996749,0.9957156767283349,0.9900067768897304,0.9991061054136088,0.9990538477962826,0.9898734177215189,0.9842155919153032,0.9957156767283349,0.9899322362052275,0.9991032231566498,0.9990505396587218,0.9898734177215189,0.9842155919153032,0.9957156767283349,0.9899322362052275,0.9991032231566499,0.9990505396514948,156.8763175997883,7.447195000015199,0.02682999987155199,179.7593800118193,177.09764000028372,200368,200368,4390992,144,4257792,66528,66528
experiment_data\runs\20260102_201007_seed42_DoS_Hulk_w32-16_g5_k3\lut_sweeps_v2\seed1_L128_asymmetric_uint8_linear_closed_zero_spline_spline_component\eval\bs256_tt1_tn1\lut_report_unified.json,seed1_L128_asymmetric_uint8_linear_closed_zero_spline_spline_component,1,128,asymmetric,uint8,linear,closed,zero_spline,spline_component,256,1,1,0.9899491507086444,0.9843629673996749,0.9957156767283349,0.9900067768897304,0.9991061054136088,0.9990538477962826,0.9898734177215189,0.9842155919153032,0.9957156767283349,0.9899322362052275,0.9991032231566498,0.9990505396587218,0.9898734177215189,0.9842155919153032,0.9957156767283349,0.9899322362052275,0.9991032231566499,0.9990505396514948,0.8469151328154112,0.06744890039044549,0.01455533202715742,0.7371873437477916,0.7221063280667295,200368,200368,4390992,144,4257792,66528,66528
experiment_data\runs\20260102_201007_seed42_DoS_Hulk_w32-16_g5_k3\lut_sweeps_v2\seed1_L128_asymmetric_uint8_linear_half_open_clip_x_spline_component\eval\bs1_tt1_tn1\lut_report_unified.json,seed1_L128_asymmetric_uint8_linear_half_open_clip_x_spline_component,1,128,asymmetric,uint8,linear,half_open,clip_x,spline_component,1,1,1,0.9899491507086444,0.9843629673996749,0.9957156767283349,0.9900067768897304,0.9991061054136088,0.9990538477962826,0.9898734177215189,0.9842155919153032,0.9957156767283349,0.9899322362052275,0.9991032231566499,0.9990505392629225,0.9898734177215189,0.9842155919153032,0.9957156767283349,0.9899322362052275,0.9991032231566499,0.9990505394962302,145.05308820027858,7.200366000644863,0.027060200460255146,179.42391000688076,177.25229000207037,200368,200368,4390992,144,4257792,66528,66528
experiment_data\runs\20260102_201007_seed42_DoS_Hulk_w32-16_g5_k3\lut_sweeps_v2\seed1_L128_asymmetric_uint8_linear_half_open_clip_x_spline_component\eval\bs256_tt1_tn1\lut_report_unified.json,seed1_L128_asymmetric_uint8_linear_half_open_clip_x_spline_component,1,128,asymmetric,uint8,linear,half_open,clip_x,spline_component,256,1,1,0.9899491507086444,0.9843629673996749,0.9957156767283349,0.9900067768897304,0.9991061054136088,0.9990538477962826,0.9898734177215189,0.9842155919153032,0.9957156767283349,0.9899322362052275,0.9991032231566499,0.9990505392629225,0.9898734177215189,0.9842155919153032,0.9957156767283349,0.9899322362052275,0.9991032231566499,0.9990505394962302,0.8293768535168056,0.06257687304241699,0.014175710939525743,0.7275612304511014,0.7055839843815193,200368,200368,4390992,144,4257792,66528,66528
experiment_data\runs\20260102_201007_seed42_DoS_Hulk_w32-16_g5_k3\lut_sweeps_v2\seed1_L128_asymmetric_uint8_linear_half_open_zero_spline_spline_component\eval\bs1_tt1_tn1\lut_report_unified.json,seed1_L128_asymmetric_uint8_linear_half_open_zero_spline_spline_component,1,128,asymmetric,uint8,linear,half_open,zero_spline,spline_component,1,1,1,0.9899491507086444,0.9843629673996749,0.9957156767283349,0.9900067768897304,0.9991061054136088,0.9990538477962826,0.9898734177215189,0.9842155919153032,0.9957156767283349,0.9899322362052275,0.9991032231566498,0.9990505396587218,0.9898734177215189,0.9842155919153032,0.9957156767283349,0.9899322362052275,0.9991032231566499,0.9990505396514948,145.56911620032042,7.730809999629855,0.028121599927544594,178.12216999009252,175.52930500824004,200368,200368,4390992,144,4257792,66528,66528
experiment_data\runs\20260102_201007_seed42_DoS_Hulk_w32-16_g5_k3\lut_sweeps_v2\seed1_L128_asymmetric_uint8_linear_half_open_zero_spline_spline_component\eval\bs256_tt1_tn1\lut_report_unified.json,seed1_L128_asymmetric_uint8_linear_half_open_zero_spline_spline_component,1,128,asymmetric,uint8,linear,half_open,zero_spline,spline_component,256,1,1,0.9899491507086444,0.9843629673996749,0.9957156767283349,0.9900067768897304,0.9991061054136088,0.9990538477962826,0.9898734177215189,0.9842155919153032,0.9957156767283349,0.9899322362052275,0.9991032231566498,0.9990505396587218,0.9898734177215189,0.9842155919153032,0.9957156767283349,0.9899322362052275,0.9991032231566499,0.9990505396514948,0.8246381074241071,0.06687346484795853,0.014373435542438529,0.7374209961199085,0.7044449414024712,200368,200368,4390992,144,4257792,66528,66528
experiment_data\runs\20260102_201007_seed42_DoS_Hulk_w32-16_g5_k3\lut_sweeps_v2\seed1_L128_symmetric_int8_linear_closed_clip_x_spline_component\eval\bs1_tt1_tn1\lut_report_unified.json,seed1_L128_symmetric_int8_linear_closed_clip_x_spline_component,1,128,symmetric,int8,linear,closed,clip_x,spline_component,1,1,1,0.9899491507086444,0.9843629673996749,0.9957156767283349,0.9900067768897304,0.9991061054136088,0.9990538477962826,0.9898842367196797,0.9842366428540873,0.9957156767283349,0.9899428841872022,0.9991034670903529,0.9990508088975617,0.9898842367196797,0.9842366428540873,0.9957156767283349,0.9899428841872022,0.9991034673244542,0.9990508081527174,217.24202060047537,9.443917999975383,0.03665779996663332,236.57203500624746,246.57246498391032,200368,200368,4390992,144,4257792,66528,66528
experiment_data\runs\20260102_201007_seed42_DoS_Hulk_w32-16_g5_k3\lut_sweeps_v2\seed1_L128_symmetric_int8_linear_closed_clip_x_spline_component\eval\bs256_tt1_tn1\lut_report_unified.json,seed1_L128_symmetric_int8_linear_closed_clip_x_spline_component,1,128,symmetric,int8,linear,closed,clip_x,spline_component,256,1,1,0.9899491507086444,0.9843629673996749,0.9957156767283349,0.9900067768897304,0.9991061054136088,0.9990538477962826,0.9898842367196797,0.9842366428540873,0.9957156767283349,0.9899428841872022,0.9991034670903529,0.9990508088975617,0.9898842367196797,0.9842366428540873,0.9957156767283349,0.9899428841872022,0.9991034673244542,0.9990508081527174,1.1754251210913935,0.10333291796996491,0.020506541013673996,1.0686207227081468,1.0684193359338678,200368,200368,4390992,144,4257792,66528,66528
experiment_data\runs\20260102_201007_seed42_DoS_Hulk_w32-16_g5_k3\lut_sweeps_v2\seed1_L128_symmetric_int8_linear_closed_zero_spline_spline_component\eval\bs1_tt1_tn1\lut_report_unified.json,seed1_L128_symmetric_int8_linear_closed_zero_spline_spline_component,1,128,symmetric,int8,linear,closed,zero_spline,spline_component,1,1,1,0.9899491507086444,0.9843629673996749,0.9957156767283349,0.9900067768897304,0.9991061054136088,0.9990538477962826,0.9898842367196797,0.9842366428540873,0.9957156767283349,0.9899428841872022,0.9991034670903529,0.9990508088975617,0.9898842367196797,0.9842366428540873,0.9957156767283349,0.9899428841872022,0.9991034673244542,0.9990508081527174,227.01330800075084,11.430010000243783,0.03776559978723526,260.73840998578817,251.46779501810667,200368,200368,4390992,144,4257792,66528,66528
experiment_data\runs\20260102_201007_seed42_DoS_Hulk_w32-16_g5_k3\lut_sweeps_v2\seed1_L128_symmetric_int8_linear_closed_zero_spline_spline_component\eval\bs256_tt1_tn1\lut_report_unified.json,seed1_L128_symmetric_int8_linear_closed_zero_spline_spline_component,1,128,symmetric,int8,linear,closed,zero_spline,spline_component,256,1,1,0.9899491507086444,0.9843629673996749,0.9957156767283349,0.9900067768897304,0.9991061054136088,0.9990538477962826,0.9898842367196797,0.9842366428540873,0.9957156767283349,0.9899428841872022,0.9991034670903529,0.9990508088975617,0.9898842367196797,0.9842366428540873,0.9957156767283349,0.9899428841872022,0.9991034673244542,0.9990508081527174,1.2188058789070055,0.06633455273913569,0.01445470898943313,0.7336041210692201,0.7003861327575578,200368,200368,4390992,144,4257792,66528,66528
experiment_data\runs\20260102_201007_seed42_DoS_Hulk_w32-16_g5_k3\lut_sweeps_v2\seed1_L128_symmetric_int8_linear_half_open_clip_x_spline_component\eval\bs1_tt1_tn1\lut_report_unified.json,seed1_L128_symmetric_int8_linear_half_open_clip_x_spline_component,1,128,symmetric,int8,linear,half_open,clip_x,spline_component,1,1,1,0.9899491507086444,0.9843629673996749,0.9957156767283349,0.9900067768897304,0.9991061054136088,0.9990538477962826,0.9898842367196797,0.9842366428540873,0.9957156767283349,0.9899428841872022,0.9991034670903529,0.9990508088975617,0.9898842367196797,0.9842366428540873,0.9957156767283349,0.9899428841872022,0.9991034673244542,0.9990508081527174,218.41277019958943,10.500085199251771,0.03738840017467737,239.26925000268966,239.08527500461787,200368,200368,4390992,144,4257792,66528,66528
experiment_data\runs\20260102_201007_seed42_DoS_Hulk_w32-16_g5_k3\lut_sweeps_v2\seed1_L128_symmetric_int8_linear_half_open_clip_x_spline_component\eval\bs256_tt1_tn1\lut_report_unified.json,seed1_L128_symmetric_int8_linear_half_open_clip_x_spline_component,1,128,symmetric,int8,linear,half_open,clip_x,spline_component,256,1,1,0.9899491507086444,0.9843629673996749,0.9957156767283349,0.9900067768897304,0.9991061054136088,0.9990538477962826,0.9898842367196797,0.9842366428540873,0.9957156767283349,0.9899428841872022,0.9991034670903529,0.9990508088975617,0.9898842367196797,0.9842366428540873,0.9957156767283349,0.9899428841872022,0.9991034673244542,0.9990508081527174,1.2290187968756072,0.09298060352193716,0.019976085941380006,1.0507167187824962,0.9993915820814436,200368,200368,4390992,144,4257792,66528,66528
experiment_data\runs\20260102_201007_seed42_DoS_Hulk_w32-16_g5_k3\lut_sweeps_v2\seed1_L128_symmetric_int8_linear_half_open_zero_spline_spline_component\eval\bs1_tt1_tn1\lut_report_unified.json,seed1_L128_symmetric_int8_linear_half_open_zero_spline_spline_component,1,128,symmetric,int8,linear,half_open,zero_spline,spline_component,1,1,1,0.9899491507086444,0.9843629673996749,0.9957156767283349,0.9900067768897304,0.9991061054136088,0.9990538477962826,0.9898842367196797,0.9842366428540873,0.9957156767283349,0.9899428841872022,0.9991034670903529,0.9990508088975617,0.9898842367196797,0.9842366428540873,0.9957156767283349,0.9899428841872022,0.9991034673244542,0.9990508081527174,221.60697719920427,11.26525660045445,0.038730000145733356,239.61006000172347,234.13322500418872,200368,200368,4390992,144,4257792,66528,66528
experiment_data\runs\20260102_201007_seed42_DoS_Hulk_w32-16_g5_k3\lut_sweeps_v2\seed1_L128_symmetric_int8_linear_half_open_zero_spline_spline_component\eval\bs256_tt1_tn1\lut_report_unified.json,seed1_L128_symmetric_int8_linear_half_open_zero_spline_spline_component,1,128,symmetric,int8,linear,half_open,zero_spline,spline_component,256,1,1,0.9899491507086444,0.9843629673996749,0.9957156767283349,0.9900067768897304,0.9991061054136088,0.9990538477962826,0.9898842367196797,0.9842366428540873,0.9957156767283349,0.9899428841872022,0.9991034670903529,0.9990508088975617,0.9898842367196797,0.9842366428540873,0.9957156767283349,0.9899428841872022,0.9991034673244542,0.9990508081527174,1.2075935527354886,0.09886528906463354,0.021544539067690494,1.0227138476693654,1.0027067578448623,200368,200368,4390992,144,4257792,66528,66528
experiment_data\runs\20260102_201007_seed42_DoS_Hulk_w32-16_g5_k3\lut_sweeps_v2\seed1_L16_asymmetric_uint8_linear_closed_clip_x_spline_component\eval\bs1_tt1_tn1\lut_report_unified.json,seed1_L16_asymmetric_uint8_linear_closed_clip_x_spline_component,1,16,asymmetric,uint8,linear,closed,clip_x,spline_component,1,1,1,0.9899491507086444,0.9843629673996749,0.9957156767283349,0.9900067768897304,0.9991061054136088,0.9990538477962826,0.9896029427674997,0.9833176691729323,0.9961051606621227,0.9896701099633456,0.9990859225918531,0.9990319009255247,0.9896029427674997,0.9833176691729323,0.9961051606621227,0.9896701099633456,0.9990859225918531,0.9990319007042305,145.552655399777,6.737742000259459,0.025962400250136852,164.3183150095865,161.81285500060767,200368,200368,665424,144,532224,66528,66528
experiment_data\runs\20260102_201007_seed42_DoS_Hulk_w32-16_g5_k3\lut_sweeps_v2\seed1_L16_asymmetric_uint8_linear_closed_clip_x_spline_component\eval\bs256_tt1_tn1\lut_report_unified.json,seed1_L16_asymmetric_uint8_linear_closed_clip_x_spline_component,1,16,asymmetric,uint8,linear,closed,clip_x,spline_component,256,1,1,0.9899491507086444,0.9843629673996749,0.9957156767283349,0.9900067768897304,0.9991061054136088,0.9990538477962826,0.9896029427674997,0.9833176691729323,0.9961051606621227,0.9896701099633456,0.9990859225918531,0.9990319009255247,0.9896029427674997,0.9833176691729323,0.9961051606621227,0.9896701099633456,0.9990859225918531,0.9990319007042305,0.8241964257740619,0.06060929882551136,0.013131669920767308,0.6794089453251217,0.6599250586077687,200368,200368,665424,144,532224,66528,66528
experiment_data\runs\20260102_201007_seed42_DoS_Hulk_w32-16_g5_k3\lut_sweeps_v2\seed1_L16_asymmetric_uint8_linear_closed_zero_spline_spline_component\eval\bs1_tt1_tn1\lut_report_unified.json,seed1_L16_asymmetric_uint8_linear_closed_zero_spline_spline_component,1,16,asymmetric,uint8,linear,closed,zero_spline,spline_component,1,1,1,0.9899491507086444,0.9843629673996749,0.9957156767283349,0.9900067768897304,0.9991061054136088,0.9990538477962826,0.9896029427674997,0.9833176691729323,0.9961051606621227,0.9896701099633456,0.9990859366379398,0.9990319135157615,0.9896029427674997,0.9833176691729323,0.9961051606621227,0.9896701099633456,0.9990859366379398,0.9990319135412871,145.9183072000742,7.406085399910808,0.02476199995726347,164.28973500151187,162.75228499434888,200368,200368,665424,144,532224,66528,66528
experiment_data\runs\20260102_201007_seed42_DoS_Hulk_w32-16_g5_k3\lut_sweeps_v2\seed1_L16_asymmetric_uint8_linear_closed_zero_spline_spline_component\eval\bs256_tt1_tn1\lut_report_unified.json,seed1_L16_asymmetric_uint8_linear_closed_zero_spline_spline_component,1,16,asymmetric,uint8,linear,closed,zero_spline,spline_component,256,1,1,0.9899491507086444,0.9843629673996749,0.9957156767283349,0.9900067768897304,0.9991061054136088,0.9990538477962826,0.9896029427674997,0.9833176691729323,0.9961051606621227,0.9896701099633456,0.9990859366379398,0.9990319135157615,0.9896029427674997,0.9833176691729323,0.9961051606621227,0.9896701099633456,0.9990859366379398,0.9990319135412871,0.8261861757819133,0.06566152147570392,0.013348427737582824,0.6816106835685787,0.646617675829475,200368,200368,665424,144,532224,66528,66528
experiment_data\runs\20260102_201007_seed42_DoS_Hulk_w32-16_g5_k3\lut_sweeps_v2\seed1_L16_asymmetric_uint8_linear_half_open_clip_x_spline_component\eval\bs1_tt1_tn1\lut_report_unified.json,seed1_L16_asymmetric_uint8_linear_half_open_clip_x_spline_component,1,16,asymmetric,uint8,linear,half_open,clip_x,spline_component,1,1,1,0.9899491507086444,0.9843629673996749,0.9957156767283349,0.9900067768897304,0.9991061054136088,0.9990538477962826,0.9896029427674997,0.9833176691729323,0.9961051606621227,0.9896701099633456,0.9990859225918531,0.9990319009255247,0.9896029427674997,0.9833176691729323,0.9961051606621227,0.9896701099633456,0.9990859225918531,0.9990319007042305,145.00488019920886,7.069457599893212,0.025743800215423107,164.21819999814034,162.35940500628203,200368,200368,665424,144,532224,66528,66528
experiment_data\runs\20260102_201007_seed42_DoS_Hulk_w32-16_g5_k3\lut_sweeps_v2\seed1_L16_asymmetric_uint8_linear_half_open_clip_x_spline_component\eval\bs256_tt1_tn1\lut_report_unified.json,seed1_L16_asymmetric_uint8_linear_half_open_clip_x_spline_component,1,16,asymmetric,uint8,linear,half_open,clip_x,spline_component,256,1,1,0.9899491507086444,0.9843629673996749,0.9957156767283349,0.9900067768897304,0.9991061054136088,0.9990538477962826,0.9896029427674997,0.9833176691729323,0.9961051606621227,0.9896701099633456,0.9990859225918531,0.9990319009255247,0.9896029427674997,0.9833176691729323,0.9961051606621227,0.9896701099633456,0.9990859225918531,0.9990319007042305,0.8260762656209408,0.0616321914094442,0.013328654295037268,0.6739459765412903,0.6649365624980419,200368,200368,665424,144,532224,66528,66528
experiment_data\runs\20260102_201007_seed42_DoS_Hulk_w32-16_g5_k3\lut_sweeps_v2\seed1_L16_asymmetric_uint8_linear_half_open_zero_spline_spline_component\eval\bs1_tt1_tn1\lut_report_unified.json,seed1_L16_asymmetric_uint8_linear_half_open_zero_spline_spline_component,1,16,asymmetric,uint8,linear,half_open,zero_spline,spline_component,1,1,1,0.9899491507086444,0.9843629673996749,0.9957156767283349,0.9900067768897304,0.9991061054136088,0.9990538477962826,0.9896029427674997,0.9833176691729323,0.9961051606621227,0.9896701099633456,0.9990859366379398,0.9990319135157615,0.9896029427674997,0.9833176691729323,0.9961051606621227,0.9896701099633456,0.9990859366379398,0.9990319135412871,144.82502039987594,7.771289199590683,0.026913399808108807,164.9091250030324,161.96329498197883,200368,200368,665424,144,532224,66528,66528
experiment_data\runs\20260102_201007_seed42_DoS_Hulk_w32-16_g5_k3\lut_sweeps_v2\seed1_L16_asymmetric_uint8_linear_half_open_zero_spline_spline_component\eval\bs256_tt1_tn1\lut_report_unified.json,seed1_L16_asymmetric_uint8_linear_half_open_zero_spline_spline_component,1,16,asymmetric,uint8,linear,half_open,zero_spline,spline_component,256,1,1,0.9899491507086444,0.9843629673996749,0.9957156767283349,0.9900067768897304,0.9991061054136088,0.9990538477962826,0.9896029427674997,0.9833176691729323,0.9961051606621227,0.9896701099633456,0.9990859366379398,0.9990319135157615,0.9896029427674997,0.9833176691729323,0.9961051606621227,0.9896701099633456,0.9990859366379398,0.9990319135412871,0.8319403906261869,0.06623149219194602,0.013356730460145627,0.6842342382697097,0.649022539073485,200368,200368,665424,144,532224,66528,66528
experiment_data\runs\20260102_201007_seed42_DoS_Hulk_w32-16_g5_k3\lut_sweeps_v2\seed1_L16_symmetric_int8_linear_closed_clip_x_spline_component\eval\bs1_tt1_tn1\lut_report_unified.json,seed1_L16_symmetric_int8_linear_closed_clip_x_spline_component,1,16,symmetric,int8,linear,closed,clip_x,spline_component,1,1,1,0.9899491507086444,0.9843629673996749,0.9957156767283349,0.9900067768897304,0.9991061054136088,0.9990538477962826,0.9896029427674997,0.9833176691729323,0.9961051606621227,0.9896701099633456,0.9990867279008151,0.9990328672540946,0.9896029427674997,0.9833176691729323,0.9961051606621227,0.9896701099633456,0.9990867279008151,0.9990328668762254,144.97255620080978,6.799831400625408,0.025491200387477875,165.74431501794606,162.9390750080347,200368,200368,665424,144,532224,66528,66528
experiment_data\runs\20260102_201007_seed42_DoS_Hulk_w32-16_g5_k3\lut_sweeps_v2\seed1_L16_symmetric_int8_linear_closed_clip_x_spline_component\eval\bs256_tt1_tn1\lut_report_unified.json,seed1_L16_symmetric_int8_linear_closed_clip_x_spline_component,1,16,symmetric,int8,linear,closed,clip_x,spline_component,256,1,1,0.9899491507086444,0.9843629673996749,0.9957156767283349,0.9900067768897304,0.9991061054136088,0.9990538477962826,0.9896029427674997,0.9833176691729323,0.9961051606621227,0.9896701099633456,0.9990867279008151,0.9990328672540946,0.9896029427674997,0.9833176691729323,0.9961051606621227,0.9896701099633456,0.9990867279008151,0.9990328668762254,0.8265812792978977,0.06044384766028088,0.013399318359006429,0.6879525781187112,0.6487621093583584,200368,200368,665424,144,532224,66528,66528
experiment_data\runs\20260102_201007_seed42_DoS_Hulk_w32-16_g5_k3\lut_sweeps_v2\seed1_L16_symmetric_int8_linear_closed_zero_spline_spline_component\eval\bs1_tt1_tn1\lut_report_unified.json,seed1_L16_symmetric_int8_linear_closed_zero_spline_spline_component,1,16,symmetric,int8,linear,closed,zero_spline,spline_component,1,1,1,0.9899491507086444,0.9843629673996749,0.9957156767283349,0.9900067768897304,0.9991061054136088,0.9990538477962826,0.9896029427674997,0.9833176691729323,0.9961051606621227,0.9896701099633456,0.9990867279008151,0.9990328672540946,0.9896029427674997,0.9833176691729323,0.9961051606621227,0.9896701099633456,0.9990867279008151,0.9990328668762254,144.94063719920814,7.371102600358427,0.02587160002440214,164.64651999995112,165.17391498200595,200368,200368,665424,144,532224,66528,66528
experiment_data\runs\20260102_201007_seed42_DoS_Hulk_w32-16_g5_k3\lut_sweeps_v2\seed1_L16_symmetric_int8_linear_closed_zero_spline_spline_component\eval\bs256_tt1_tn1\lut_report_unified.json,seed1_L16_symmetric_int8_linear_closed_zero_spline_spline_component,1,16,symmetric,int8,linear,closed,zero_spline,spline_component,256,1,1,0.9899491507086444,0.9843629673996749,0.9957156767283349,0.9900067768897304,0.9991061054136088,0.9990538477962826,0.9896029427674997,0.9833176691729323,0.9961051606621227,0.9896701099633456,0.9990867279008151,0.9990328672540946,0.9896029427674997,0.9833176691729323,0.9961051606621227,0.9896701099633456,0.9990867279008151,0.9990328668762254,0.8287412812478578,0.06738974609106663,0.01341541797046375,0.692634648476087,0.6492717968285433,200368,200368,665424,144,532224,66528,66528
experiment_data\runs\20260102_201007_seed42_DoS_Hulk_w32-16_g5_k3\lut_sweeps_v2\seed1_L16_symmetric_int8_linear_half_open_clip_x_spline_component\eval\bs1_tt1_tn1\lut_report_unified.json,seed1_L16_symmetric_int8_linear_half_open_clip_x_spline_component,1,16,symmetric,int8,linear,half_open,clip_x,spline_component,1,1,1,0.9899491507086444,0.9843629673996749,0.9957156767283349,0.9900067768897304,0.9991061054136088,0.9990538477962826,0.9896029427674997,0.9833176691729323,0.9961051606621227,0.9896701099633456,0.9990867279008151,0.9990328672540946,0.9896029427674997,0.9833176691729323,0.9961051606621227,0.9896701099633456,0.9990867279008151,0.9990328668762254,144.78793479967862,6.9148057997226715,0.025312799960374832,166.0364150069654,162.63825499918312,200368,200368,665424,144,532224,66528,66528
experiment_data\runs\20260102_201007_seed42_DoS_Hulk_w32-16_g5_k3\lut_sweeps_v2\seed1_L16_symmetric_int8_linear_half_open_clip_x_spline_component\eval\bs256_tt1_tn1\lut_report_unified.json,seed1_L16_symmetric_int8_linear_half_open_clip_x_spline_component,1,16,symmetric,int8,linear,half_open,clip_x,spline_component,256,1,1,0.9899491507086444,0.9843629673996749,0.9957156767283349,0.9900067768897304,0.9991061054136088,0.9990538477962826,0.9896029427674997,0.9833176691729323,0.9961051606621227,0.9896701099633456,0.9990867279008151,0.9990328672540946,0.9896029427674997,0.9833176691729323,0.9961051606621227,0.9896701099633456,0.9990867279008151,0.9990328668762254,0.8290720117202,0.06160280273434182,0.013334605473573902,0.6739181249940884,0.6489774999863585,200368,200368,665424,144,532224,66528,66528
experiment_data\runs\20260102_201007_seed42_DoS_Hulk_w32-16_g5_k3\lut_sweeps_v2\seed1_L16_symmetric_int8_linear_half_open_zero_spline_spline_component\eval\bs1_tt1_tn1\lut_report_unified.json,seed1_L16_symmetric_int8_linear_half_open_zero_spline_spline_component,1,16,symmetric,int8,linear,half_open,zero_spline,spline_component,1,1,1,0.9899491507086444,0.9843629673996749,0.9957156767283349,0.9900067768897304,0.9991061054136088,0.9990538477962826,0.9896029427674997,0.9833176691729323,0.9961051606621227,0.9896701099633456,0.9990867279008151,0.9990328672540946,0.9896029427674997,0.9833176691729323,0.9961051606621227,0.9896701099633456,0.9990867279008151,0.9990328668762254,145.64936960022897,7.677508999593556,0.026239999569952488,165.10726499836892,165.34850499592721,200368,200368,665424,144,532224,66528,66528
experiment_data\runs\20260102_201007_seed42_DoS_Hulk_w32-16_g5_k3\lut_sweeps_v2\seed1_L16_symmetric_int8_linear_half_open_zero_spline_spline_component\eval\bs256_tt1_tn1\lut_report_unified.json,seed1_L16_symmetric_int8_linear_half_open_zero_spline_spline_component,1,16,symmetric,int8,linear,half_open,zero_spline,spline_component,256,1,1,0.9899491507086444,0.9843629673996749,0.9957156767283349,0.9900067768897304,0.9991061054136088,0.9990538477962826,0.9896029427674997,0.9833176691729323,0.9961051606621227,0.9896701099633456,0.9990867279008151,0.9990328672540946,0.9896029427674997,0.9833176691729323,0.9961051606621227,0.9896701099633456,0.9990867279008151,0.9990328668762254,0.828280115238158,0.0677433359396673,0.013481429687089985,0.6878984375362052,0.6506968749818043,200368,200368,665424,144,532224,66528,66528
experiment_data\runs\20260102_201007_seed42_DoS_Hulk_w32-16_g5_k3\lut_sweeps_v2\seed1_L256_asymmetric_uint8_linear_closed_clip_x_spline_component\eval\bs1_tt1_tn1\lut_report_unified.json,seed1_L256_asymmetric_uint8_linear_closed_clip_x_spline_component,1,256,asymmetric,uint8,linear,closed,clip_x,spline_component,1,1,1,0.9899491507086444,0.9843629673996749,0.9957156767283349,0.9900067768897304,0.9991061054136088,0.9990538477962826,0.9899058747160013,0.9842787474332649,0.9957156767283349,0.989964180838362,0.9991046020141456,0.9990520478124402,0.9899058747160013,0.9842787474332649,0.9957156767283349,0.989964180838362,0.9991046001413341,0.9990520439079206,145.01258319988847,6.724471199326217,0.026724199764430523,189.19424498453736,190.2293449966237,200368,200368,8648784,144,8515584,66528,66528
experiment_data\runs\20260102_201007_seed42_DoS_Hulk_w32-16_g5_k3\lut_sweeps_v2\seed1_L256_asymmetric_uint8_linear_closed_clip_x_spline_component\eval\bs256_tt1_tn1\lut_report_unified.json,seed1_L256_asymmetric_uint8_linear_closed_clip_x_spline_component,1,256,asymmetric,uint8,linear,closed,clip_x,spline_component,256,1,1,0.9899491507086444,0.9843629673996749,0.9957156767283349,0.9900067768897304,0.9991061054136088,0.9990538477962826,0.9899058747160013,0.9842787474332649,0.9957156767283349,0.989964180838362,0.9991046020141456,0.9990520478124402,0.9899058747160013,0.9842787474332649,0.9957156767283349,0.989964180838362,0.9991046001413341,0.9990520439079206,0.8259320078195742,0.061696839838987216,0.014781113286517211,0.7722192578512477,0.745669785192149,200368,200368,8648784,144,8515584,66528,66528
experiment_data\runs\20260102_201007_seed42_DoS_Hulk_w32-16_g5_k3\lut_sweeps_v2\seed1_L256_asymmetric_uint8_linear_closed_zero_spline_spline_component\eval\bs1_tt1_tn1\lut_report_unified.json,seed1_L256_asymmetric_uint8_linear_closed_zero_spline_spline_component,1,256,asymmetric,uint8,linear,closed,zero_spline,spline_component,1,1,1,0.9899491507086444,0.9843629673996749,0.9957156767283349,0.9900067768897304,0.9991061054136088,0.9990538477962826,0.9899058747160013,0.9842787474332649,0.9957156767283349,0.989964180838362,0.9991045982685225,0.9990520437314503,0.9899058747160013,0.9842787474332649,0.9957156767283349,0.989964180838362,0.9991045982685225,0.9990520434648898,146.70293760020286,7.357712199911475,0.02783380076289177,190.001825010404,188.49192499183118,200368,200368,8648784,144,8515584,66528,66528
experiment_data\runs\20260102_201007_seed42_DoS_Hulk_w32-16_g5_k3\lut_sweeps_v2\seed1_L256_asymmetric_uint8_linear_closed_zero_spline_spline_component\eval\bs256_tt1_tn1\lut_report_unified.json,seed1_L256_asymmetric_uint8_linear_closed_zero_spline_spline_component,1,256,asymmetric,uint8,linear,closed,zero_spline,spline_component,256,1,1,0.9899491507086444,0.9843629673996749,0.9957156767283349,0.9900067768897304,0.9991061054136088,0.9990538477962826,0.9899058747160013,0.9842787474332649,0.9957156767283349,0.989964180838362,0.9991045982685225,0.9990520437314503,0.9899058747160013,0.9842787474332649,0.9957156767283349,0.989964180838362,0.9991045982685225,0.9990520434648898,0.8293782656255644,0.06728035937157983,0.014554503904946614,0.7841958203243848,0.7512223437515786,200368,200368,8648784,144,8515584,66528,66528
experiment_data\runs\20260102_201007_seed42_DoS_Hulk_w32-16_g5_k3\lut_sweeps_v2\seed1_L256_asymmetric_uint8_linear_half_open_clip_x_spline_component\eval\bs1_tt1_tn1\lut_report_unified.json,seed1_L256_asymmetric_uint8_linear_half_open_clip_x_spline_component,1,256,asymmetric,uint8,linear,half_open,clip_x,spline_component,1,1,1,0.9899491507086444,0.9843629673996749,0.9957156767283349,0.9900067768897304,0.9991061054136088,0.9990538477962826,0.9899058747160013,0.9842787474332649,0.9957156767283349,0.989964180838362,0.9991046020141456,0.9990520478124402,0.9899058747160013,0.9842787474332649,0.9957156767283349,0.989964180838362,0.9991046001413341,0.9990520439079206,148.216992800124,6.972249599173665,0.026568399742245674,188.52529500145465,186.61294002085924,200368,200368,8648784,144,8515584,66528,66528
experiment_data\runs\20260102_201007_seed42_DoS_Hulk_w32-16_g5_k3\lut_sweeps_v2\seed1_L256_asymmetric_uint8_linear_half_open_clip_x_spline_component\eval\bs256_tt1_tn1\lut_report_unified.json,seed1_L256_asymmetric_uint8_linear_half_open_clip_x_spline_component,1,256,asymmetric,uint8,linear,half_open,clip_x,spline_component,256,1,1,0.9899491507086444,0.9843629673996749,0.9957156767283349,0.9900067768897304,0.9991061054136088,0.9990538477962826,0.9899058747160013,0.9842787474332649,0.9957156767283349,0.989964180838362,0.9991046020141456,0.9990520478124402,0.9899058747160013,0.9842787474332649,0.9957156767283349,0.989964180838362,0.9991046001413341,0.9990520439079206,0.8253241171860282,0.062351261713047286,0.014355927733049612,0.7842917187190324,0.7481674413611472,200368,200368,8648784,144,8515584,66528,66528
experiment_data\runs\20260102_201007_seed42_DoS_Hulk_w32-16_g5_k3\lut_sweeps_v2\seed1_L256_asymmetric_uint8_linear_half_open_zero_spline_spline_component\eval\bs1_tt1_tn1\lut_report_unified.json,seed1_L256_asymmetric_uint8_linear_half_open_zero_spline_spline_component,1,256,asymmetric,uint8,linear,half_open,zero_spline,spline_component,1,1,1,0.9899491507086444,0.9843629673996749,0.9957156767283349,0.9900067768897304,0.9991061054136088,0.9990538477962826,0.9899058747160013,0.9842787474332649,0.9957156767283349,0.989964180838362,0.9991045982685225,0.9990520437314503,0.9899058747160013,0.9842787474332649,0.9957156767283349,0.989964180838362,0.9991045982685225,0.9990520434648898,146.80401199962944,7.619924999773502,0.028169400058686733,188.65008500870317,186.97272001300007,200368,200368,8648784,144,8515584,66528,66528
experiment_data\runs\20260102_201007_seed42_DoS_Hulk_w32-16_g5_k3\lut_sweeps_v2\seed1_L256_asymmetric_uint8_linear_half_open_zero_spline_spline_component\eval\bs256_tt1_tn1\lut_report_unified.json,seed1_L256_asymmetric_uint8_linear_half_open_zero_spline_spline_component,1,256,asymmetric,uint8,linear,half_open,zero_spline,spline_component,256,1,1,0.9899491507086444,0.9843629673996749,0.9957156767283349,0.9900067768897304,0.9991061054136088,0.9990538477962826,0.9899058747160013,0.9842787474332649,0.9957156767283349,0.989964180838362,0.9991045982685225,0.9990520437314503,0.9899058747160013,0.9842787474332649,0.9957156767283349,0.989964180838362,0.9991045982685225,0.9990520434648898,0.8296068945310253,0.067952716799482,0.014583550782845123,0.7838246679966687,0.7645422656423762,200368,200368,8648784,144,8515584,66528,66528
experiment_data\runs\20260102_201007_seed42_DoS_Hulk_w32-16_g5_k3\lut_sweeps_v2\seed1_L256_symmetric_int8_linear_closed_clip_x_spline_component\eval\bs1_tt1_tn1\lut_report_unified.json,seed1_L256_symmetric_int8_linear_closed_clip_x_spline_component,1,256,symmetric,int8,linear,closed,clip_x,spline_component,1,1,1,0.9899491507086444,0.9843629673996749,0.9957156767283349,0.9900067768897304,0.9991061054136088,0.9990538477962826,0.9898950557178405,0.9842576946933886,0.9957156767283349,0.9899535323982446,0.9991045383385533,0.9990519752559315,0.9898950557178405,0.9842576946933886,0.9957156767283349,0.9899535323982446,0.9991045383385533,0.9990519753034304,147.952365799807,6.797442600131035,0.0274917995557189,185.85338999982923,185.04737000912428,200368,200368,8648784,144,8515584,66528,66528
experiment_data\runs\20260102_201007_seed42_DoS_Hulk_w32-16_g5_k3\lut_sweeps_v2\seed1_L256_symmetric_int8_linear_closed_clip_x_spline_component\eval\bs256_tt1_tn1\lut_report_unified.json,seed1_L256_symmetric_int8_linear_closed_clip_x_spline_component,1,256,symmetric,int8,linear,closed,clip_x,spline_component,256,1,1,0.9899491507086444,0.9843629673996749,0.9957156767283349,0.9900067768897304,0.9991061054136088,0.9990538477962826,0.9898950557178405,0.9842576946933886,0.9957156767283349,0.9899535323982446,0.9991045383385533,0.9990519752559315,0.9898950557178405,0.9842576946933886,0.9957156767283349,0.9899535323982446,0.9991045383385533,0.9990519753034304,0.8282541328117077,0.06555022460815962,0.014710261712025385,0.7631573046637641,0.7375712500106602,200368,200368,8648784,144,8515584,66528,66528
experiment_data\runs\20260102_201007_seed42_DoS_Hulk_w32-16_g5_k3\lut_sweeps_v2\seed1_L256_symmetric_int8_linear_closed_zero_spline_spline_component\eval\bs1_tt1_tn1\lut_report_unified.json,seed1_L256_symmetric_int8_linear_closed_zero_spline_spline_component,1,256,symmetric,int8,linear,closed,zero_spline,spline_component,1,1,1,0.9899491507086444,0.9843629673996749,0.9957156767283349,0.9900067768897304,0.9991061054136088,0.9990538477962826,0.9898950557178405,0.9842576946933886,0.9957156767283349,0.9899535323982446,0.9991045383385533,0.9990519752559315,0.9898950557178405,0.9842576946933886,0.9957156767283349,0.9899535323982446,0.9991045383385533,0.9990519753034304,147.00237740017474,7.408536199480295,0.026209799572825432,186.33545499760658,184.5683499937877,200368,200368,8648784,144,8515584,66528,66528
experiment_data\runs\20260102_201007_seed42_DoS_Hulk_w32-16_g5_k3\lut_sweeps_v2\seed1_L256_symmetric_int8_linear_closed_zero_spline_spline_component\eval\bs256_tt1_tn1\lut_report_unified.json,seed1_L256_symmetric_int8_linear_closed_zero_spline_spline_component,1,256,symmetric,int8,linear,closed,zero_spline,spline_component,256,1,1,0.9899491507086444,0.9843629673996749,0.9957156767283349,0.9900067768897304,0.9991061054136088,0.9990538477962826,0.9898950557178405,0.9842576946933886,0.9957156767283349,0.9899535323982446,0.9991045383385533,0.9990519752559315,0.9898950557178405,0.9842576946933886,0.9957156767283349,0.9899535323982446,0.9991045383385533,0.9990519753034304,0.8411382343729201,0.0679586503883911,0.014919589848432224,0.7911644921478,0.7371467382654373,200368,200368,8648784,144,8515584,66528,66528
experiment_data\runs\20260102_201007_seed42_DoS_Hulk_w32-16_g5_k3\lut_sweeps_v2\seed1_L256_symmetric_int8_linear_half_open_clip_x_spline_component\eval\bs1_tt1_tn1\lut_report_unified.json,seed1_L256_symmetric_int8_linear_half_open_clip_x_spline_component,1,256,symmetric,int8,linear,half_open,clip_x,spline_component,1,1,1,0.9899491507086444,0.9843629673996749,0.9957156767283349,0.9900067768897304,0.9991061054136088,0.9990538477962826,0.9898950557178405,0.9842576946933886,0.9957156767283349,0.9899535323982446,0.9991045383385533,0.9990519752559315,0.9898950557178405,0.9842576946933886,0.9957156767283349,0.9899535323982446,0.9991045383385533,0.9990519753034304,147.45090979989618,7.050282600335777,0.026445799507200718,185.81656001042575,184.50869999360293,200368,200368,8648784,144,8515584,66528,66528
experiment_data\runs\20260102_201007_seed42_DoS_Hulk_w32-16_g5_k3\lut_sweeps_v2\seed1_L256_symmetric_int8_linear_half_open_clip_x_spline_component\eval\bs256_tt1_tn1\lut_report_unified.json,seed1_L256_symmetric_int8_linear_half_open_clip_x_spline_component,1,256,symmetric,int8,linear,half_open,clip_x,spline_component,256,1,1,0.9899491507086444,0.9843629673996749,0.9957156767283349,0.9900067768897304,0.9991061054136088,0.9990538477962826,0.9898950557178405,0.9842576946933886,0.9957156767283349,0.9899535323982446,0.9991045383385533,0.9990519752559315,0.9898950557178405,0.9842576946933886,0.9957156767283349,0.9899535323982446,0.9991045383385533,0.9990519753034304,0.8258556249984395,0.06218450195774494,0.015594806636727299,0.7590620117298386,0.745430410188419,200368,200368,8648784,144,8515584,66528,66528
experiment_data\runs\20260102_201007_seed42_DoS_Hulk_w32-16_g5_k3\lut_sweeps_v2\seed1_L256_symmetric_int8_linear_half_open_zero_spline_spline_component\eval\bs1_tt1_tn1\lut_report_unified.json,seed1_L256_symmetric_int8_linear_half_open_zero_spline_spline_component,1,256,symmetric,int8,linear,half_open,zero_spline,spline_component,1,1,1,0.9899491507086444,0.9843629673996749,0.9957156767283349,0.9900067768897304,0.9991061054136088,0.9990538477962826,0.9898950557178405,0.9842576946933886,0.9957156767283349,0.9899535323982446,0.9991045383385533,0.9990519752559315,0.9898950557178405,0.9842576946933886,0.9957156767283349,0.9899535323982446,0.9991045383385533,0.9990519753034304,145.88089520018548,7.686064999550581,0.02672980073839426,186.859035002999,184.86164000350982,200368,200368,8648784,144,8515584,66528,66528
experiment_data\runs\20260102_201007_seed42_DoS_Hulk_w32-16_g5_k3\lut_sweeps_v2\seed1_L256_symmetric_int8_linear_half_open_zero_spline_spline_component\eval\bs256_tt1_tn1\lut_report_unified.json,seed1_L256_symmetric_int8_linear_half_open_zero_spline_spline_component,1,256,symmetric,int8,linear,half_open,zero_spline,spline_component,256,1,1,0.9899491507086444,0.9843629673996749,0.9957156767283349,0.9900067768897304,0.9991061054136088,0.9990538477962826,0.9898950557178405,0.9842576946933886,0.9957156767283349,0.9899535323982446,0.9991045383385533,0.9990519752559315,0.9898950557178405,0.9842576946933886,0.9957156767283349,0.9899535323982446,0.9991045383385533,0.9990519753034304,0.8324352558611281,0.06775816992558248,0.014757027338418993,0.7710108398896409,0.7390624999970896,200368,200368,8648784,144,8515584,66528,66528
experiment_data\runs\20260102_201007_seed42_DoS_Hulk_w32-16_g5_k3\lut_sweeps_v2\seed1_L2_asymmetric_uint8_linear_closed_clip_x_spline_component\eval\bs1_tt1_tn1\lut_report_unified.json,seed1_L2_asymmetric_uint8_linear_closed_clip_x_spline_component,1,2,asymmetric,uint8,linear,closed,clip_x,spline_component,1,1,1,0.9899491507086444,0.9843629673996749,0.9957156767283349,0.9900067768897304,0.9991061054136088,0.9990538477962826,0.9872768581629341,0.9764922451915956,0.9985935302390999,0.9874192306046472,0.9987906963264298,0.9986899189987554,0.9872768581629341,0.9764922451915956,0.9985935302390999,0.9874192306046472,0.9987906963264299,0.9986899188950423,226.8596139997244,9.925936800427735,0.03484360035508871,238.6564949993044,237.36387500539422,200368,200368,199728,144,66528,66528,66528
experiment_data\runs\20260102_201007_seed42_DoS_Hulk_w32-16_g5_k3\lut_sweeps_v2\seed1_L2_asymmetric_uint8_linear_closed_clip_x_spline_component\eval\bs256_tt1_tn1\lut_report_unified.json,seed1_L2_asymmetric_uint8_linear_closed_clip_x_spline_component,1,2,asymmetric,uint8,linear,closed,clip_x,spline_component,256,1,1,0.9899491507086444,0.9843629673996749,0.9957156767283349,0.9900067768897304,0.9991061054136088,0.9990538477962826,0.9872768581629341,0.9764922451915956,0.9985935302390999,0.9874192306046472,0.9987906963264298,0.9986899189987554,0.9872768581629341,0.9764922451915956,0.9985935302390999,0.9874192306046472,0.9987906963264299,0.9986899188950423,1.227794166015883,0.08991922851237177,0.018016988278759527,1.0456176171828702,0.9605120312699,200368,200368,199728,144,66528,66528,66528
experiment_data\runs\20260102_201007_seed42_DoS_Hulk_w32-16_g5_k3\lut_sweeps_v2\seed1_L2_asymmetric_uint8_linear_closed_zero_spline_spline_component\eval\bs1_tt1_tn1\lut_report_unified.json,seed1_L2_asymmetric_uint8_linear_closed_zero_spline_spline_component,1,2,asymmetric,uint8,linear,closed,zero_spline,spline_component,1,1,1,0.9899491507086444,0.9843629673996749,0.9957156767283349,0.9900067768897304,0.9991061054136088,0.9990538477962826,0.9872552201666126,0.976450923555424,0.9985935302390999,0.9873981043668029,0.9987876623717362,0.9986874151208296,0.9872552201666126,0.976450923555424,0.9985935302390999,0.9873981043668029,0.9987876623717361,0.9986874150234953,231.47250299993902,11.833461599424481,0.037716399878263474,249.0741000045091,231.30182498134673,200368,200368,199728,144,66528,66528,66528
experiment_data\runs\20260102_201007_seed42_DoS_Hulk_w32-16_g5_k3\lut_sweeps_v2\seed1_L2_asymmetric_uint8_linear_closed_zero_spline_spline_component\eval\bs256_tt1_tn1\lut_report_unified.json,seed1_L2_asymmetric_uint8_linear_closed_zero_spline_spline_component,1,2,asymmetric,uint8,linear,closed,zero_spline,spline_component,256,1,1,0.9899491507086444,0.9843629673996749,0.9957156767283349,0.9900067768897304,0.9991061054136088,0.9990538477962826,0.9872552201666126,0.976450923555424,0.9985935302390999,0.9873981043668029,0.9987876623717362,0.9986874151208296,0.9872552201666126,0.976450923555424,0.9985935302390999,0.9873981043668029,0.9987876623717361,0.9986874150234953,1.1488476484373678,0.06595284569812065,0.01289238281060534,0.7127669140572834,0.6639292578256573,200368,200368,199728,144,66528,66528,66528
experiment_data\runs\20260102_201007_seed42_DoS_Hulk_w32-16_g5_k3\lut_sweeps_v2\seed1_L2_asymmetric_uint8_linear_half_open_clip_x_spline_component\eval\bs1_tt1_tn1\lut_report_unified.json,seed1_L2_asymmetric_uint8_linear_half_open_clip_x_spline_component,1,2,asymmetric,uint8,linear,half_open,clip_x,spline_component,1,1,1,0.9899491507086444,0.9843629673996749,0.9957156767283349,0.9900067768897304,0.9991061054136088,0.9990538477962826,0.9872768581629341,0.9764922451915956,0.9985935302390999,0.9874192306046472,0.9987906963264298,0.998689918666764,0.9872768581629341,0.9764922451915956,0.9985935302390999,0.9874192306046472,0.9987906963264298,0.9986899189700824,206.1888330001384,11.140048800036311,0.05147299915552139,257.52170998603106,238.48811499774456,200368,200368,199728,144,66528,66528,66528
experiment_data\runs\20260102_201007_seed42_DoS_Hulk_w32-16_g5_k3\lut_sweeps_v2\seed1_L2_asymmetric_uint8_linear_half_open_clip_x_spline_component\eval\bs256_tt1_tn1\lut_report_unified.json,seed1_L2_asymmetric_uint8_linear_half_open_clip_x_spline_component,1,2,asymmetric,uint8,linear,half_open,clip_x,spline_component,256,1,1,0.9899491507086444,0.9843629673996749,0.9957156767283349,0.9900067768897304,0.9991061054136088,0.9990538477962826,0.9872768581629341,0.9764922451915956,0.9985935302390999,0.9874192306046472,0.9987906963264298,0.998689918666764,0.9872768581629341,0.9764922451915956,0.9985935302390999,0.9874192306046472,0.9987906963264298,0.9986899189700824,1.4237097734348936,0.10672960937881726,0.01927109375174041,0.9856410937572947,1.0300933983671712,200368,200368,199728,144,66528,66528,66528
experiment_data\runs\20260102_201007_seed42_DoS_Hulk_w32-16_g5_k3\lut_sweeps_v2\seed1_L2_asymmetric_uint8_linear_half_open_zero_spline_spline_component\eval\bs1_tt1_tn1\lut_report_unified.json,seed1_L2_asymmetric_uint8_linear_half_open_zero_spline_spline_component,1,2,asymmetric,uint8,linear,half_open,zero_spline,spline_component,1,1,1,0.9899491507086444,0.9843629673996749,0.9957156767283349,0.9900067768897304,0.9991061054136088,0.9990538477962826,0.9872552201666126,0.976450923555424,0.9985935302390999,0.9873981043668029,0.9987876623717362,0.9986874151208296,0.9872552201666126,0.976450923555424,0.9985935302390999,0.9873981043668029,0.9987876623717361,0.9986874150234953,210.25238000042737,9.79750999994576,0.04422459937632084,278.2616750104353,242.32450500130653,200368,200368,199728,144,66528,66528,66528
experiment_data\runs\20260102_201007_seed42_DoS_Hulk_w32-16_g5_k3\lut_sweeps_v2\seed1_L2_asymmetric_uint8_linear_half_open_zero_spline_spline_component\eval\bs256_tt1_tn1\lut_report_unified.json,seed1_L2_asymmetric_uint8_linear_half_open_zero_spline_spline_component,1,2,asymmetric,uint8,linear,half_open,zero_spline,spline_component,256,1,1,0.9899491507086444,0.9843629673996749,0.9957156767283349,0.9900067768897304,0.9991061054136088,0.9990538477962826,0.9872552201666126,0.976450923555424,0.9985935302390999,0.9873981043668029,0.9987876623717362,0.9986874151208296,0.9872552201666126,0.976450923555424,0.9985935302390999,0.9873981043668029,0.9987876623717361,0.9986874150234953,1.051496656245945,0.0665466328155162,0.012903552733405377,0.6815334765633452,0.6417366601453978,200368,200368,199728,144,66528,66528,66528
experiment_data\runs\20260102_201007_seed42_DoS_Hulk_w32-16_g5_k3\lut_sweeps_v2\seed1_L2_symmetric_int8_linear_closed_clip_x_spline_component\eval\bs1_tt1_tn1\lut_report_unified.json,seed1_L2_symmetric_int8_linear_closed_clip_x_spline_component,1,2,symmetric,int8,linear,closed,clip_x,spline_component,1,1,1,0.9899491507086444,0.9843629673996749,0.9957156767283349,0.9900067768897304,0.9991061054136088,0.9990538477962826,0.9872876771610949,0.9765129073212019,0.9985935302390999,0.9874297940625836,0.9987923795158007,0.9986921577280977,0.9872876771610949,0.9765129073212019,0.9985935302390999,0.9874297940625836,0.9987923795158007,0.9986921565795928,223.57304059993476,10.714984599500895,0.033985200338065624,250.70739500224593,257.81501999590546,200368,200368,199728,144,66528,66528,66528
experiment_data\runs\20260102_201007_seed42_DoS_Hulk_w32-16_g5_k3\lut_sweeps_v2\seed1_L2_symmetric_int8_linear_closed_clip_x_spline_component\eval\bs256_tt1_tn1\lut_report_unified.json,seed1_L2_symmetric_int8_linear_closed_clip_x_spline_component,1,2,symmetric,int8,linear,closed,clip_x,spline_component,256,1,1,0.9899491507086444,0.9843629673996749,0.9957156767283349,0.9900067768897304,0.9991061054136088,0.9990538477962826,0.9872876771610949,0.9765129073212019,0.9985935302390999,0.9874297940625836,0.9987923795158007,0.9986921577280977,0.9872876771610949,0.9765129073212019,0.9985935302390999,0.9874297940625836,0.9987923795158007,0.9986921565795928,1.2638209453143645,0.0959742812483455,0.0190256699170277,0.9976883594390528,0.9818507031013723,200368,200368,199728,144,66528,66528,66528
experiment_data\runs\20260102_201007_seed42_DoS_Hulk_w32-16_g5_k3\lut_sweeps_v2\seed1_L2_symmetric_int8_linear_closed_zero_spline_spline_component\eval\bs1_tt1_tn1\lut_report_unified.json,seed1_L2_symmetric_int8_linear_closed_zero_spline_spline_component,1,2,symmetric,int8,linear,closed,zero_spline,spline_component,1,1,1,0.9899491507086444,0.9843629673996749,0.9957156767283349,0.9900067768897304,0.9991061054136088,0.9990538477962826,0.9872660391647733,0.9764715839363548,0.9985935302390999,0.9874086673727227,0.9987830051576411,0.9986822759064673,0.9872660391647733,0.9764715839363548,0.9985935302390999,0.9874086673727227,0.998783005157641,0.9986822748768288,224.11997359991074,11.482993799261749,0.03309199959039688,251.34120499715206,231.62739500403404,200368,200368,199728,144,66528,66528,66528
experiment_data\runs\20260102_201007_seed42_DoS_Hulk_w32-16_g5_k3\lut_sweeps_v2\seed1_L2_symmetric_int8_linear_closed_zero_spline_spline_component\eval\bs256_tt1_tn1\lut_report_unified.json,seed1_L2_symmetric_int8_linear_closed_zero_spline_spline_component,1,2,symmetric,int8,linear,closed,zero_spline,spline_component,256,1,1,0.9899491507086444,0.9843629673996749,0.9957156767283349,0.9900067768897304,0.9991061054136088,0.9990538477962826,0.9872660391647733,0.9764715839363548,0.9985935302390999,0.9874086673727227,0.9987830051576411,0.9986822759064673,0.9872660391647733,0.9764715839363548,0.9985935302390999,0.9874086673727227,0.998783005157641,0.9986822748768288,1.2913171542913915,0.0996662011675653,0.018231023441330763,0.9498341015387268,0.916873886671965,200368,200368,199728,144,66528,66528,66528
experiment_data\runs\20260102_201007_seed42_DoS_Hulk_w32-16_g5_k3\lut_sweeps_v2\seed1_L2_symmetric_int8_linear_half_open_clip_x_spline_component\eval\bs1_tt1_tn1\lut_report_unified.json,seed1_L2_symmetric_int8_linear_half_open_clip_x_spline_component,1,2,symmetric,int8,linear,half_open,clip_x,spline_component,1,1,1,0.9899491507086444,0.9843629673996749,0.9957156767283349,0.9900067768897304,0.9991061054136088,0.9990538477962826,0.9872876771610949,0.9765129073212019,0.9985935302390999,0.9874297940625836,0.9987923795158007,0.9986921580779206,0.9872876771610949,0.9765129073212019,0.9985935302390999,0.9874297940625836,0.9987923795158007,0.998692156658118,211.6065460005775,10.724382399581373,0.035590000450611115,230.64013000112027,239.6926200017333,200368,200368,199728,144,66528,66528,66528
experiment_data\runs\20260102_201007_seed42_DoS_Hulk_w32-16_g5_k3\lut_sweeps_v2\seed1_L2_symmetric_int8_linear_half_open_clip_x_spline_component\eval\bs256_tt1_tn1\lut_report_unified.json,seed1_L2_symmetric_int8_linear_half_open_clip_x_spline_component,1,2,symmetric,int8,linear,half_open,clip_x,spline_component,256,1,1,0.9899491507086444,0.9843629673996749,0.9957156767283349,0.9900067768897304,0.9991061054136088,0.9990538477962826,0.9872876771610949,0.9765129073212019,0.9985935302390999,0.9874297940625836,0.9987923795158007,0.9986921580779206,0.9872876771610949,0.9765129073212019,0.9985935302390999,0.9874297940625836,0.9987923795158007,0.998692156658118,1.220420863282925,0.09656127929702052,0.019082792969129514,0.9596550390597258,0.8604326562817732,200368,200368,199728,144,66528,66528,66528
experiment_data\runs\20260102_201007_seed42_DoS_Hulk_w32-16_g5_k3\lut_sweeps_v2\seed1_L2_symmetric_int8_linear_half_open_zero_spline_spline_component\eval\bs1_tt1_tn1\lut_report_unified.json,seed1_L2_symmetric_int8_linear_half_open_zero_spline_spline_component,1,2,symmetric,int8,linear,half_open,zero_spline,spline_component,1,1,1,0.9899491507086444,0.9843629673996749,0.9957156767283349,0.9900067768897304,0.9991061054136088,0.9990538477962826,0.9872660391647733,0.9764715839363548,0.9985935302390999,0.9874086673727227,0.9987830051576411,0.9986822759064673,0.9872660391647733,0.9764715839363548,0.9985935302390999,0.9874086673727227,0.998783005157641,0.9986822748768288,146.09175340086222,7.744829600676894,0.02497159969061613,162.9062349908054,162.4241050099954,200368,200368,199728,144,66528,66528,66528
experiment_data\runs\20260102_201007_seed42_DoS_Hulk_w32-16_g5_k3\lut_sweeps_v2\seed1_L2_symmetric_int8_linear_half_open_zero_spline_spline_component\eval\bs256_tt1_tn1\lut_report_unified.json,seed1_L2_symmetric_int8_linear_half_open_zero_spline_spline_component,1,2,symmetric,int8,linear,half_open,zero_spline,spline_component,256,1,1,0.9899491507086444,0.9843629673996749,0.9957156767283349,0.9900067768897304,0.9991061054136088,0.9990538477962826,0.9872660391647733,0.9764715839363548,0.9985935302390999,0.9874086673727227,0.9987830051576411,0.9986822759064673,0.9872660391647733,0.9764715839363548,0.9985935302390999,0.9874086673727227,0.998783005157641,0.9986822748768288,0.9728246660142759,0.09789334765628155,0.018250257808176684,1.0103986718604574,0.973235312540055,200368,200368,199728,144,66528,66528,66528
experiment_data\runs\20260102_201007_seed42_DoS_Hulk_w32-16_g5_k3\lut_sweeps_v2\seed1_L32_asymmetric_uint8_linear_closed_clip_x_spline_component\eval\bs1_tt1_tn1\lut_report_unified.json,seed1_L32_asymmetric_uint8_linear_closed_clip_x_spline_component,1,32,asymmetric,uint8,linear,closed,clip_x,spline_component,1,1,1,0.9899491507086444,0.9843629673996749,0.9957156767283349,0.9900067768897304,0.9991061054136088,0.9990538477962826,0.9896894947527859,0.9837130765613645,0.9958671427025857,0.9897527983570069,0.9990972133044204,0.9990440119520669,0.9896894947527859,0.9837130765613645,0.9958671427025857,0.9897527983570069,0.9990972133044204,0.9990440119404309,256.78735699970275,10.349701999686658,0.035209800116717815,256.74015500117093,252.8246350120753,200368,200368,1197648,144,1064448,66528,66528
experiment_data\runs\20260102_201007_seed42_DoS_Hulk_w32-16_g5_k3\lut_sweeps_v2\seed1_L32_asymmetric_uint8_linear_closed_clip_x_spline_component\eval\bs256_tt1_tn1\lut_report_unified.json,seed1_L32_asymmetric_uint8_linear_closed_clip_x_spline_component,1,32,asymmetric,uint8,linear,closed,clip_x,spline_component,256,1,1,0.9899491507086444,0.9843629673996749,0.9957156767283349,0.9900067768897304,0.9991061054136088,0.9990538477962826,0.9896894947527859,0.9837130765613645,0.9958671427025857,0.9897527983570069,0.9990972133044204,0.9990440119520669,0.9896894947527859,0.9837130765613645,0.9958671427025857,0.9897527983570069,0.9990972133044204,0.9990440119404309,1.2422654511738074,0.08923750781832496,0.01984209179681784,1.0864083789783763,1.1693259375533671,200368,200368,1197648,144,1064448,66528,66528
experiment_data\runs\20260102_201007_seed42_DoS_Hulk_w32-16_g5_k3\lut_sweeps_v2\seed1_L32_asymmetric_uint8_linear_closed_zero_spline_spline_component\eval\bs1_tt1_tn1\lut_report_unified.json,seed1_L32_asymmetric_uint8_linear_closed_zero_spline_spline_component,1,32,asymmetric,uint8,linear,closed,zero_spline,spline_component,1,1,1,0.9899491507086444,0.9843629673996749,0.9957156767283349,0.9900067768897304,0.9991061054136088,0.9990538477962826,0.9896894947527859,0.9837130765613645,0.9958671427025857,0.9897527983570069,0.9990972114316088,0.9990440096513415,0.9896894947527859,0.9837130765613645,0.9958671427025857,0.9897527983570069,0.9990972114316088,0.9990440094887325,226.59682440012693,11.332669800147414,0.06211079936474562,248.89273999724537,235.19965498708189,200368,200368,1197648,144,1064448,66528,66528
experiment_data\runs\20260102_201007_seed42_DoS_Hulk_w32-16_g5_k3\lut_sweeps_v2\seed1_L32_asymmetric_uint8_linear_closed_zero_spline_spline_component\eval\bs256_tt1_tn1\lut_report_unified.json,seed1_L32_asymmetric_uint8_linear_closed_zero_spline_spline_component,1,32,asymmetric,uint8,linear,closed,zero_spline,spline_component,256,1,1,0.9899491507086444,0.9843629673996749,0.9957156767283349,0.9900067768897304,0.9991061054136088,0.9990538477962826,0.9896894947527859,0.9837130765613645,0.9958671427025857,0.9897527983570069,0.9990972114316088,0.9990440096513415,0.9896894947527859,0.9837130765613645,0.9958671427025857,0.9897527983570069,0.9990972114316088,0.9990440094887325,1.2473029550801584,0.10552332031693368,0.02018554101596237,1.0492882616745192,1.0050553515611682,200368,200368,1197648,144,1064448,66528,66528
experiment_data\runs\20260102_201007_seed42_DoS_Hulk_w32-16_g5_k3\lut_sweeps_v2\seed1_L32_asymmetric_uint8_linear_half_open_clip_x_spline_component\eval\bs1_tt1_tn1\lut_report_unified.json,seed1_L32_asymmetric_uint8_linear_half_open_clip_x_spline_component,1,32,asymmetric,uint8,linear,half_open,clip_x,spline_component,1,1,1,0.9899491507086444,0.9843629673996749,0.9957156767283349,0.9900067768897304,0.9991061054136088,0.9990538477962826,0.9896894947527859,0.9837130765613645,0.9958671427025857,0.9897527983570069,0.9990972133044204,0.9990440119520669,0.9896894947527859,0.9837130765613645,0.9958671427025857,0.9897527983570069,0.9990972133044204,0.9990440119404309,276.77313259989023,14.120047799311578,0.03911519981920719,314.4290549913421,303.33185500930995,200368,200368,1197648,144,1064448,66528,66528
experiment_data\runs\20260102_201007_seed42_DoS_Hulk_w32-16_g5_k3\lut_sweeps_v2\seed1_L32_asymmetric_uint8_linear_half_open_clip_x_spline_component\eval\bs256_tt1_tn1\lut_report_unified.json,seed1_L32_asymmetric_uint8_linear_half_open_clip_x_spline_component,1,32,asymmetric,uint8,linear,half_open,clip_x,spline_component,256,1,1,0.9899491507086444,0.9843629673996749,0.9957156767283349,0.9900067768897304,0.9991061054136088,0.9990538477962826,0.9896894947527859,0.9837130765613645,0.9958671427025857,0.9897527983570069,0.9990972133044204,0.9990440119520669,0.9896894947527859,0.9837130765613645,0.9958671427025857,0.9897527983570069,0.9990972133044204,0.9990440119404309,1.446876898435221,0.11354792382007872,0.019628416011983063,1.1113936328911223,1.2248505663592368,200368,200368,1197648,144,1064448,66528,66528
experiment_data\runs\20260102_201007_seed42_DoS_Hulk_w32-16_g5_k3\lut_sweeps_v2\seed1_L32_asymmetric_uint8_linear_half_open_zero_spline_spline_component\eval\bs1_tt1_tn1\lut_report_unified.json,seed1_L32_asymmetric_uint8_linear_half_open_zero_spline_spline_component,1,32,asymmetric,uint8,linear,half_open,zero_spline,spline_component,1,1,1,0.9899491507086444,0.9843629673996749,0.9957156767283349,0.9900067768897304,0.9991061054136088,0.9990538477962826,0.9896894947527859,0.9837130765613645,0.9958671427025857,0.9897527983570069,0.9990972114316088,0.9990440096513415,0.9896894947527859,0.9837130765613645,0.9958671427025857,0.9897527983570069,0.9990972114316088,0.9990440094887325,272.39100300055,14.892606999725103,0.05687819980084896,318.00637498963624,318.36844000499696,200368,200368,1197648,144,1064448,66528,66528
experiment_data\runs\20260102_201007_seed42_DoS_Hulk_w32-16_g5_k3\lut_sweeps_v2\seed1_L32_asymmetric_uint8_linear_half_open_zero_spline_spline_component\eval\bs256_tt1_tn1\lut_report_unified.json,seed1_L32_asymmetric_uint8_linear_half_open_zero_spline_spline_component,1,32,asymmetric,uint8,linear,half_open,zero_spline,spline_component,256,1,1,0.9899491507086444,0.9843629673996749,0.9957156767283349,0.9900067768897304,0.9991061054136088,0.9990538477962826,0.9896894947527859,0.9837130765613645,0.9958671427025857,0.9897527983570069,0.9990972114316088,0.9990440096513415,0.9896894947527859,0.9837130765613645,0.9958671427025857,0.9897527983570069,0.9990972114316088,0.9990440094887325,1.4934169921889406,0.12602754883118905,0.023429316406691214,1.2821572656321223,1.1953006444855419,200368,200368,1197648,144,1064448,66528,66528
experiment_data\runs\20260102_201007_seed42_DoS_Hulk_w32-16_g5_k3\lut_sweeps_v2\seed1_L32_symmetric_int8_linear_closed_clip_x_spline_component\eval\bs1_tt1_tn1\lut_report_unified.json,seed1_L32_symmetric_int8_linear_closed_clip_x_spline_component,1,32,symmetric,int8,linear,closed,clip_x,spline_component,1,1,1,0.9899491507086444,0.9843629673996749,0.9957156767283349,0.9900067768897304,0.9991061054136088,0.9990538477962826,0.9896894947527859,0.9837130765613645,0.9958671427025857,0.9897527983570069,0.9990969145909799,0.9990436473518178,0.9896894947527859,0.9837130765613645,0.9958671427025857,0.9897527983570069,0.99909691459098,0.9990436474513973,145.20463079959154,6.687948999926448,0.026660599745810032,165.46333499718457,163.38114999234676,200368,200368,1197648,144,1064448,66528,66528
experiment_data\runs\20260102_201007_seed42_DoS_Hulk_w32-16_g5_k3\lut_sweeps_v2\seed1_L32_symmetric_int8_linear_closed_clip_x_spline_component\eval\bs256_tt1_tn1\lut_report_unified.json,seed1_L32_symmetric_int8_linear_closed_clip_x_spline_component,1,32,symmetric,int8,linear,closed,clip_x,spline_component,256,1,1,0.9899491507086444,0.9843629673996749,0.9957156767283349,0.9900067768897304,0.9991061054136088,0.9990538477962826,0.9896894947527859,0.9837130765613645,0.9958671427025857,0.9897527983570069,0.9990969145909799,0.9990436473518178,0.9896894947527859,0.9837130765613645,0.9958671427025857,0.9897527983570069,0.99909691459098,0.9990436474513973,0.8266894003918424,0.0608875625039218,0.013628519527628669,0.6907415820023743,0.6616079883315251,200368,200368,1197648,144,1064448,66528,66528
experiment_data\runs\20260102_201007_seed42_DoS_Hulk_w32-16_g5_k3\lut_sweeps_v2\seed1_L32_symmetric_int8_linear_closed_zero_spline_spline_component\eval\bs1_tt1_tn1\lut_report_unified.json,seed1_L32_symmetric_int8_linear_closed_zero_spline_spline_component,1,32,symmetric,int8,linear,closed,zero_spline,spline_component,1,1,1,0.9899491507086444,0.9843629673996749,0.9957156767283349,0.9900067768897304,0.9991061054136088,0.9990538477962826,0.9896894947527859,0.9837130765613645,0.9958671427025857,0.9897527983570069,0.9990969145909799,0.9990436473518178,0.9896894947527859,0.9837130765613645,0.9958671427025857,0.9897527983570069,0.99909691459098,0.9990436474513973,149.2314436007291,7.400414399802685,0.026223599910736084,168.16132499370724,164.09195999149233,200368,200368,1197648,144,1064448,66528,66528
experiment_data\runs\20260102_201007_seed42_DoS_Hulk_w32-16_g5_k3\lut_sweeps_v2\seed1_L32_symmetric_int8_linear_closed_zero_spline_spline_component\eval\bs256_tt1_tn1\lut_report_unified.json,seed1_L32_symmetric_int8_linear_closed_zero_spline_spline_component,1,32,symmetric,int8,linear,closed,zero_spline,spline_component,256,1,1,0.9899491507086444,0.9843629673996749,0.9957156767283349,0.9900067768897304,0.9991061054136088,0.9990538477962826,0.9896894947527859,0.9837130765613645,0.9958671427025857,0.9897527983570069,0.9990969145909799,0.9990436473518178,0.9896894947527859,0.9837130765613645,0.9958671427025857,0.9897527983570069,0.99909691459098,0.9990436474513973,0.8285830761724355,0.0668137851607753,0.0138772050740954,0.6911159961418889,0.6588173047020973,200368,200368,1197648,144,1064448,66528,66528
experiment_data\runs\20260102_201007_seed42_DoS_Hulk_w32-16_g5_k3\lut_sweeps_v2\seed1_L32_symmetric_int8_linear_half_open_clip_x_spline_component\eval\bs1_tt1_tn1\lut_report_unified.json,seed1_L32_symmetric_int8_linear_half_open_clip_x_spline_component,1,32,symmetric,int8,linear,half_open,clip_x,spline_component,1,1,1,0.9899491507086444,0.9843629673996749,0.9957156767283349,0.9900067768897304,0.9991061054136088,0.9990538477962826,0.9896894947527859,0.9837130765613645,0.9958671427025857,0.9897527983570069,0.9990969145909799,0.9990436473518178,0.9896894947527859,0.9837130765613645,0.9958671427025857,0.9897527983570069,0.99909691459098,0.9990436474513973,147.3799283998087,6.987017199397087,0.026325799524784088,169.50212500523776,164.9321449920535,200368,200368,1197648,144,1064448,66528,66528
experiment_data\runs\20260102_201007_seed42_DoS_Hulk_w32-16_g5_k3\lut_sweeps_v2\seed1_L32_symmetric_int8_linear_half_open_clip_x_spline_component\eval\bs256_tt1_tn1\lut_report_unified.json,seed1_L32_symmetric_int8_linear_half_open_clip_x_spline_component,1,32,symmetric,int8,linear,half_open,clip_x,spline_component,256,1,1,0.9899491507086444,0.9843629673996749,0.9957156767283349,0.9900067768897304,0.9991061054136088,0.9990538477962826,0.9896894947527859,0.9837130765613645,0.9958671427025857,0.9897527983570069,0.9990969145909799,0.9990436473518178,0.9896894947527859,0.9837130765613645,0.9958671427025857,0.9897527983570069,0.99909691459098,0.9990436474513973,0.8341429511710885,0.06136930272987229,0.013636669928018819,0.6915866601048037,0.6729468750563683,200368,200368,1197648,144,1064448,66528,66528
experiment_data\runs\20260102_201007_seed42_DoS_Hulk_w32-16_g5_k3\lut_sweeps_v2\seed1_L32_symmetric_int8_linear_half_open_zero_spline_spline_component\eval\bs1_tt1_tn1\lut_report_unified.json,seed1_L32_symmetric_int8_linear_half_open_zero_spline_spline_component,1,32,symmetric,int8,linear,half_open,zero_spline,spline_component,1,1,1,0.9899491507086444,0.9843629673996749,0.9957156767283349,0.9900067768897304,0.9991061054136088,0.9990538477962826,0.9896894947527859,0.9837130765613645,0.9958671427025857,0.9897527983570069,0.9990969145909799,0.9990436473518178,0.9896894947527859,0.9837130765613645,0.9958671427025857,0.9897527983570069,0.99909691459098,0.9990436474513973,145.6286337999627,7.627736200578511,0.025486200116574764,167.75893499143422,164.3531250068918,200368,200368,1197648,144,1064448,66528,66528
experiment_data\runs\20260102_201007_seed42_DoS_Hulk_w32-16_g5_k3\lut_sweeps_v2\seed1_L32_symmetric_int8_linear_half_open_zero_spline_spline_component\eval\bs256_tt1_tn1\lut_report_unified.json,seed1_L32_symmetric_int8_linear_half_open_zero_spline_spline_component,1,32,symmetric,int8,linear,half_open,zero_spline,spline_component,256,1,1,0.9899491507086444,0.9843629673996749,0.9957156767283349,0.9900067768897304,0.9991061054136088,0.9990538477962826,0.9896894947527859,0.9837130765613645,0.9958671427025857,0.9897527983570069,0.9990969145909799,0.9990436473518178,0.9896894947527859,0.9837130765613645,0.9958671427025857,0.9897527983570069,0.99909691459098,0.9990436474513973,0.9833271933530341,0.09622712890632101,0.01424953319656197,1.0722819922193594,1.0452717578118609,200368,200368,1197648,144,1064448,66528,66528
experiment_data\runs\20260102_201007_seed42_DoS_Hulk_w32-16_g5_k3\lut_sweeps_v2\seed1_L4_asymmetric_uint8_linear_closed_clip_x_spline_component\eval\bs1_tt1_tn1\lut_report_unified.json,seed1_L4_asymmetric_uint8_linear_closed_clip_x_spline_component,1,4,asymmetric,uint8,linear,closed,clip_x,spline_component,1,1,1,0.9899491507086444,0.9843629673996749,0.9957156767283349,0.9900067768897304,0.9991061054136088,0.9990538477962826,0.9886184139348696,0.9802837271625157,0.9972952504598074,0.9887163205766261,0.9989403569103568,0.9988634639096444,0.9886184139348696,0.9802837271625157,0.9972952504598074,0.9887163205766261,0.9989403566762552,0.9988634629861519,146.17494460009038,6.8628608006983995,0.024856800213456154,164.86023000907153,162.5460899900645,200368,200368,266256,144,133056,66528,66528
experiment_data\runs\20260102_201007_seed42_DoS_Hulk_w32-16_g5_k3\lut_sweeps_v2\seed1_L4_asymmetric_uint8_linear_closed_clip_x_spline_component\eval\bs256_tt1_tn1\lut_report_unified.json,seed1_L4_asymmetric_uint8_linear_closed_clip_x_spline_component,1,4,asymmetric,uint8,linear,closed,clip_x,spline_component,256,1,1,0.9899491507086444,0.9843629673996749,0.9957156767283349,0.9900067768897304,0.9991061054136088,0.9990538477962826,0.9886184139348696,0.9802837271625157,0.9972952504598074,0.9887163205766261,0.9989403569103568,0.9988634639096444,0.9886184139348696,0.9802837271625157,0.9972952504598074,0.9887163205766261,0.9989403566762552,0.9988634629861519,0.8321775742206228,0.06078868749682442,0.012876025384684908,0.6728553124958125,0.6456443164097436,200368,200368,266256,144,133056,66528,66528
experiment_data\runs\20260102_201007_seed42_DoS_Hulk_w32-16_g5_k3\lut_sweeps_v2\seed1_L4_asymmetric_uint8_linear_closed_zero_spline_spline_component\eval\bs1_tt1_tn1\lut_report_unified.json,seed1_L4_asymmetric_uint8_linear_closed_zero_spline_spline_component,1,4,asymmetric,uint8,linear,closed,zero_spline,spline_component,1,1,1,0.9899491507086444,0.9843629673996749,0.9957156767283349,0.9900067768897304,0.9991061054136088,0.9990538477962826,0.9886184139348696,0.9802837271625157,0.9972952504598074,0.9887163205766261,0.9989393163294452,0.9988621728749844,0.9886184139348696,0.9802837271625157,0.9972952504598074,0.9887163205766261,0.998939319840967,0.9988621815030558,147.4586680000648,7.452862200327218,0.0248047998175025,163.31006500404328,163.12717001419514,200368,200368,266256,144,133056,66528,66528
experiment_data\runs\20260102_201007_seed42_DoS_Hulk_w32-16_g5_k3\lut_sweeps_v2\seed1_L4_asymmetric_uint8_linear_closed_zero_spline_spline_component\eval\bs256_tt1_tn1\lut_report_unified.json,seed1_L4_asymmetric_uint8_linear_closed_zero_spline_spline_component,1,4,asymmetric,uint8,linear,closed,zero_spline,spline_component,256,1,1,0.9899491507086444,0.9843629673996749,0.9957156767283349,0.9900067768897304,0.9991061054136088,0.9990538477962826,0.9886184139348696,0.9802837271625157,0.9972952504598074,0.9887163205766261,0.9989393163294452,0.9988621728749844,0.9886184139348696,0.9802837271625157,0.9972952504598074,0.9887163205766261,0.998939319840967,0.9988621815030558,0.8253852187499433,0.06523265819851076,0.012784603522959515,0.6792548632802209,0.6392975390554057,200368,200368,266256,144,133056,66528,66528
experiment_data\runs\20260102_201007_seed42_DoS_Hulk_w32-16_g5_k3\lut_sweeps_v2\seed1_L4_asymmetric_uint8_linear_half_open_clip_x_spline_component\eval\bs1_tt1_tn1\lut_report_unified.json,seed1_L4_asymmetric_uint8_linear_half_open_clip_x_spline_component,1,4,asymmetric,uint8,linear,half_open,clip_x,spline_component,1,1,1,0.9899491507086444,0.9843629673996749,0.9957156767283349,0.9900067768897304,0.9991061054136088,0.9990538477962826,0.9886184139348696,0.9802837271625157,0.9972952504598074,0.9887163205766261,0.9989403569103568,0.9988634639096443,0.9886184139348696,0.9802837271625157,0.9972952504598074,0.9887163205766261,0.9989403566762554,0.9988634630043962,146.52942360006273,7.043405000120401,0.026476800441741943,164.25932499114424,162.26079498883337,200368,200368,266256,144,133056,66528,66528
experiment_data\runs\20260102_201007_seed42_DoS_Hulk_w32-16_g5_k3\lut_sweeps_v2\seed1_L4_asymmetric_uint8_linear_half_open_clip_x_spline_component\eval\bs256_tt1_tn1\lut_report_unified.json,seed1_L4_asymmetric_uint8_linear_half_open_clip_x_spline_component,1,4,asymmetric,uint8,linear,half_open,clip_x,spline_component,256,1,1,0.9899491507086444,0.9843629673996749,0.9957156767283349,0.9900067768897304,0.9991061054136088,0.9990538477962826,0.9886184139348696,0.9802837271625157,0.9972952504598074,0.9887163205766261,0.9989403569103568,0.9988634639096443,0.9886184139348696,0.9802837271625157,0.9972952504598074,0.9887163205766261,0.9989403566762554,0.9988634630043962,0.8286034492175531,0.061090927738405305,0.013154404296074063,0.6835489452896581,0.6421849218895659,200368,200368,266256,144,133056,66528,66528
experiment_data\runs\20260102_201007_seed42_DoS_Hulk_w32-16_g5_k3\lut_sweeps_v2\seed1_L4_asymmetric_uint8_linear_half_open_zero_spline_spline_component\eval\bs1_tt1_tn1\lut_report_unified.json,seed1_L4_asymmetric_uint8_linear_half_open_zero_spline_spline_component,1,4,asymmetric,uint8,linear,half_open,zero_spline,spline_component,1,1,1,0.9899491507086444,0.9843629673996749,0.9957156767283349,0.9900067768897304,0.9991061054136088,0.9990538477962826,0.9886184139348696,0.9802837271625157,0.9972952504598074,0.9887163205766261,0.9989393163294452,0.9988621728749844,0.9886184139348696,0.9802837271625157,0.9972952504598074,0.9887163205766261,0.998939319840967,0.9988621815030558,145.32888399995863,7.58924419991672,0.027254399843513966,162.61723001953214,160.18097999040037,200368,200368,266256,144,133056,66528,66528
experiment_data\runs\20260102_201007_seed42_DoS_Hulk_w32-16_g5_k3\lut_sweeps_v2\seed1_L4_asymmetric_uint8_linear_half_open_zero_spline_spline_component\eval\bs256_tt1_tn1\lut_report_unified.json,seed1_L4_asymmetric_uint8_linear_half_open_zero_spline_spline_component,1,4,asymmetric,uint8,linear,half_open,zero_spline,spline_component,256,1,1,0.9899491507086444,0.9843629673996749,0.9957156767283349,0.9900067768897304,0.9991061054136088,0.9990538477962826,0.9886184139348696,0.9802837271625157,0.9972952504598074,0.9887163205766261,0.9989393163294452,0.9988621728749844,0.9886184139348696,0.9802837271625157,0.9972952504598074,0.9887163205766261,0.998939319840967,0.9988621815030558,0.8395756582012837,0.06684425781713799,0.012994943363082712,0.6741182226505771,0.6394223632923968,200368,200368,266256,144,133056,66528,66528
experiment_data\runs\20260102_201007_seed42_DoS_Hulk_w32-16_g5_k3\lut_sweeps_v2\seed1_L4_symmetric_int8_linear_closed_clip_x_spline_component\eval\bs1_tt1_tn1\lut_report_unified.json,seed1_L4_symmetric_int8_linear_closed_clip_x_spline_component,1,4,symmetric,int8,linear,closed,clip_x,spline_component,1,1,1,0.9899491507086444,0.9843629673996749,0.9957156767283349,0.9900067768897304,0.9991061054136088,0.9990538477962826,0.9886184139348696,0.9802837271625157,0.9972952504598074,0.9887163205766261,0.998937350345532,0.9988597969634264,0.9886184139348696,0.9802837271625157,0.9972952504598074,0.9887163205766261,0.9989373491750247,0.9988597968872014,217.36755879968405,10.479626200161874,0.043916599825024605,241.83867499232292,238.53329999838024,200368,200368,266256,144,133056,66528,66528
experiment_data\runs\20260102_201007_seed42_DoS_Hulk_w32-16_g5_k3\lut_sweeps_v2\seed1_L4_symmetric_int8_linear_closed_clip_x_spline_component\eval\bs256_tt1_tn1\lut_report_unified.json,seed1_L4_symmetric_int8_linear_closed_clip_x_spline_component,1,4,symmetric,int8,linear,closed,clip_x,spline_component,256,1,1,0.9899491507086444,0.9843629673996749,0.9957156767283349,0.9900067768897304,0.9991061054136088,0.9990538477962826,0.9886184139348696,0.9802837271625157,0.9972952504598074,0.9887163205766261,0.998937350345532,0.9988597969634264,0.9886184139348696,0.9802837271625157,0.9972952504598074,0.9887163205766261,0.9989373491750247,0.9988597968872014,1.5080790937463462,0.11442670507676667,0.025302837884737528,1.1727981640433427,1.050145371027611,200368,200368,266256,144,133056,66528,66528
experiment_data\runs\20260102_201007_seed42_DoS_Hulk_w32-16_g5_k3\lut_sweeps_v2\seed1_L4_symmetric_int8_linear_closed_zero_spline_spline_component\eval\bs1_tt1_tn1\lut_report_unified.json,seed1_L4_symmetric_int8_linear_closed_zero_spline_spline_component,1,4,symmetric,int8,linear,closed,zero_spline,spline_component,1,1,1,0.9899491507086444,0.9843629673996749,0.9957156767283349,0.9900067768897304,0.9991061054136088,0.9990538477962826,0.9886184139348696,0.9802837271625157,0.9972952504598074,0.9887163205766261,0.9989368554550826,0.9988591999195945,0.9886184139348696,0.9802837271625157,0.9972952504598074,0.9887163205766261,0.9989368570937929,0.9988592032409912,252.01386579964307,12.942706200294197,0.027161000296473503,189.8973949952051,279.4033500133082,200368,200368,266256,144,133056,66528,66528
experiment_data\runs\20260102_201007_seed42_DoS_Hulk_w32-16_g5_k3\lut_sweeps_v2\seed1_L4_symmetric_int8_linear_closed_zero_spline_spline_component\eval\bs256_tt1_tn1\lut_report_unified.json,seed1_L4_symmetric_int8_linear_closed_zero_spline_spline_component,1,4,symmetric,int8,linear,closed,zero_spline,spline_component,256,1,1,0.9899491507086444,0.9843629673996749,0.9957156767283349,0.9900067768897304,0.9991061054136088,0.9990538477962826,0.9886184139348696,0.9802837271625157,0.9972952504598074,0.9887163205766261,0.9989368554550826,0.9988591999195945,0.9886184139348696,0.9802837271625157,0.9972952504598074,0.9887163205766261,0.9989368570937929,0.9988592032409912,0.9412867792980251,0.06818501171437674,0.01381246484015719,0.679167578164197,0.651428964920342,200368,200368,266256,144,133056,66528,66528
experiment_data\runs\20260102_201007_seed42_DoS_Hulk_w32-16_g5_k3\lut_sweeps_v2\seed1_L4_symmetric_int8_linear_half_open_clip_x_spline_component\eval\bs1_tt1_tn1\lut_report_unified.json,seed1_L4_symmetric_int8_linear_half_open_clip_x_spline_component,1,4,symmetric,int8,linear,half_open,clip_x,spline_component,1,1,1,0.9899491507086444,0.9843629673996749,0.9957156767283349,0.9900067768897304,0.9991061054136088,0.9990538477962826,0.9886184139348696,0.9802837271625157,0.9972952504598074,0.9887163205766261,0.998937350345532,0.9988597969634265,0.9886184139348696,0.9802837271625157,0.9972952504598074,0.9887163205766261,0.9989373491750247,0.9988597968049432,147.01999140065163,7.199440199881792,0.03503139968961477,161.9053600123152,161.42674998845905,200368,200368,266256,144,133056,66528,66528
experiment_data\runs\20260102_201007_seed42_DoS_Hulk_w32-16_g5_k3\lut_sweeps_v2\seed1_L4_symmetric_int8_linear_half_open_clip_x_spline_component\eval\bs256_tt1_tn1\lut_report_unified.json,seed1_L4_symmetric_int8_linear_half_open_clip_x_spline_component,1,4,symmetric,int8,linear,half_open,clip_x,spline_component,256,1,1,0.9899491507086444,0.9843629673996749,0.9957156767283349,0.9900067768897304,0.9991061054136088,0.9990538477962826,0.9886184139348696,0.9802837271625157,0.9972952504598074,0.9887163205766261,0.998937350345532,0.9988597969634265,0.9886184139348696,0.9802837271625157,0.9972952504598074,0.9887163205766261,0.9989373491750247,0.9988597968049432,0.8267145839909062,0.06308967187578673,0.013544429684770876,0.6658114062702225,0.6465622851465014,200368,200368,266256,144,133056,66528,66528
experiment_data\runs\20260102_201007_seed42_DoS_Hulk_w32-16_g5_k3\lut_sweeps_v2\seed1_L4_symmetric_int8_linear_half_open_zero_spline_spline_component\eval\bs1_tt1_tn1\lut_report_unified.json,seed1_L4_symmetric_int8_linear_half_open_zero_spline_spline_component,1,4,symmetric,int8,linear,half_open,zero_spline,spline_component,1,1,1,0.9899491507086444,0.9843629673996749,0.9957156767283349,0.9900067768897304,0.9991061054136088,0.9990538477962826,0.9886184139348696,0.9802837271625157,0.9972952504598074,0.9887163205766261,0.9989368554550826,0.9988591999195945,0.9886184139348696,0.9802837271625157,0.9972952504598074,0.9887163205766261,0.9989368570937929,0.9988592032409912,147.63970120064914,7.654121800325811,0.025106599554419518,164.18435499072075,161.8117450037971,200368,200368,266256,144,133056,66528,66528
experiment_data\runs\20260102_201007_seed42_DoS_Hulk_w32-16_g5_k3\lut_sweeps_v2\seed1_L4_symmetric_int8_linear_half_open_zero_spline_spline_component\eval\bs256_tt1_tn1\lut_report_unified.json,seed1_L4_symmetric_int8_linear_half_open_zero_spline_spline_component,1,4,symmetric,int8,linear,half_open,zero_spline,spline_component,256,1,1,0.9899491507086444,0.9843629673996749,0.9957156767283349,0.9900067768897304,0.9991061054136088,0.9990538477962826,0.9886184139348696,0.9802837271625157,0.9972952504598074,0.9887163205766261,0.9989368554550826,0.9988591999195945,0.9886184139348696,0.9802837271625157,0.9972952504598074,0.9887163205766261,0.9989368570937929,0.9988592032409912,0.8219622265642101,0.06622113476623781,0.014338576165755512,0.6698054296975897,0.6404021484740952,200368,200368,266256,144,133056,66528,66528
experiment_data\runs\20260102_201007_seed42_DoS_Hulk_w32-16_g5_k3\lut_sweeps_v2\seed1_L64_asymmetric_uint8_linear_closed_clip_x_spline_component\eval\bs1_tt1_tn1\lut_report_unified.json,seed1_L64_asymmetric_uint8_linear_closed_clip_x_spline_component,1,64,asymmetric,uint8,linear,closed,clip_x,spline_component,1,1,1,0.9899491507086444,0.9843629673996749,0.9957156767283349,0.9900067768897304,0.9991061054136088,0.9990538477962826,0.9897760467380721,0.984005474062353,0.9957373147246565,0.9898366332906723,0.9991011429312325,0.9990482644729201,0.9897760467380721,0.984005474062353,0.9957373147246565,0.9898366332906723,0.9991011429312325,0.9990482639045043,212.190871800296,9.645024199970067,0.03502020053565502,264.77978001348674,249.91859500296414,200368,200368,2262096,144,2128896,66528,66528
experiment_data\runs\20260102_201007_seed42_DoS_Hulk_w32-16_g5_k3\lut_sweeps_v2\seed1_L64_asymmetric_uint8_linear_closed_clip_x_spline_component\eval\bs256_tt1_tn1\lut_report_unified.json,seed1_L64_asymmetric_uint8_linear_closed_clip_x_spline_component,1,64,asymmetric,uint8,linear,closed,clip_x,spline_component,256,1,1,0.9899491507086444,0.9843629673996749,0.9957156767283349,0.9900067768897304,0.9991061054136088,0.9990538477962826,0.9897760467380721,0.984005474062353,0.9957373147246565,0.9898366332906723,0.9991011429312325,0.9990482644729201,0.9897760467380721,0.984005474062353,0.9957373147246565,0.9898366332906723,0.9991011429312325,0.9990482639045043,1.2234795585936808,0.09175307422083279,0.019387648435440497,1.0049971484477283,0.9621190233701782,200368,200368,2262096,144,2128896,66528,66528
experiment_data\runs\20260102_201007_seed42_DoS_Hulk_w32-16_g5_k3\lut_sweeps_v2\seed1_L64_asymmetric_uint8_linear_closed_zero_spline_spline_component\eval\bs1_tt1_tn1\lut_report_unified.json,seed1_L64_asymmetric_uint8_linear_closed_zero_spline_spline_component,1,64,asymmetric,uint8,linear,closed,zero_spline,spline_component,1,1,1,0.9899491507086444,0.9843629673996749,0.9957156767283349,0.9900067768897304,0.9991061054136088,0.9990538477962826,0.9897760467380721,0.984005474062353,0.9957373147246565,0.9898366332906723,0.9991011431653342,0.9990482640862565,0.9897760467380721,0.984005474062353,0.9957373147246565,0.9898366332906723,0.9991011429312325,0.9990482639507116,222.1246782001108,10.976928400807083,0.0401010001078248,242.33987999614328,227.52421500626951,200368,200368,2262096,144,2128896,66528,66528
experiment_data\runs\20260102_201007_seed42_DoS_Hulk_w32-16_g5_k3\lut_sweeps_v2\seed1_L64_asymmetric_uint8_linear_closed_zero_spline_spline_component\eval\bs256_tt1_tn1\lut_report_unified.json,seed1_L64_asymmetric_uint8_linear_closed_zero_spline_spline_component,1,64,asymmetric,uint8,linear,closed,zero_spline,spline_component,256,1,1,0.9899491507086444,0.9843629673996749,0.9957156767283349,0.9900067768897304,0.9991061054136088,0.9990538477962826,0.9897760467380721,0.984005474062353,0.9957373147246565,0.9898366332906723,0.9991011431653342,0.9990482640862565,0.9897760467380721,0.984005474062353,0.9957373147246565,0.9898366332906723,0.9991011429312325,0.9990482639507116,1.2155600898404373,0.11239016211220587,0.021329808587324806,0.9859189648523171,0.8937881835663575,200368,200368,2262096,144,2128896,66528,66528
experiment_data\runs\20260102_201007_seed42_DoS_Hulk_w32-16_g5_k3\lut_sweeps_v2\seed1_L64_asymmetric_uint8_linear_half_open_clip_x_spline_component\eval\bs1_tt1_tn1\lut_report_unified.json,seed1_L64_asymmetric_uint8_linear_half_open_clip_x_spline_component,1,64,asymmetric,uint8,linear,half_open,clip_x,spline_component,1,1,1,0.9899491507086444,0.9843629673996749,0.9957156767283349,0.9900067768897304,0.9991061054136088,0.9990538477962826,0.9897760467380721,0.984005474062353,0.9957373147246565,0.9898366332906723,0.9991011429312325,0.9990482644729201,0.9897760467380721,0.984005474062353,0.9957373147246565,0.9898366332906723,0.9991011429312325,0.9990482639045043,212.05838479939848,10.74232520069927,0.035532199777662754,231.10433002002537,241.35390501469374,200368,200368,2262096,144,2128896,66528,66528
experiment_data\runs\20260102_201007_seed42_DoS_Hulk_w32-16_g5_k3\lut_sweeps_v2\seed1_L64_asymmetric_uint8_linear_half_open_clip_x_spline_component\eval\bs256_tt1_tn1\lut_report_unified.json,seed1_L64_asymmetric_uint8_linear_half_open_clip_x_spline_component,1,64,asymmetric,uint8,linear,half_open,clip_x,spline_component,256,1,1,0.9899491507086444,0.9843629673996749,0.9957156767283349,0.9900067768897304,0.9991061054136088,0.9990538477962826,0.9897760467380721,0.984005474062353,0.9957373147246565,0.9898366332906723,0.9991011429312325,0.9990482644729201,0.9897760467380721,0.984005474062353,0.9957373147246565,0.9898366332906723,0.9991011429312325,0.9990482639045043,1.2172935625039827,0.09035299023707921,0.019286232418380678,0.9986757030674199,1.015179687510681,200368,200368,2262096,144,2128896,66528,66528
experiment_data\runs\20260102_201007_seed42_DoS_Hulk_w32-16_g5_k3\lut_sweeps_v2\seed1_L64_asymmetric_uint8_linear_half_open_zero_spline_spline_component\eval\bs1_tt1_tn1\lut_report_unified.json,seed1_L64_asymmetric_uint8_linear_half_open_zero_spline_spline_component,1,64,asymmetric,uint8,linear,half_open,zero_spline,spline_component,1,1,1,0.9899491507086444,0.9843629673996749,0.9957156767283349,0.9900067768897304,0.9991061054136088,0.9990538477962826,0.9897760467380721,0.984005474062353,0.9957373147246565,0.9898366332906723,0.9991011431653342,0.9990482640862565,0.9897760467380721,0.984005474062353,0.9957373147246565,0.9898366332906723,0.9991011429312325,0.9990482639507116,208.6788667999208,11.241726400330663,0.03727320022881031,260.0091299973428,251.4631750062108,200368,200368,2262096,144,2128896,66528,66528
experiment_data\runs\20260102_201007_seed42_DoS_Hulk_w32-16_g5_k3\lut_sweeps_v2\seed1_L64_asymmetric_uint8_linear_half_open_zero_spline_spline_component\eval\bs256_tt1_tn1\lut_report_unified.json,seed1_L64_asymmetric_uint8_linear_half_open_zero_spline_spline_component,1,64,asymmetric,uint8,linear,half_open,zero_spline,spline_component,256,1,1,0.9899491507086444,0.9843629673996749,0.9957156767283349,0.9900067768897304,0.9991061054136088,0.9990538477962826,0.9897760467380721,0.984005474062353,0.9957373147246565,0.9898366332906723,0.9991011431653342,0.9990482640862565,0.9897760467380721,0.984005474062353,0.9957373147246565,0.9898366332906723,0.9991011429312325,0.9990482639507116,1.2283264003872318,0.10287114649145224,0.019872945313181845,1.0108709765518142,1.0344655858716578,200368,200368,2262096,144,2128896,66528,66528
experiment_data\runs\20260102_201007_seed42_DoS_Hulk_w32-16_g5_k3\lut_sweeps_v2\seed1_L64_symmetric_int8_linear_closed_clip_x_spline_component\eval\bs1_tt1_tn1\lut_report_unified.json,seed1_L64_symmetric_int8_linear_closed_clip_x_spline_component,1,64,symmetric,int8,linear,closed,clip_x,spline_component,1,1,1,0.9899491507086444,0.9843629673996749,0.9957156767283349,0.9900067768897304,0.9991061054136088,0.9990538477962826,0.9897760467380721,0.984005474062353,0.9957373147246565,0.9898366332906723,0.9991011284169431,0.9990482391176989,0.9897760467380721,0.984005474062353,0.9957373147246565,0.9898366332906723,0.9991011284169432,0.999048238779662,276.7490346003324,12.476638999767601,0.05742159951478243,289.9462250061333,290.13392000924796,200368,200368,2262096,144,2128896,66528,66528
experiment_data\runs\20260102_201007_seed42_DoS_Hulk_w32-16_g5_k3\lut_sweeps_v2\seed1_L64_symmetric_int8_linear_closed_clip_x_spline_component\eval\bs256_tt1_tn1\lut_report_unified.json,seed1_L64_symmetric_int8_linear_closed_clip_x_spline_component,1,64,symmetric,int8,linear,closed,clip_x,spline_component,256,1,1,0.9899491507086444,0.9843629673996749,0.9957156767283349,0.9900067768897304,0.9991061054136088,0.9990538477962826,0.9897760467380721,0.984005474062353,0.9957373147246565,0.9898366332906723,0.9991011284169431,0.9990482391176989,0.9897760467380721,0.984005474062353,0.9957373147246565,0.9898366332906723,0.9991011284169432,0.999048238779662,1.340862511724481,0.0977755332041852,0.021020572266934323,1.121753828101646,1.0313536328794726,200368,200368,2262096,144,2128896,66528,66528
experiment_data\runs\20260102_201007_seed42_DoS_Hulk_w32-16_g5_k3\lut_sweeps_v2\seed1_L64_symmetric_int8_linear_closed_zero_spline_spline_component\eval\bs1_tt1_tn1\lut_report_unified.json,seed1_L64_symmetric_int8_linear_closed_zero_spline_spline_component,1,64,symmetric,int8,linear,closed,zero_spline,spline_component,1,1,1,0.9899491507086444,0.9843629673996749,0.9957156767283349,0.9900067768897304,0.9991061054136088,0.9990538477962826,0.9897760467380721,0.984005474062353,0.9957373147246565,0.9898366332906723,0.9991011284169431,0.9990482391176989,0.9897760467380721,0.984005474062353,0.9957373147246565,0.9898366332906723,0.9991011284169432,0.999048238779662,237.19652320072055,10.870141199789941,0.03589420020580292,236.57299000769854,243.3444949798286,200368,200368,2262096,144,2128896,66528,66528
experiment_data\runs\20260102_201007_seed42_DoS_Hulk_w32-16_g5_k3\lut_sweeps_v2\seed1_L64_symmetric_int8_linear_closed_zero_spline_spline_component\eval\bs256_tt1_tn1\lut_report_unified.json,seed1_L64_symmetric_int8_linear_closed_zero_spline_spline_component,1,64,symmetric,int8,linear,closed,zero_spline,spline_component,256,1,1,0.9899491507086444,0.9843629673996749,0.9957156767283349,0.9900067768897304,0.9991061054136088,0.9990538477962826,0.9897760467380721,0.984005474062353,0.9957373147246565,0.9898366332906723,0.9991011284169431,0.9990482391176989,0.9897760467380721,0.984005474062353,0.9957373147246565,0.9898366332906723,0.9991011284169432,0.999048238779662,1.2610557031257486,0.10078564452669525,0.021465962890943047,1.0886294531701424,0.9360207616737171,200368,200368,2262096,144,2128896,66528,66528
experiment_data\runs\20260102_201007_seed42_DoS_Hulk_w32-16_g5_k3\lut_sweeps_v2\seed1_L64_symmetric_int8_linear_half_open_clip_x_spline_component\eval\bs1_tt1_tn1\lut_report_unified.json,seed1_L64_symmetric_int8_linear_half_open_clip_x_spline_component,1,64,symmetric,int8,linear,half_open,clip_x,spline_component,1,1,1,0.9899491507086444,0.9843629673996749,0.9957156767283349,0.9900067768897304,0.9991061054136088,0.9990538477962826,0.9897760467380721,0.984005474062353,0.9957373147246565,0.9898366332906723,0.9991011284169431,0.9990482391176989,0.9897760467380721,0.984005474062353,0.9957373147246565,0.9898366332906723,0.9991011284169432,0.999048238779662,222.5926874000579,10.203707999549806,0.03536640014499426,230.15028999652714,227.23777000792325,200368,200368,2262096,144,2128896,66528,66528
experiment_data\runs\20260102_201007_seed42_DoS_Hulk_w32-16_g5_k3\lut_sweeps_v2\seed1_L64_symmetric_int8_linear_half_open_clip_x_spline_component\eval\bs256_tt1_tn1\lut_report_unified.json,seed1_L64_symmetric_int8_linear_half_open_clip_x_spline_component,1,64,symmetric,int8,linear,half_open,clip_x,spline_component,256,1,1,0.9899491507086444,0.9843629673996749,0.9957156767283349,0.9900067768897304,0.9991061054136088,0.9990538477962826,0.9897760467380721,0.984005474062353,0.9957373147246565,0.9898366332906723,0.9991011284169431,0.9990482391176989,0.9897760467380721,0.984005474062353,0.9957373147246565,0.9898366332906723,0.9991011284169432,0.999048238779662,1.244067923826151,0.08906143750209594,0.019526267578839906,0.9938962304659071,0.9306191796895291,200368,200368,2262096,144,2128896,66528,66528
experiment_data\runs\20260102_201007_seed42_DoS_Hulk_w32-16_g5_k3\lut_sweeps_v2\seed1_L64_symmetric_int8_linear_half_open_zero_spline_spline_component\eval\bs1_tt1_tn1\lut_report_unified.json,seed1_L64_symmetric_int8_linear_half_open_zero_spline_spline_component,1,64,symmetric,int8,linear,half_open,zero_spline,spline_component,1,1,1,0.9899491507086444,0.9843629673996749,0.9957156767283349,0.9900067768897304,0.9991061054136088,0.9990538477962826,0.9897760467380721,0.984005474062353,0.9957373147246565,0.9898366332906723,0.9991011284169431,0.9990482391176989,0.9897760467380721,0.984005474062353,0.9957373147246565,0.9898366332906723,0.9991011284169432,0.999048238779662,218.5186219997704,11.162240199744701,0.035297599621117115,231.46999501623213,231.08882000669837,200368,200368,2262096,144,2128896,66528,66528
experiment_data\runs\20260102_201007_seed42_DoS_Hulk_w32-16_g5_k3\lut_sweeps_v2\seed1_L64_symmetric_int8_linear_half_open_zero_spline_spline_component\eval\bs256_tt1_tn1\lut_report_unified.json,seed1_L64_symmetric_int8_linear_half_open_zero_spline_spline_component,1,64,symmetric,int8,linear,half_open,zero_spline,spline_component,256,1,1,0.9899491507086444,0.9843629673996749,0.9957156767283349,0.9900067768897304,0.9991061054136088,0.9990538477962826,0.9897760467380721,0.984005474062353,0.9957373147246565,0.9898366332906723,0.9991011284169431,0.9990482391176989,0.9897760467380721,0.984005474062353,0.9957373147246565,0.9898366332906723,0.9991011284169432,0.999048238779662,1.2317775488281768,0.09630759961510194,0.020537369136945927,0.9845473828136164,0.9047049804394192,200368,200368,2262096,144,2128896,66528,66528
experiment_data\runs\20260102_201007_seed42_DoS_Hulk_w32-16_g5_k3\lut_sweeps_v2\seed1_L8_asymmetric_uint8_linear_closed_clip_x_spline_component\eval\bs1_tt1_tn1\lut_report_unified.json,seed1_L8_asymmetric_uint8_linear_closed_clip_x_spline_component,1,8,asymmetric,uint8,linear,closed,clip_x,spline_component,1,1,1,0.9899491507086444,0.9843629673996749,0.9957156767283349,0.9900067768897304,0.9991061054136088,0.9990538477962826,0.9894839337877313,0.982592,0.9966244725738397,0.9895584917821463,0.99905284874007,0.9989945011988975,0.9894839337877313,0.982592,0.9966244725738397,0.9895584917821463,0.9990528482718672,0.998994501126584,145.1096791997552,6.730206599459052,0.025226399302482605,166.66212000418454,161.18733501061797,200368,200368,399312,144,266112,66528,66528
experiment_data\runs\20260102_201007_seed42_DoS_Hulk_w32-16_g5_k3\lut_sweeps_v2\seed1_L8_asymmetric_uint8_linear_closed_clip_x_spline_component\eval\bs256_tt1_tn1\lut_report_unified.json,seed1_L8_asymmetric_uint8_linear_closed_clip_x_spline_component,1,8,asymmetric,uint8,linear,closed,clip_x,spline_component,256,1,1,0.9899491507086444,0.9843629673996749,0.9957156767283349,0.9900067768897304,0.9991061054136088,0.9990538477962826,0.9894839337877313,0.982592,0.9966244725738397,0.9895584917821463,0.99905284874007,0.9989945011988975,0.9894839337877313,0.982592,0.9966244725738397,0.9895584917821463,0.9990528482718672,0.998994501126584,0.8232885722645733,0.06083613280679856,0.013005294922550092,0.670814394561603,0.6442123437409464,200368,200368,399312,144,266112,66528,66528
experiment_data\runs\20260102_201007_seed42_DoS_Hulk_w32-16_g5_k3\lut_sweeps_v2\seed1_L8_asymmetric_uint8_linear_closed_zero_spline_spline_component\eval\bs1_tt1_tn1\lut_report_unified.json,seed1_L8_asymmetric_uint8_linear_closed_zero_spline_spline_component,1,8,asymmetric,uint8,linear,closed,zero_spline,spline_component,1,1,1,0.9899491507086444,0.9843629673996749,0.9957156767283349,0.9900067768897304,0.9991061054136088,0.9990538477962826,0.9894839337877313,0.982592,0.9966244725738397,0.9895584917821463,0.9990527977059556,0.9989944396683382,0.9894839337877313,0.982592,0.9966244725738397,0.9895584917821463,0.9990527977059557,0.9989944395820771,145.6119929999113,7.36538640037179,0.025446600280702114,163.8045399915427,161.70417999383062,200368,200368,399312,144,266112,66528,66528
experiment_data\runs\20260102_201007_seed42_DoS_Hulk_w32-16_g5_k3\lut_sweeps_v2\seed1_L8_asymmetric_uint8_linear_closed_zero_spline_spline_component\eval\bs256_tt1_tn1\lut_report_unified.json,seed1_L8_asymmetric_uint8_linear_closed_zero_spline_spline_component,1,8,asymmetric,uint8,linear,closed,zero_spline,spline_component,256,1,1,0.9899491507086444,0.9843629673996749,0.9957156767283349,0.9900067768897304,0.9991061054136088,0.9990538477962826,0.9894839337877313,0.982592,0.9966244725738397,0.9895584917821463,0.9990527977059556,0.9989944396683382,0.9894839337877313,0.982592,0.9966244725738397,0.9895584917821463,0.9990527977059557,0.9989944395820771,0.8233911738352617,0.06542614648424205,0.012863318361269194,0.6803004492212494,0.6415232812287286,200368,200368,399312,144,266112,66528,66528
experiment_data\runs\20260102_201007_seed42_DoS_Hulk_w32-16_g5_k3\lut_sweeps_v2\seed1_L8_asymmetric_uint8_linear_half_open_clip_x_spline_component\eval\bs1_tt1_tn1\lut_report_unified.json,seed1_L8_asymmetric_uint8_linear_half_open_clip_x_spline_component,1,8,asymmetric,uint8,linear,half_open,clip_x,spline_component,1,1,1,0.9899491507086444,0.9843629673996749,0.9957156767283349,0.9900067768897304,0.9991061054136088,0.9990538477962826,0.9894839337877313,0.982592,0.9966244725738397,0.9895584917821463,0.99905284874007,0.9989945011988974,0.9894839337877313,0.982592,0.9966244725738397,0.9895584917821463,0.9990528482718672,0.998994501126584,145.0513557996601,6.906786199659109,0.02504159975796938,165.15949999447912,162.1081949910149,200368,200368,399312,144,266112,66528,66528
experiment_data\runs\20260102_201007_seed42_DoS_Hulk_w32-16_g5_k3\lut_sweeps_v2\seed1_L8_asymmetric_uint8_linear_half_open_clip_x_spline_component\eval\bs256_tt1_tn1\lut_report_unified.json,seed1_L8_asymmetric_uint8_linear_half_open_clip_x_spline_component,1,8,asymmetric,uint8,linear,half_open,clip_x,spline_component,256,1,1,0.9899491507086444,0.9843629673996749,0.9957156767283349,0.9900067768897304,0.9991061054136088,0.9990538477962826,0.9894839337877313,0.982592,0.9966244725738397,0.9895584917821463,0.99905284874007,0.9989945011988974,0.9894839337877313,0.982592,0.9966244725738397,0.9895584917821463,0.9990528482718672,0.998994501126584,0.8267751328185113,0.06120426562119974,0.012938931640746887,0.6778451953323383,0.6494808398201712,200368,200368,399312,144,266112,66528,66528
experiment_data\runs\20260102_201007_seed42_DoS_Hulk_w32-16_g5_k3\lut_sweeps_v2\seed1_L8_asymmetric_uint8_linear_half_open_zero_spline_spline_component\eval\bs1_tt1_tn1\lut_report_unified.json,seed1_L8_asymmetric_uint8_linear_half_open_zero_spline_spline_component,1,8,asymmetric,uint8,linear,half_open,zero_spline,spline_component,1,1,1,0.9899491507086444,0.9843629673996749,0.9957156767283349,0.9900067768897304,0.9991061054136088,0.9990538477962826,0.9894839337877313,0.982592,0.9966244725738397,0.9895584917821463,0.9990527977059556,0.9989944396683382,0.9894839337877313,0.982592,0.9966244725738397,0.9895584917821463,0.9990527977059557,0.9989944395820771,145.50722400005907,7.619780199602246,0.025268600322306156,164.01693001389503,160.52304001059383,200368,200368,399312,144,266112,66528,66528
experiment_data\runs\20260102_201007_seed42_DoS_Hulk_w32-16_g5_k3\lut_sweeps_v2\seed1_L8_asymmetric_uint8_linear_half_open_zero_spline_spline_component\eval\bs256_tt1_tn1\lut_report_unified.json,seed1_L8_asymmetric_uint8_linear_half_open_zero_spline_spline_component,1,8,asymmetric,uint8,linear,half_open,zero_spline,spline_component,256,1,1,0.9899491507086444,0.9843629673996749,0.9957156767283349,0.9900067768897304,0.9991061054136088,0.9990538477962826,0.9894839337877313,0.982592,0.9966244725738397,0.9895584917821463,0.9990527977059556,0.9989944396683382,0.9894839337877313,0.982592,0.9966244725738397,0.9895584917821463,0.9990527977059557,0.9989944395820771,0.8214124707046722,0.0673801308585098,0.013216441402619239,0.6795900000724941,0.6419860351343232,200368,200368,399312,144,266112,66528,66528
experiment_data\runs\20260102_201007_seed42_DoS_Hulk_w32-16_g5_k3\lut_sweeps_v2\seed1_L8_symmetric_int8_linear_closed_clip_x_spline_component\eval\bs1_tt1_tn1\lut_report_unified.json,seed1_L8_symmetric_int8_linear_closed_clip_x_spline_component,1,8,symmetric,int8,linear,closed,clip_x,spline_component,1,1,1,0.9899491507086444,0.9843629673996749,0.9957156767283349,0.9900067768897304,0.9991061054136088,0.9990538477962826,0.9894839337877313,0.982592,0.9966244725738397,0.9895584917821463,0.9990530126110799,0.9989946845983483,0.9894839337877313,0.982592,0.9966244725738397,0.9895584917821463,0.9990530126110799,0.9989946843348712,145.26767560001463,6.70525380037725,0.024918200448155403,164.53943999949843,160.4608349967748,200368,200368,399312,144,266112,66528,66528
experiment_data\runs\20260102_201007_seed42_DoS_Hulk_w32-16_g5_k3\lut_sweeps_v2\seed1_L8_symmetric_int8_linear_closed_clip_x_spline_component\eval\bs256_tt1_tn1\lut_report_unified.json,seed1_L8_symmetric_int8_linear_closed_clip_x_spline_component,1,8,symmetric,int8,linear,closed,clip_x,spline_component,256,1,1,0.9899491507086444,0.9843629673996749,0.9957156767283349,0.9900067768897304,0.9991061054136088,0.9990538477962826,0.9894839337877313,0.982592,0.9966244725738397,0.9895584917821463,0.9990530126110799,0.9989946845983483,0.9894839337877313,0.982592,0.9966244725738397,0.9895584917821463,0.9990530126110799,0.9989946843348712,0.8274948886719358,0.06151624999802152,0.013118898441462079,0.6707010741592967,0.645083007748326,200368,200368,399312,144,266112,66528,66528
experiment_data\runs\20260102_201007_seed42_DoS_Hulk_w32-16_g5_k3\lut_sweeps_v2\seed1_L8_symmetric_int8_linear_closed_zero_spline_spline_component\eval\bs1_tt1_tn1\lut_report_unified.json,seed1_L8_symmetric_int8_linear_closed_zero_spline_spline_component,1,8,symmetric,int8,linear,closed,zero_spline,spline_component,1,1,1,0.9899491507086444,0.9843629673996749,0.9957156767283349,0.9900067768897304,0.9991061054136088,0.9990538477962826,0.9894839337877313,0.982592,0.9966244725738397,0.9895584917821463,0.9990530126110799,0.9989946845983483,0.9894839337877313,0.982592,0.9966244725738397,0.9895584917821463,0.9990530126110799,0.9989946843348712,145.90850860066712,7.407656199298799,0.02474420052021742,162.94282500166446,160.52186000160873,200368,200368,399312,144,266112,66528,66528
experiment_data\runs\20260102_201007_seed42_DoS_Hulk_w32-16_g5_k3\lut_sweeps_v2\seed1_L8_symmetric_int8_linear_closed_zero_spline_spline_component\eval\bs256_tt1_tn1\lut_report_unified.json,seed1_L8_symmetric_int8_linear_closed_zero_spline_spline_component,1,8,symmetric,int8,linear,closed,zero_spline,spline_component,256,1,1,0.9899491507086444,0.9843629673996749,0.9957156767283349,0.9900067768897304,0.9991061054136088,0.9990538477962826,0.9894839337877313,0.982592,0.9966244725738397,0.9895584917821463,0.9990530126110799,0.9989946845983483,0.9894839337877313,0.982592,0.9966244725738397,0.9895584917821463,0.9990530126110799,0.9989946843348712,0.8353352753874788,0.0653610507833946,0.013204863280407153,0.6795611133384227,0.6487470898719039,200368,200368,399312,144,266112,66528,66528
experiment_data\runs\20260102_201007_seed42_DoS_Hulk_w32-16_g5_k3\lut_sweeps_v2\seed1_L8_symmetric_int8_linear_half_open_clip_x_spline_component\eval\bs1_tt1_tn1\lut_report_unified.json,seed1_L8_symmetric_int8_linear_half_open_clip_x_spline_component,1,8,symmetric,int8,linear,half_open,clip_x,spline_component,1,1,1,0.9899491507086444,0.9843629673996749,0.9957156767283349,0.9900067768897304,0.9991061054136088,0.9990538477962826,0.9894839337877313,0.982592,0.9966244725738397,0.9895584917821463,0.9990530126110799,0.9989946845983483,0.9894839337877313,0.982592,0.9966244725738397,0.9895584917821463,0.9990530126110799,0.9989946842404037,145.8003696007654,6.9701044000685215,0.02457179967314005,164.8548750206828,160.9964150004089,200368,200368,399312,144,266112,66528,66528
experiment_data\runs\20260102_201007_seed42_DoS_Hulk_w32-16_g5_k3\lut_sweeps_v2\seed1_L8_symmetric_int8_linear_half_open_clip_x_spline_component\eval\bs256_tt1_tn1\lut_report_unified.json,seed1_L8_symmetric_int8_linear_half_open_clip_x_spline_component,1,8,symmetric,int8,linear,half_open,clip_x,spline_component,256,1,1,0.9899491507086444,0.9843629673996749,0.9957156767283349,0.9900067768897304,0.9991061054136088,0.9990538477962826,0.9894839337877313,0.982592,0.9966244725738397,0.9895584917821463,0.9990530126110799,0.9989946845983483,0.9894839337877313,0.982592,0.9966244725738397,0.9895584917821463,0.9990530126110799,0.9989946842404037,0.8393999960935616,0.06148692577880865,0.01303791796999576,0.673588359313726,0.6429560155993386,200368,200368,399312,144,266112,66528,66528
experiment_data\runs\20260102_201007_seed42_DoS_Hulk_w32-16_g5_k3\lut_sweeps_v2\seed1_L8_symmetric_int8_linear_half_open_zero_spline_spline_component\eval\bs1_tt1_tn1\lut_report_unified.json,seed1_L8_symmetric_int8_linear_half_open_zero_spline_spline_component,1,8,symmetric,int8,linear,half_open,zero_spline,spline_component,1,1,1,0.9899491507086444,0.9843629673996749,0.9957156767283349,0.9900067768897304,0.9991061054136088,0.9990538477962826,0.9894839337877313,0.982592,0.9966244725738397,0.9895584917821463,0.9990530126110799,0.9989946845983483,0.9894839337877313,0.982592,0.9966244725738397,0.9895584917821463,0.9990530126110799,0.9989946843348712,145.50982460007071,7.590819200500846,0.025016400031745434,164.04050500132143,160.3680199943483,200368,200368,399312,144,266112,66528,66528
experiment_data\runs\20260102_201007_seed42_DoS_Hulk_w32-16_g5_k3\lut_sweeps_v2\seed1_L8_symmetric_int8_linear_half_open_zero_spline_spline_component\eval\bs256_tt1_tn1\lut_report_unified.json,seed1_L8_symmetric_int8_linear_half_open_zero_spline_spline_component,1,8,symmetric,int8,linear,half_open,zero_spline,spline_component,256,1,1,0.9899491507086444,0.9843629673996749,0.9957156767283349,0.9900067768897304,0.9991061054136088,0.9990538477962826,0.9894839337877313,0.982592,0.9966244725738397,0.9895584917821463,0.9990530126110799,0.9989946845983483,0.9894839337877313,0.982592,0.9966244725738397,0.9895584917821463,0.9990530126110799,0.9989946843348712,0.831278519526677,0.06619866796427232,0.013120718749632942,0.6758248242476839,0.6435640234485618,200368,200368,399312,144,266112,66528,66528
experiment_data\runs\20260102_201007_seed42_DoS_Hulk_w32-16_g5_k3\lut_sweeps_v2\seed2_L128_asymmetric_uint8_linear_closed_clip_x_spline_component\eval\bs1_tt1_tn1\lut_report_unified.json,seed2_L128_asymmetric_uint8_linear_closed_clip_x_spline_component,2,128,asymmetric,uint8,linear,closed,clip_x,spline_component,1,1,1,0.9899491507086444,0.9843629673996749,0.9957156767283349,0.9900067768897304,0.9991061054136088,0.9990538477962826,0.9898734177215189,0.9842155919153032,0.9957156767283349,0.9899322362052275,0.9991032231566499,0.9990505392629225,0.9898734177215189,0.9842155919153032,0.9957156767283349,0.9899322362052275,0.9991032231566499,0.9990505394962302,145.89571680035442,6.82459120079875,0.02731039933860302,177.53194000106305,176.63642999250442,200368,200368,4390992,144,4257792,66528,66528
experiment_data\runs\20260102_201007_seed42_DoS_Hulk_w32-16_g5_k3\lut_sweeps_v2\seed2_L128_asymmetric_uint8_linear_closed_clip_x_spline_component\eval\bs256_tt1_tn1\lut_report_unified.json,seed2_L128_asymmetric_uint8_linear_closed_clip_x_spline_component,2,128,asymmetric,uint8,linear,closed,clip_x,spline_component,256,1,1,0.9899491507086444,0.9843629673996749,0.9957156767283349,0.9900067768897304,0.9991061054136088,0.9990538477962826,0.9898734177215189,0.9842155919153032,0.9957156767283349,0.9899322362052275,0.9991032231566499,0.9990505392629225,0.9898734177215189,0.9842155919153032,0.9957156767283349,0.9899322362052275,0.9991032231566499,0.9990505394962302,0.8286189511727571,0.0615158281289041,0.01407713085427531,0.7385858789348276,0.6977859960898058,200368,200368,4390992,144,4257792,66528,66528
experiment_data\runs\20260102_201007_seed42_DoS_Hulk_w32-16_g5_k3\lut_sweeps_v2\seed2_L128_asymmetric_uint8_linear_closed_zero_spline_spline_component\eval\bs1_tt1_tn1\lut_report_unified.json,seed2_L128_asymmetric_uint8_linear_closed_zero_spline_spline_component,2,128,asymmetric,uint8,linear,closed,zero_spline,spline_component,1,1,1,0.9899491507086444,0.9843629673996749,0.9957156767283349,0.9900067768897304,0.9991061054136088,0.9990538477962826,0.9898734177215189,0.9842155919153032,0.9957156767283349,0.9899322362052275,0.9991032231566498,0.9990505396587218,0.9898734177215189,0.9842155919153032,0.9957156767283349,0.9899322362052275,0.9991032231566499,0.9990505396514948,146.95757099986076,7.5538723999634385,0.026523799635469913,178.24742498341948,174.94691498577595,200368,200368,4390992,144,4257792,66528,66528
experiment_data\runs\20260102_201007_seed42_DoS_Hulk_w32-16_g5_k3\lut_sweeps_v2\seed2_L128_asymmetric_uint8_linear_closed_zero_spline_spline_component\eval\bs256_tt1_tn1\lut_report_unified.json,seed2_L128_asymmetric_uint8_linear_closed_zero_spline_spline_component,2,128,asymmetric,uint8,linear,closed,zero_spline,spline_component,256,1,1,0.9899491507086444,0.9843629673996749,0.9957156767283349,0.9900067768897304,0.9991061054136088,0.9990538477962826,0.9898734177215189,0.9842155919153032,0.9957156767283349,0.9899322362052275,0.9991032231566498,0.9990505396587218,0.9898734177215189,0.9842155919153032,0.9957156767283349,0.9899322362052275,0.9991032231566499,0.9990505396514948,0.8337822246085125,0.06651109765698493,0.014347468750202097,0.735437167895725,0.7040881640932639,200368,200368,4390992,144,4257792,66528,66528
experiment_data\runs\20260102_201007_seed42_DoS_Hulk_w32-16_g5_k3\lut_sweeps_v2\seed2_L128_asymmetric_uint8_linear_half_open_clip_x_spline_component\eval\bs1_tt1_tn1\lut_report_unified.json,seed2_L128_asymmetric_uint8_linear_half_open_clip_x_spline_component,2,128,asymmetric,uint8,linear,half_open,clip_x,spline_component,1,1,1,0.9899491507086444,0.9843629673996749,0.9957156767283349,0.9900067768897304,0.9991061054136088,0.9990538477962826,0.9898734177215189,0.9842155919153032,0.9957156767283349,0.9899322362052275,0.9991032231566499,0.9990505392629225,0.9898734177215189,0.9842155919153032,0.9957156767283349,0.9899322362052275,0.9991032231566499,0.9990505394962302,146.1645765993744,7.111996400170028,0.026258200407028198,180.70569499395788,176.70172499492764,200368,200368,4390992,144,4257792,66528,66528
experiment_data\runs\20260102_201007_seed42_DoS_Hulk_w32-16_g5_k3\lut_sweeps_v2\seed2_L128_asymmetric_uint8_linear_half_open_clip_x_spline_component\eval\bs256_tt1_tn1\lut_report_unified.json,seed2_L128_asymmetric_uint8_linear_half_open_clip_x_spline_component,2,128,asymmetric,uint8,linear,half_open,clip_x,spline_component,256,1,1,0.9899491507086444,0.9843629673996749,0.9957156767283349,0.9900067768897304,0.9991061054136088,0.9990538477962826,0.9898734177215189,0.9842155919153032,0.9957156767283349,0.9899322362052275,0.9991032231566499,0.9990505392629225,0.9898734177215189,0.9842155919153032,0.9957156767283349,0.9899322362052275,0.9991032231566499,0.9990505394962302,0.8323951035163191,0.061979447264093324,0.01475631250286824,0.732254589911463,0.7040398241770163,200368,200368,4390992,144,4257792,66528,66528
experiment_data\runs\20260102_201007_seed42_DoS_Hulk_w32-16_g5_k3\lut_sweeps_v2\seed2_L128_asymmetric_uint8_linear_half_open_zero_spline_spline_component\eval\bs1_tt1_tn1\lut_report_unified.json,seed2_L128_asymmetric_uint8_linear_half_open_zero_spline_spline_component,2,128,asymmetric,uint8,linear,half_open,zero_spline,spline_component,1,1,1,0.9899491507086444,0.9843629673996749,0.9957156767283349,0.9900067768897304,0.9991061054136088,0.9990538477962826,0.9898734177215189,0.9842155919153032,0.9957156767283349,0.9899322362052275,0.9991032231566498,0.9990505396587218,0.9898734177215189,0.9842155919153032,0.9957156767283349,0.9899322362052275,0.9991032231566499,0.9990505396514948,145.10388979967684,7.60680599976331,0.025965399108827114,177.28636499959975,175.45192500110716,200368,200368,4390992,144,4257792,66528,66528
experiment_data\runs\20260102_201007_seed42_DoS_Hulk_w32-16_g5_k3\lut_sweeps_v2\seed2_L128_asymmetric_uint8_linear_half_open_zero_spline_spline_component\eval\bs256_tt1_tn1\lut_report_unified.json,seed2_L128_asymmetric_uint8_linear_half_open_zero_spline_spline_component,2,128,asymmetric,uint8,linear,half_open,zero_spline,spline_component,256,1,1,0.9899491507086444,0.9843629673996749,0.9957156767283349,0.9900067768897304,0.9991061054136088,0.9990538477962826,0.9898734177215189,0.9842155919153032,0.9957156767283349,0.9899322362052275,0.9991032231566498,0.9990505396587218,0.9898734177215189,0.9842155919153032,0.9957156767283349,0.9899322362052275,0.9991032231566499,0.9990505396514948,0.8320350527264964,0.06802500391131616,0.014414044926525094,0.7336707031754486,0.7045414843560138,200368,200368,4390992,144,4257792,66528,66528
experiment_data\runs\20260102_201007_seed42_DoS_Hulk_w32-16_g5_k3\lut_sweeps_v2\seed2_L128_symmetric_int8_linear_closed_clip_x_spline_component\eval\bs1_tt1_tn1\lut_report_unified.json,seed2_L128_symmetric_int8_linear_closed_clip_x_spline_component,2,128,symmetric,int8,linear,closed,clip_x,spline_component,1,1,1,0.9899491507086444,0.9843629673996749,0.9957156767283349,0.9900067768897304,0.9991061054136088,0.9990538477962826,0.9898842367196797,0.9842366428540873,0.9957156767283349,0.9899428841872022,0.9991034670903529,0.9990508088975617,0.9898842367196797,0.9842366428540873,0.9957156767283349,0.9899428841872022,0.9991034673244542,0.9990508081527174,146.5869863992557,6.847362600266933,0.02633040025830269,175.35283498000354,174.7445150045678,200368,200368,4390992,144,4257792,66528,66528
experiment_data\runs\20260102_201007_seed42_DoS_Hulk_w32-16_g5_k3\lut_sweeps_v2\seed2_L128_symmetric_int8_linear_closed_clip_x_spline_component\eval\bs256_tt1_tn1\lut_report_unified.json,seed2_L128_symmetric_int8_linear_closed_clip_x_spline_component,2,128,symmetric,int8,linear,closed,clip_x,spline_component,256,1,1,0.9899491507086444,0.9843629673996749,0.9957156767283349,0.9900067768897304,0.9991061054136088,0.9990538477962826,0.9898842367196797,0.9842366428540873,0.9957156767283349,0.9899428841872022,0.9991034670903529,0.9990508088975617,0.9898842367196797,0.9842366428540873,0.9957156767283349,0.9899428841872022,0.9991034673244542,0.9990508081527174,0.829355720698004,0.06140077929558175,0.014809640633757226,0.7314843554922845,0.7135676366488042,200368,200368,4390992,144,4257792,66528,66528
experiment_data\runs\20260102_201007_seed42_DoS_Hulk_w32-16_g5_k3\lut_sweeps_v2\seed2_L128_symmetric_int8_linear_closed_zero_spline_spline_component\eval\bs1_tt1_tn1\lut_report_unified.json,seed2_L128_symmetric_int8_linear_closed_zero_spline_spline_component,2,128,symmetric,int8,linear,closed,zero_spline,spline_component,1,1,1,0.9899491507086444,0.9843629673996749,0.9957156767283349,0.9900067768897304,0.9991061054136088,0.9990538477962826,0.9898842367196797,0.9842366428540873,0.9957156767283349,0.9899428841872022,0.9991034670903529,0.9990508088975617,0.9898842367196797,0.9842366428540873,0.9957156767283349,0.9899428841872022,0.9991034673244542,0.9990508081527174,146.44758999999613,7.459337200038135,0.026464000344276428,177.9601100133732,182.41536000277847,200368,200368,4390992,144,4257792,66528,66528
experiment_data\runs\20260102_201007_seed42_DoS_Hulk_w32-16_g5_k3\lut_sweeps_v2\seed2_L128_symmetric_int8_linear_closed_zero_spline_spline_component\eval\bs256_tt1_tn1\lut_report_unified.json,seed2_L128_symmetric_int8_linear_closed_zero_spline_spline_component,2,128,symmetric,int8,linear,closed,zero_spline,spline_component,256,1,1,0.9899491507086444,0.9843629673996749,0.9957156767283349,0.9900067768897304,0.9991061054136088,0.9990538477962826,0.9898842367196797,0.9842366428540873,0.9957156767283349,0.9899428841872022,0.9991034670903529,0.9990508088975617,0.9898842367196797,0.9842366428540873,0.9957156767283349,0.9899428841872022,0.9991034673244542,0.9990508081527174,0.8370007187477313,0.0661322011728771,0.014256001959438436,0.7265853906574193,0.6960735351640324,200368,200368,4390992,144,4257792,66528,66528
experiment_data\runs\20260102_201007_seed42_DoS_Hulk_w32-16_g5_k3\lut_sweeps_v2\seed2_L128_symmetric_int8_linear_half_open_clip_x_spline_component\eval\bs1_tt1_tn1\lut_report_unified.json,seed2_L128_symmetric_int8_linear_half_open_clip_x_spline_component,2,128,symmetric,int8,linear,half_open,clip_x,spline_component,1,1,1,0.9899491507086444,0.9843629673996749,0.9957156767283349,0.9900067768897304,0.9991061054136088,0.9990538477962826,0.9898842367196797,0.9842366428540873,0.9957156767283349,0.9899428841872022,0.9991034670903529,0.9990508088975617,0.9898842367196797,0.9842366428540873,0.9957156767283349,0.9899428841872022,0.9991034673244542,0.9990508081527174,145.5646135993302,7.01795420050621,0.02723080012947321,175.76656499877572,173.6829899949953,200368,200368,4390992,144,4257792,66528,66528
experiment_data\runs\20260102_201007_seed42_DoS_Hulk_w32-16_g5_k3\lut_sweeps_v2\seed2_L128_symmetric_int8_linear_half_open_clip_x_spline_component\eval\bs256_tt1_tn1\lut_report_unified.json,seed2_L128_symmetric_int8_linear_half_open_clip_x_spline_component,2,128,symmetric,int8,linear,half_open,clip_x,spline_component,256,1,1,0.9899491507086444,0.9843629673996749,0.9957156767283349,0.9900067768897304,0.9991061054136088,0.9990538477962826,0.9898842367196797,0.9842366428540873,0.9957156767283349,0.9899428841872022,0.9991034670903529,0.9990508088975617,0.9898842367196797,0.9842366428540873,0.9957156767283349,0.9899428841872022,0.9991034673244542,0.9990508081527174,0.8278803398479795,0.061852068356529344,0.01531558007627609,0.7187666796198755,0.6903825390509155,200368,200368,4390992,144,4257792,66528,66528
experiment_data\runs\20260102_201007_seed42_DoS_Hulk_w32-16_g5_k3\lut_sweeps_v2\seed2_L128_symmetric_int8_linear_half_open_zero_spline_spline_component\eval\bs1_tt1_tn1\lut_report_unified.json,seed2_L128_symmetric_int8_linear_half_open_zero_spline_spline_component,2,128,symmetric,int8,linear,half_open,zero_spline,spline_component,1,1,1,0.9899491507086444,0.9843629673996749,0.9957156767283349,0.9900067768897304,0.9991061054136088,0.9990538477962826,0.9898842367196797,0.9842366428540873,0.9957156767283349,0.9899428841872022,0.9991034670903529,0.9990508088975617,0.9898842367196797,0.9842366428540873,0.9957156767283349,0.9899428841872022,0.9991034673244542,0.9990508081527174,144.93582960031927,7.6650138003751636,0.027778000570833683,176.79703999310732,173.40788000728935,200368,200368,4390992,144,4257792,66528,66528
experiment_data\runs\20260102_201007_seed42_DoS_Hulk_w32-16_g5_k3\lut_sweeps_v2\seed2_L128_symmetric_int8_linear_half_open_zero_spline_spline_component\eval\bs256_tt1_tn1\lut_report_unified.json,seed2_L128_symmetric_int8_linear_half_open_zero_spline_spline_component,2,128,symmetric,int8,linear,half_open,zero_spline,spline_component,256,1,1,0.9899491507086444,0.9843629673996749,0.9957156767283349,0.9900067768897304,0.9991061054136088,0.9990538477962826,0.9898842367196797,0.9842366428540873,0.9957156767283349,0.9899428841872022,0.9991034670903529,0.9990508088975617,0.9898842367196797,0.9842366428540873,0.9957156767283349,0.9899428841872022,0.9991034673244542,0.9990508081527174,0.8230477402321412,0.06730956641149533,0.014594525391657953,0.723214218760404,0.6892483594128862,200368,200368,4390992,144,4257792,66528,66528
experiment_data\runs\20260102_201007_seed42_DoS_Hulk_w32-16_g5_k3\lut_sweeps_v2\seed2_L16_asymmetric_uint8_linear_closed_clip_x_spline_component\eval\bs1_tt1_tn1\lut_report_unified.json,seed2_L16_asymmetric_uint8_linear_closed_clip_x_spline_component,2,16,asymmetric,uint8,linear,closed,clip_x,spline_component,1,1,1,0.9899491507086444,0.9843629673996749,0.9957156767283349,0.9900067768897304,0.9991061054136088,0.9990538477962826,0.9896029427674997,0.9833176691729323,0.9961051606621227,0.9896701099633456,0.9990859225918531,0.9990319009255247,0.9896029427674997,0.9833176691729323,0.9961051606621227,0.9896701099633456,0.9990859225918531,0.9990319007042305,145.4050678005442,6.657807200215757,0.025004600174725056,164.76741498336196,162.53038002178073,200368,200368,665424,144,532224,66528,66528
experiment_data\runs\20260102_201007_seed42_DoS_Hulk_w32-16_g5_k3\lut_sweeps_v2\seed2_L16_asymmetric_uint8_linear_closed_clip_x_spline_component\eval\bs256_tt1_tn1\lut_report_unified.json,seed2_L16_asymmetric_uint8_linear_closed_clip_x_spline_component,2,16,asymmetric,uint8,linear,closed,clip_x,spline_component,256,1,1,0.9899491507086444,0.9843629673996749,0.9957156767283349,0.9900067768897304,0.9991061054136088,0.9990538477962826,0.9896029427674997,0.9833176691729323,0.9961051606621227,0.9896701099633456,0.9990859225918531,0.9990319009255247,0.9896029427674997,0.9833176691729323,0.9961051606621227,0.9896701099633456,0.9990859225918531,0.9990319007042305,0.840471531255389,0.0605183222614869,0.013577041017924785,0.6878309570311103,0.6478852148575243,200368,200368,665424,144,532224,66528,66528
experiment_data\runs\20260102_201007_seed42_DoS_Hulk_w32-16_g5_k3\lut_sweeps_v2\seed2_L16_asymmetric_uint8_linear_closed_zero_spline_spline_component\eval\bs1_tt1_tn1\lut_report_unified.json,seed2_L16_asymmetric_uint8_linear_closed_zero_spline_spline_component,2,16,asymmetric,uint8,linear,closed,zero_spline,spline_component,1,1,1,0.9899491507086444,0.9843629673996749,0.9957156767283349,0.9900067768897304,0.9991061054136088,0.9990538477962826,0.9896029427674997,0.9833176691729323,0.9961051606621227,0.9896701099633456,0.9990859366379398,0.9990319135157615,0.9896029427674997,0.9833176691729323,0.9961051606621227,0.9896701099633456,0.9990859366379398,0.9990319135412871,145.36949420068413,7.346209599636495,0.02530879992991686,166.00563500542194,161.95529499091208,200368,200368,665424,144,532224,66528,66528
experiment_data\runs\20260102_201007_seed42_DoS_Hulk_w32-16_g5_k3\lut_sweeps_v2\seed2_L16_asymmetric_uint8_linear_closed_zero_spline_spline_component\eval\bs256_tt1_tn1\lut_report_unified.json,seed2_L16_asymmetric_uint8_linear_closed_zero_spline_spline_component,2,16,asymmetric,uint8,linear,closed,zero_spline,spline_component,256,1,1,0.9899491507086444,0.9843629673996749,0.9957156767283349,0.9900067768897304,0.9991061054136088,0.9990538477962826,0.9896029427674997,0.9833176691729323,0.9961051606621227,0.9896701099633456,0.9990859366379398,0.9990319135157615,0.9896029427674997,0.9833176691729323,0.9961051606621227,0.9896701099633456,0.9990859366379398,0.9990319135412871,0.831531328121855,0.06581462890608236,0.013424585931716138,0.697022109397949,0.6525632031298301,200368,200368,665424,144,532224,66528,66528
experiment_data\runs\20260102_201007_seed42_DoS_Hulk_w32-16_g5_k3\lut_sweeps_v2\seed2_L16_asymmetric_uint8_linear_half_open_clip_x_spline_component\eval\bs1_tt1_tn1\lut_report_unified.json,seed2_L16_asymmetric_uint8_linear_half_open_clip_x_spline_component,2,16,asymmetric,uint8,linear,half_open,clip_x,spline_component,1,1,1,0.9899491507086444,0.9843629673996749,0.9957156767283349,0.9900067768897304,0.9991061054136088,0.9990538477962826,0.9896029427674997,0.9833176691729323,0.9961051606621227,0.9896701099633456,0.9990859225918531,0.9990319009255247,0.9896029427674997,0.9833176691729323,0.9961051606621227,0.9896701099633456,0.9990859225918531,0.9990319007042305,146.43844339996576,7.0553370006382465,0.026244400069117546,165.9183100098744,163.86341000907123,200368,200368,665424,144,532224,66528,66528
experiment_data\runs\20260102_201007_seed42_DoS_Hulk_w32-16_g5_k3\lut_sweeps_v2\seed2_L16_asymmetric_uint8_linear_half_open_clip_x_spline_component\eval\bs256_tt1_tn1\lut_report_unified.json,seed2_L16_asymmetric_uint8_linear_half_open_clip_x_spline_component,2,16,asymmetric,uint8,linear,half_open,clip_x,spline_component,256,1,1,0.9899491507086444,0.9843629673996749,0.9957156767283349,0.9900067768897304,0.9991061054136088,0.9990538477962826,0.9896029427674997,0.9833176691729323,0.9961051606621227,0.9896701099633456,0.9990859225918531,0.9990319009255247,0.9896029427674997,0.9833176691729323,0.9961051606621227,0.9896701099633456,0.9990859225918531,0.9990319007042305,0.8290228769601526,0.06228718163583835,0.01354743164483807,0.703512500058423,0.6611249999878055,200368,200368,665424,144,532224,66528,66528
experiment_data\runs\20260102_201007_seed42_DoS_Hulk_w32-16_g5_k3\lut_sweeps_v2\seed2_L16_asymmetric_uint8_linear_half_open_zero_spline_spline_component\eval\bs1_tt1_tn1\lut_report_unified.json,seed2_L16_asymmetric_uint8_linear_half_open_zero_spline_spline_component,2,16,asymmetric,uint8,linear,half_open,zero_spline,spline_component,1,1,1,0.9899491507086444,0.9843629673996749,0.9957156767283349,0.9900067768897304,0.9991061054136088,0.9990538477962826,0.9896029427674997,0.9833176691729323,0.9961051606621227,0.9896701099633456,0.9990859366379398,0.9990319135157615,0.9896029427674997,0.9833176691729323,0.9961051606621227,0.9896701099633456,0.9990859366379398,0.9990319135412871,148.02145319990814,7.764281000010669,0.02560039982199669,167.62144500389695,164.24731500446796,200368,200368,665424,144,532224,66528,66528
experiment_data\runs\20260102_201007_seed42_DoS_Hulk_w32-16_g5_k3\lut_sweeps_v2\seed2_L16_asymmetric_uint8_linear_half_open_zero_spline_spline_component\eval\bs256_tt1_tn1\lut_report_unified.json,seed2_L16_asymmetric_uint8_linear_half_open_zero_spline_spline_component,2,16,asymmetric,uint8,linear,half_open,zero_spline,spline_component,256,1,1,0.9899491507086444,0.9843629673996749,0.9957156767283349,0.9900067768897304,0.9991061054136088,0.9990538477962826,0.9896029427674997,0.9833176691729323,0.9961051606621227,0.9896701099633456,0.9990859366379398,0.9990319135157615,0.9896029427674997,0.9833176691729323,0.9961051606621227,0.9896701099633456,0.9990859366379398,0.9990319135412871,0.8458683828121139,0.06704595508381317,0.01337063280516304,0.6884221484142472,0.6562807226146106,200368,200368,665424,144,532224,66528,66528
experiment_data\runs\20260102_201007_seed42_DoS_Hulk_w32-16_g5_k3\lut_sweeps_v2\seed2_L16_symmetric_int8_linear_closed_clip_x_spline_component\eval\bs1_tt1_tn1\lut_report_unified.json,seed2_L16_symmetric_int8_linear_closed_clip_x_spline_component,2,16,symmetric,int8,linear,closed,clip_x,spline_component,1,1,1,0.9899491507086444,0.9843629673996749,0.9957156767283349,0.9900067768897304,0.9991061054136088,0.9990538477962826,0.9896029427674997,0.9833176691729323,0.9961051606621227,0.9896701099633456,0.9990867279008151,0.9990328672540946,0.9896029427674997,0.9833176691729323,0.9961051606621227,0.9896701099633456,0.9990867279008151,0.9990328668762254,144.8947310000658,6.862412000074983,0.026551400311291218,165.97492501605302,161.83493998833,200368,200368,665424,144,532224,66528,66528
experiment_data\runs\20260102_201007_seed42_DoS_Hulk_w32-16_g5_k3\lut_sweeps_v2\seed2_L16_symmetric_int8_linear_closed_clip_x_spline_component\eval\bs256_tt1_tn1\lut_report_unified.json,seed2_L16_symmetric_int8_linear_closed_clip_x_spline_component,2,16,symmetric,int8,linear,closed,clip_x,spline_component,256,1,1,0.9899491507086444,0.9843629673996749,0.9957156767283349,0.9900067768897304,0.9991061054136088,0.9990538477962826,0.9896029427674997,0.9833176691729323,0.9961051606621227,0.9896701099633456,0.9990867279008151,0.9990328672540946,0.9896029427674997,0.9833176691729323,0.9961051606621227,0.9896701099633456,0.9990867279008151,0.9990328668762254,0.8294864843810501,0.060993158194833086,0.013619187502627028,0.674993027405435,0.6462962303885433,200368,200368,665424,144,532224,66528,66528
experiment_data\runs\20260102_201007_seed42_DoS_Hulk_w32-16_g5_k3\lut_sweeps_v2\seed2_L16_symmetric_int8_linear_closed_zero_spline_spline_component\eval\bs1_tt1_tn1\lut_report_unified.json,seed2_L16_symmetric_int8_linear_closed_zero_spline_spline_component,2,16,symmetric,int8,linear,closed,zero_spline,spline_component,1,1,1,0.9899491507086444,0.9843629673996749,0.9957156767283349,0.9900067768897304,0.9991061054136088,0.9990538477962826,0.9896029427674997,0.9833176691729323,0.9961051606621227,0.9896701099633456,0.9990867279008151,0.9990328672540946,0.9896029427674997,0.9833176691729323,0.9961051606621227,0.9896701099633456,0.9990867279008151,0.9990328668762254,146.25650800019503,7.6116084000095725,0.02540719974786043,164.64033499360085,162.23851500544697,200368,200368,665424,144,532224,66528,66528
experiment_data\runs\20260102_201007_seed42_DoS_Hulk_w32-16_g5_k3\lut_sweeps_v2\seed2_L16_symmetric_int8_linear_closed_zero_spline_spline_component\eval\bs256_tt1_tn1\lut_report_unified.json,seed2_L16_symmetric_int8_linear_closed_zero_spline_spline_component,2,16,symmetric,int8,linear,closed,zero_spline,spline_component,256,1,1,0.9899491507086444,0.9843629673996749,0.9957156767283349,0.9900067768897304,0.9991061054136088,0.9990538477962826,0.9896029427674997,0.9833176691729323,0.9961051606621227,0.9896701099633456,0.9990867279008151,0.9990328672540946,0.9896029427674997,0.9833176691729323,0.9961051606621227,0.9896701099633456,0.9990867279008151,0.9990328668762254,0.8355111699256668,0.06560460546097602,0.013729804686590796,0.6850486523035215,0.6549498047206725,200368,200368,665424,144,532224,66528,66528
experiment_data\runs\20260102_201007_seed42_DoS_Hulk_w32-16_g5_k3\lut_sweeps_v2\seed2_L16_symmetric_int8_linear_half_open_clip_x_spline_component\eval\bs1_tt1_tn1\lut_report_unified.json,seed2_L16_symmetric_int8_linear_half_open_clip_x_spline_component,2,16,symmetric,int8,linear,half_open,clip_x,spline_component,1,1,1,0.9899491507086444,0.9843629673996749,0.9957156767283349,0.9900067768897304,0.9991061054136088,0.9990538477962826,0.9896029427674997,0.9833176691729323,0.9961051606621227,0.9896701099633456,0.9990867279008151,0.9990328672540946,0.9896029427674997,0.9833176691729323,0.9961051606621227,0.9896701099633456,0.9990867279008151,0.9990328668762254,148.6038924008608,6.950838800519705,0.027365599758923054,168.6517999973148,164.38897498883307,200368,200368,665424,144,532224,66528,66528
experiment_data\runs\20260102_201007_seed42_DoS_Hulk_w32-16_g5_k3\lut_sweeps_v2\seed2_L16_symmetric_int8_linear_half_open_clip_x_spline_component\eval\bs256_tt1_tn1\lut_report_unified.json,seed2_L16_symmetric_int8_linear_half_open_clip_x_spline_component,2,16,symmetric,int8,linear,half_open,clip_x,spline_component,256,1,1,0.9899491507086444,0.9843629673996749,0.9957156767283349,0.9900067768897304,0.9991061054136088,0.9990538477962826,0.9896029427674997,0.9833176691729323,0.9961051606621227,0.9896701099633456,0.9990867279008151,0.9990328672540946,0.9896029427674997,0.9833176691729323,0.9961051606621227,0.9896701099633456,0.9990867279008151,0.9990328668762254,0.8331524921868549,0.06190834179506055,0.013427839840005618,0.6909210937010357,0.6553342578627053,200368,200368,665424,144,532224,66528,66528
experiment_data\runs\20260102_201007_seed42_DoS_Hulk_w32-16_g5_k3\lut_sweeps_v2\seed2_L16_symmetric_int8_linear_half_open_zero_spline_spline_component\eval\bs1_tt1_tn1\lut_report_unified.json,seed2_L16_symmetric_int8_linear_half_open_zero_spline_spline_component,2,16,symmetric,int8,linear,half_open,zero_spline,spline_component,1,1,1,0.9899491507086444,0.9843629673996749,0.9957156767283349,0.9900067768897304,0.9991061054136088,0.9990538477962826,0.9896029427674997,0.9833176691729323,0.9961051606621227,0.9896701099633456,0.9990867279008151,0.9990328672540946,0.9896029427674997,0.9833176691729323,0.9961051606621227,0.9896701099633456,0.9990867279008151,0.9990328668762254,146.1517432006076,7.601902199909091,0.028216199949383736,164.98082501348108,163.46668500918895,200368,200368,665424,144,532224,66528,66528
experiment_data\runs\20260102_201007_seed42_DoS_Hulk_w32-16_g5_k3\lut_sweeps_v2\seed2_L16_symmetric_int8_linear_half_open_zero_spline_spline_component\eval\bs256_tt1_tn1\lut_report_unified.json,seed2_L16_symmetric_int8_linear_half_open_zero_spline_spline_component,2,16,symmetric,int8,linear,half_open,zero_spline,spline_component,256,1,1,0.9899491507086444,0.9843629673996749,0.9957156767283349,0.9900067768897304,0.9991061054136088,0.9990538477962826,0.9896029427674997,0.9833176691729323,0.9961051606621227,0.9896701099633456,0.9990867279008151,0.9990328672540946,0.9896029427674997,0.9833176691729323,0.9961051606621227,0.9896701099633456,0.9990867279008151,0.9990328668762254,0.8273015410122753,0.06788048827729654,0.01417800585841178,0.6878172460346832,0.6512588086479809,200368,200368,665424,144,532224,66528,66528
experiment_data\runs\20260102_201007_seed42_DoS_Hulk_w32-16_g5_k3\lut_sweeps_v2\seed2_L256_asymmetric_uint8_linear_closed_clip_x_spline_component\eval\bs1_tt1_tn1\lut_report_unified.json,seed2_L256_asymmetric_uint8_linear_closed_clip_x_spline_component,2,256,asymmetric,uint8,linear,closed,clip_x,spline_component,1,1,1,0.9899491507086444,0.9843629673996749,0.9957156767283349,0.9900067768897304,0.9991061054136088,0.9990538477962826,0.9899058747160013,0.9842787474332649,0.9957156767283349,0.989964180838362,0.9991046020141456,0.9990520478124402,0.9899058747160013,0.9842787474332649,0.9957156767283349,0.989964180838362,0.9991046001413341,0.9990520439079206,146.541019000113,6.774552799761295,0.0274192001670599,188.96836498752236,188.184844981879,200368,200368,8648784,144,8515584,66528,66528
experiment_data\runs\20260102_201007_seed42_DoS_Hulk_w32-16_g5_k3\lut_sweeps_v2\seed2_L256_asymmetric_uint8_linear_closed_clip_x_spline_component\eval\bs256_tt1_tn1\lut_report_unified.json,seed2_L256_asymmetric_uint8_linear_closed_clip_x_spline_component,2,256,asymmetric,uint8,linear,closed,clip_x,spline_component,256,1,1,0.9899491507086444,0.9843629673996749,0.9957156767283349,0.9900067768897304,0.9991061054136088,0.9990538477962826,0.9899058747160013,0.9842787474332649,0.9957156767283349,0.989964180838362,0.9991046020141456,0.9990520478124402,0.9899058747160013,0.9842787474332649,0.9957156767283349,0.989964180838362,0.9991046001413341,0.9990520439079206,0.8385923261721473,0.06186296875057451,0.01451602148335951,0.7770298438117607,0.7517270312746405,200368,200368,8648784,144,8515584,66528,66528
experiment_data\runs\20260102_201007_seed42_DoS_Hulk_w32-16_g5_k3\lut_sweeps_v2\seed2_L256_asymmetric_uint8_linear_closed_zero_spline_spline_component\eval\bs1_tt1_tn1\lut_report_unified.json,seed2_L256_asymmetric_uint8_linear_closed_zero_spline_spline_component,2,256,asymmetric,uint8,linear,closed,zero_spline,spline_component,1,1,1,0.9899491507086444,0.9843629673996749,0.9957156767283349,0.9900067768897304,0.9991061054136088,0.9990538477962826,0.9899058747160013,0.9842787474332649,0.9957156767283349,0.989964180838362,0.9991045982685225,0.9990520437314503,0.9899058747160013,0.9842787474332649,0.9957156767283349,0.989964180838362,0.9991045982685225,0.9990520434648898,146.43305379990488,7.437192999757826,0.02680400013923645,191.98475999291986,191.66602999903262,200368,200368,8648784,144,8515584,66528,66528
experiment_data\runs\20260102_201007_seed42_DoS_Hulk_w32-16_g5_k3\lut_sweeps_v2\seed2_L256_asymmetric_uint8_linear_closed_zero_spline_spline_component\eval\bs256_tt1_tn1\lut_report_unified.json,seed2_L256_asymmetric_uint8_linear_closed_zero_spline_spline_component,2,256,asymmetric,uint8,linear,closed,zero_spline,spline_component,256,1,1,0.9899491507086444,0.9843629673996749,0.9957156767283349,0.9900067768897304,0.9991061054136088,0.9990538477962826,0.9899058747160013,0.9842787474332649,0.9957156767283349,0.989964180838362,0.9991045982685225,0.9990520437314503,0.9899058747160013,0.9842787474332649,0.9957156767283349,0.989964180838362,0.9991045982685225,0.9990520434648898,0.8233685800769308,0.06767933007722604,0.014460980473813834,0.782662207075191,0.7576650780720229,200368,200368,8648784,144,8515584,66528,66528
experiment_data\runs\20260102_201007_seed42_DoS_Hulk_w32-16_g5_k3\lut_sweeps_v2\seed2_L256_asymmetric_uint8_linear_half_open_clip_x_spline_component\eval\bs1_tt1_tn1\lut_report_unified.json,seed2_L256_asymmetric_uint8_linear_half_open_clip_x_spline_component,2,256,asymmetric,uint8,linear,half_open,clip_x,spline_component,1,1,1,0.9899491507086444,0.9843629673996749,0.9957156767283349,0.9900067768897304,0.9991061054136088,0.9990538477962826,0.9899058747160013,0.9842787474332649,0.9957156767283349,0.989964180838362,0.9991046020141456,0.9990520478124402,0.9899058747160013,0.9842787474332649,0.9957156767283349,0.989964180838362,0.9991046001413341,0.9990520439079206,147.15163160022348,7.007968200370669,0.02661880012601614,188.9481999911368,186.78443001117557,200368,200368,8648784,144,8515584,66528,66528
experiment_data\runs\20260102_201007_seed42_DoS_Hulk_w32-16_g5_k3\lut_sweeps_v2\seed2_L256_asymmetric_uint8_linear_half_open_clip_x_spline_component\eval\bs256_tt1_tn1\lut_report_unified.json,seed2_L256_asymmetric_uint8_linear_half_open_clip_x_spline_component,2,256,asymmetric,uint8,linear,half_open,clip_x,spline_component,256,1,1,0.9899491507086444,0.9843629673996749,0.9957156767283349,0.9900067768897304,0.9991061054136088,0.9990538477962826,0.9899058747160013,0.9842787474332649,0.9957156767283349,0.989964180838362,0.9991046020141456,0.9990520478124402,0.9899058747160013,0.9842787474332649,0.9957156767283349,0.989964180838362,0.9991046001413341,0.9990520439079206,0.82480373242106,0.06258881249777914,0.014833931645625853,0.7847386523280875,0.7545825977103959,200368,200368,8648784,144,8515584,66528,66528
experiment_data\runs\20260102_201007_seed42_DoS_Hulk_w32-16_g5_k3\lut_sweeps_v2\seed2_L256_asymmetric_uint8_linear_half_open_zero_spline_spline_component\eval\bs1_tt1_tn1\lut_report_unified.json,seed2_L256_asymmetric_uint8_linear_half_open_zero_spline_spline_component,2,256,asymmetric,uint8,linear,half_open,zero_spline,spline_component,1,1,1,0.9899491507086444,0.9843629673996749,0.9957156767283349,0.9900067768897304,0.9991061054136088,0.9990538477962826,0.9899058747160013,0.9842787474332649,0.9957156767283349,0.989964180838362,0.9991045982685225,0.9990520437314503,0.9899058747160013,0.9842787474332649,0.9957156767283349,0.989964180838362,0.9991045982685225,0.9990520434648898,145.90869100019336,7.815698799677194,0.02865900006145239,190.49937999807298,188.18186500575393,200368,200368,8648784,144,8515584,66528,66528
experiment_data\runs\20260102_201007_seed42_DoS_Hulk_w32-16_g5_k3\lut_sweeps_v2\seed2_L256_asymmetric_uint8_linear_half_open_zero_spline_spline_component\eval\bs256_tt1_tn1\lut_report_unified.json,seed2_L256_asymmetric_uint8_linear_half_open_zero_spline_spline_component,2,256,asymmetric,uint8,linear,half_open,zero_spline,spline_component,256,1,1,0.9899491507086444,0.9843629673996749,0.9957156767283349,0.9900067768897304,0.9991061054136088,0.9990538477962826,0.9899058747160013,0.9842787474332649,0.9957156767283349,0.989964180838362,0.9991045982685225,0.9990520437314503,0.9899058747160013,0.9842787474332649,0.9957156767283349,0.989964180838362,0.9991045982685225,0.9990520434648898,0.8313520664069074,0.067768572271234,0.014603306644858094,0.7814037890966574,0.7560568164080905,200368,200368,8648784,144,8515584,66528,66528
experiment_data\runs\20260102_201007_seed42_DoS_Hulk_w32-16_g5_k3\lut_sweeps_v2\seed2_L256_symmetric_int8_linear_closed_clip_x_spline_component\eval\bs1_tt1_tn1\lut_report_unified.json,seed2_L256_symmetric_int8_linear_closed_clip_x_spline_component,2,256,symmetric,int8,linear,closed,clip_x,spline_component,1,1,1,0.9899491507086444,0.9843629673996749,0.9957156767283349,0.9900067768897304,0.9991061054136088,0.9990538477962826,0.9898950557178405,0.9842576946933886,0.9957156767283349,0.9899535323982446,0.9991045383385533,0.9990519752559315,0.9898950557178405,0.9842576946933886,0.9957156767283349,0.9899535323982446,0.9991045383385533,0.9990519753034304,145.930887600407,6.751347200013697,0.026497799903154373,186.31834499537945,183.77934000454843,200368,200368,8648784,144,8515584,66528,66528
experiment_data\runs\20260102_201007_seed42_DoS_Hulk_w32-16_g5_k3\lut_sweeps_v2\seed2_L256_symmetric_int8_linear_closed_clip_x_spline_component\eval\bs256_tt1_tn1\lut_report_unified.json,seed2_L256_symmetric_int8_linear_closed_clip_x_spline_component,2,256,symmetric,int8,linear,closed,clip_x,spline_component,256,1,1,0.9899491507086444,0.9843629673996749,0.9957156767283349,0.9900067768897304,0.9991061054136088,0.9990538477962826,0.9898950557178405,0.9842576946933886,0.9957156767283349,0.9899535323982446,0.9991045383385533,0.9990519752559315,0.9898950557178405,0.9842576946933886,0.9957156767283349,0.9899535323982446,0.9991045383385533,0.9990519753034304,0.8301730507810134,0.06296745897998335,0.014761353513677022,0.767327656285488,0.7382383984804619,200368,200368,8648784,144,8515584,66528,66528
experiment_data\runs\20260102_201007_seed42_DoS_Hulk_w32-16_g5_k3\lut_sweeps_v2\seed2_L256_symmetric_int8_linear_closed_zero_spline_spline_component\eval\bs1_tt1_tn1\lut_report_unified.json,seed2_L256_symmetric_int8_linear_closed_zero_spline_spline_component,2,256,symmetric,int8,linear,closed,zero_spline,spline_component,1,1,1,0.9899491507086444,0.9843629673996749,0.9957156767283349,0.9900067768897304,0.9991061054136088,0.9990538477962826,0.9898950557178405,0.9842576946933886,0.9957156767283349,0.9899535323982446,0.9991045383385533,0.9990519752559315,0.9898950557178405,0.9842576946933886,0.9957156767283349,0.9899535323982446,0.9991045383385533,0.9990519753034304,148.7061115996912,7.421442200429738,0.02727619931101799,186.0459249932319,182.98295501153916,200368,200368,8648784,144,8515584,66528,66528
experiment_data\runs\20260102_201007_seed42_DoS_Hulk_w32-16_g5_k3\lut_sweeps_v2\seed2_L256_symmetric_int8_linear_closed_zero_spline_spline_component\eval\bs256_tt1_tn1\lut_report_unified.json,seed2_L256_symmetric_int8_linear_closed_zero_spline_spline_component,2,256,symmetric,int8,linear,closed,zero_spline,spline_component,256,1,1,0.9899491507086444,0.9843629673996749,0.9957156767283349,0.9900067768897304,0.9991061054136088,0.9990538477962826,0.9898950557178405,0.9842576946933886,0.9957156767283349,0.9899535323982446,0.9991045383385533,0.9990519752559315,0.9898950557178405,0.9842576946933886,0.9957156767283349,0.9899535323982446,0.9991045383385533,0.9990519753034304,0.8298427617228299,0.07063884961098665,0.014635439447374665,0.7646870898497582,0.7474482812540373,200368,200368,8648784,144,8515584,66528,66528
experiment_data\runs\20260102_201007_seed42_DoS_Hulk_w32-16_g5_k3\lut_sweeps_v2\seed2_L256_symmetric_int8_linear_half_open_clip_x_spline_component\eval\bs1_tt1_tn1\lut_report_unified.json,seed2_L256_symmetric_int8_linear_half_open_clip_x_spline_component,2,256,symmetric,int8,linear,half_open,clip_x,spline_component,1,1,1,0.9899491507086444,0.9843629673996749,0.9957156767283349,0.9900067768897304,0.9991061054136088,0.9990538477962826,0.9898950557178405,0.9842576946933886,0.9957156767283349,0.9899535323982446,0.9991045383385533,0.9990519752559315,0.9898950557178405,0.9842576946933886,0.9957156767283349,0.9899535323982446,0.9991045383385533,0.9990519753034304,145.9395563993603,7.0892064003273845,0.02972779981791973,189.24165999051183,184.25936501007527,200368,200368,8648784,144,8515584,66528,66528
experiment_data\runs\20260102_201007_seed42_DoS_Hulk_w32-16_g5_k3\lut_sweeps_v2\seed2_L256_symmetric_int8_linear_half_open_clip_x_spline_component\eval\bs256_tt1_tn1\lut_report_unified.json,seed2_L256_symmetric_int8_linear_half_open_clip_x_spline_component,2,256,symmetric,int8,linear,half_open,clip_x,spline_component,256,1,1,0.9899491507086444,0.9843629673996749,0.9957156767283349,0.9900067768897304,0.9991061054136088,0.9990538477962826,0.9898950557178405,0.9842576946933886,0.9957156767283349,0.9899535323982446,0.9991045383385533,0.9990519752559315,0.9898950557178405,0.9842576946933886,0.9957156767283349,0.9899535323982446,0.9991045383385533,0.9990519753034304,0.8364444043036201,0.06332967578600801,0.01507305078121135,0.7574368944915477,0.734238203131099,200368,200368,8648784,144,8515584,66528,66528
experiment_data\runs\20260102_201007_seed42_DoS_Hulk_w32-16_g5_k3\lut_sweeps_v2\seed2_L256_symmetric_int8_linear_half_open_zero_spline_spline_component\eval\bs1_tt1_tn1\lut_report_unified.json,seed2_L256_symmetric_int8_linear_half_open_zero_spline_spline_component,2,256,symmetric,int8,linear,half_open,zero_spline,spline_component,1,1,1,0.9899491507086444,0.9843629673996749,0.9957156767283349,0.9900067768897304,0.9991061054136088,0.9990538477962826,0.9898950557178405,0.9842576946933886,0.9957156767283349,0.9899535323982446,0.9991045383385533,0.9990519752559315,0.9898950557178405,0.9842576946933886,0.9957156767283349,0.9899535323982446,0.9991045383385533,0.9990519753034304,145.43006179947406,7.622820800170302,0.027464800514280796,188.93255000002682,183.0840100068599,200368,200368,8648784,144,8515584,66528,66528
experiment_data\runs\20260102_201007_seed42_DoS_Hulk_w32-16_g5_k3\lut_sweeps_v2\seed2_L256_symmetric_int8_linear_half_open_zero_spline_spline_component\eval\bs256_tt1_tn1\lut_report_unified.json,seed2_L256_symmetric_int8_linear_half_open_zero_spline_spline_component,2,256,symmetric,int8,linear,half_open,zero_spline,spline_component,256,1,1,0.9899491507086444,0.9843629673996749,0.9957156767283349,0.9900067768897304,0.9991061054136088,0.9990538477962826,0.9898950557178405,0.9842576946933886,0.9957156767283349,0.9899535323982446,0.9991045383385533,0.9990519752559315,0.9898950557178405,0.9842576946933886,0.9957156767283349,0.9899535323982446,0.9991045383385533,0.9990519753034304,0.8298671308602934,0.06756644531378697,0.014736978509972687,0.7658351366444549,0.7336597851463011,200368,200368,8648784,144,8515584,66528,66528
experiment_data\runs\20260102_201007_seed42_DoS_Hulk_w32-16_g5_k3\lut_sweeps_v2\seed2_L2_asymmetric_uint8_linear_closed_clip_x_spline_component\eval\bs1_tt1_tn1\lut_report_unified.json,seed2_L2_asymmetric_uint8_linear_closed_clip_x_spline_component,2,2,asymmetric,uint8,linear,closed,clip_x,spline_component,1,1,1,0.9899491507086444,0.9843629673996749,0.9957156767283349,0.9900067768897304,0.9991061054136088,0.9990538477962826,0.9872768581629341,0.9764922451915956,0.9985935302390999,0.9874192306046472,0.9987906963264298,0.9986899189987554,0.9872768581629341,0.9764922451915956,0.9985935302390999,0.9874192306046472,0.9987906963264299,0.9986899188950423,144.84507079981267,6.711615399457514,0.024471399374306202,160.38156999275088,159.41839998122305,200368,200368,199728,144,66528,66528,66528
experiment_data\runs\20260102_201007_seed42_DoS_Hulk_w32-16_g5_k3\lut_sweeps_v2\seed2_L2_asymmetric_uint8_linear_closed_clip_x_spline_component\eval\bs256_tt1_tn1\lut_report_unified.json,seed2_L2_asymmetric_uint8_linear_closed_clip_x_spline_component,2,2,asymmetric,uint8,linear,closed,clip_x,spline_component,256,1,1,0.9899491507086444,0.9843629673996749,0.9957156767283349,0.9900067768897304,0.9991061054136088,0.9990538477962826,0.9872768581629341,0.9764922451915956,0.9985935302390999,0.9874192306046472,0.9987906963264298,0.9986899189987554,0.9872768581629341,0.9764922451915956,0.9985935302390999,0.9874192306046472,0.9987906963264299,0.9986899188950423,0.8350684628931049,0.06069642578950152,0.012732300783682149,0.6682417578304012,0.6448261327932414,200368,200368,199728,144,66528,66528,66528
experiment_data\runs\20260102_201007_seed42_DoS_Hulk_w32-16_g5_k3\lut_sweeps_v2\seed2_L2_asymmetric_uint8_linear_closed_zero_spline_spline_component\eval\bs1_tt1_tn1\lut_report_unified.json,seed2_L2_asymmetric_uint8_linear_closed_zero_spline_spline_component,2,2,asymmetric,uint8,linear,closed,zero_spline,spline_component,1,1,1,0.9899491507086444,0.9843629673996749,0.9957156767283349,0.9900067768897304,0.9991061054136088,0.9990538477962826,0.9872552201666126,0.976450923555424,0.9985935302390999,0.9873981043668029,0.9987876623717362,0.9986874151208296,0.9872552201666126,0.976450923555424,0.9985935302390999,0.9873981043668029,0.9987876623717361,0.9986874150234953,145.88989199977368,7.383961600251496,0.02462620008736849,165.50199498888105,160.89683999307454,200368,200368,199728,144,66528,66528,66528
experiment_data\runs\20260102_201007_seed42_DoS_Hulk_w32-16_g5_k3\lut_sweeps_v2\seed2_L2_asymmetric_uint8_linear_closed_zero_spline_spline_component\eval\bs256_tt1_tn1\lut_report_unified.json,seed2_L2_asymmetric_uint8_linear_closed_zero_spline_spline_component,2,2,asymmetric,uint8,linear,closed,zero_spline,spline_component,256,1,1,0.9899491507086444,0.9843629673996749,0.9957156767283349,0.9900067768897304,0.9991061054136088,0.9990538477962826,0.9872552201666126,0.976450923555424,0.9985935302390999,0.9873981043668029,0.9987876623717362,0.9986874151208296,0.9872552201666126,0.976450923555424,0.9985935302390999,0.9873981043668029,0.9987876623717361,0.9986874150234953,0.8288006074144505,0.06631056835431082,0.01302453515563684,0.6690198047181184,0.6647706836702127,200368,200368,199728,144,66528,66528,66528
experiment_data\runs\20260102_201007_seed42_DoS_Hulk_w32-16_g5_k3\lut_sweeps_v2\seed2_L2_asymmetric_uint8_linear_half_open_clip_x_spline_component\eval\bs1_tt1_tn1\lut_report_unified.json,seed2_L2_asymmetric_uint8_linear_half_open_clip_x_spline_component,2,2,asymmetric,uint8,linear,half_open,clip_x,spline_component,1,1,1,0.9899491507086444,0.9843629673996749,0.9957156767283349,0.9900067768897304,0.9991061054136088,0.9990538477962826,0.9872768581629341,0.9764922451915956,0.9985935302390999,0.9874192306046472,0.9987906963264298,0.998689918666764,0.9872768581629341,0.9764922451915956,0.9985935302390999,0.9874192306046472,0.9987906963264298,0.9986899189700824,149.57786240056157,6.970228000544012,0.024268600158393383,161.5865649888292,160.3116799844429,200368,200368,199728,144,66528,66528,66528
experiment_data\runs\20260102_201007_seed42_DoS_Hulk_w32-16_g5_k3\lut_sweeps_v2\seed2_L2_asymmetric_uint8_linear_half_open_clip_x_spline_component\eval\bs256_tt1_tn1\lut_report_unified.json,seed2_L2_asymmetric_uint8_linear_half_open_clip_x_spline_component,2,2,asymmetric,uint8,linear,half_open,clip_x,spline_component,256,1,1,0.9899491507086444,0.9843629673996749,0.9957156767283349,0.9900067768897304,0.9991061054136088,0.9990538477962826,0.9872768581629341,0.9764922451915956,0.9985935302390999,0.9874192306046472,0.9987906963264298,0.998689918666764,0.9872768581629341,0.9764922451915956,0.9985935302390999,0.9874192306046472,0.9987906963264298,0.9986899189700824,0.820640749998347,0.06209134570781316,0.012924207030664547,0.6648658202720981,0.6536913086165441,200368,200368,199728,144,66528,66528,66528
experiment_data\runs\20260102_201007_seed42_DoS_Hulk_w32-16_g5_k3\lut_sweeps_v2\seed2_L2_asymmetric_uint8_linear_half_open_zero_spline_spline_component\eval\bs1_tt1_tn1\lut_report_unified.json,seed2_L2_asymmetric_uint8_linear_half_open_zero_spline_spline_component,2,2,asymmetric,uint8,linear,half_open,zero_spline,spline_component,1,1,1,0.9899491507086444,0.9843629673996749,0.9957156767283349,0.9900067768897304,0.9991061054136088,0.9990538477962826,0.9872552201666126,0.976450923555424,0.9985935302390999,0.9873981043668029,0.9987876623717362,0.9986874151208296,0.9872552201666126,0.976450923555424,0.9985935302390999,0.9873981043668029,0.9987876623717361,0.9986874150234953,146.57201759982854,7.642923399806023,0.025450000539422035,163.58929499983788,160.8075700001791,200368,200368,199728,144,66528,66528,66528
experiment_data\runs\20260102_201007_seed42_DoS_Hulk_w32-16_g5_k3\lut_sweeps_v2\seed2_L2_asymmetric_uint8_linear_half_open_zero_spline_spline_component\eval\bs256_tt1_tn1\lut_report_unified.json,seed2_L2_asymmetric_uint8_linear_half_open_zero_spline_spline_component,2,2,asymmetric,uint8,linear,half_open,zero_spline,spline_component,256,1,1,0.9899491507086444,0.9843629673996749,0.9957156767283349,0.9900067768897304,0.9991061054136088,0.9990538477962826,0.9872552201666126,0.976450923555424,0.9985935302390999,0.9873981043668029,0.9987876623717362,0.9986874151208296,0.9872552201666126,0.976450923555424,0.9985935302390999,0.9873981043668029,0.9987876623717361,0.9986874150234953,0.8326778710943472,0.06682921288302168,0.012836996093028574,0.6769854101548844,0.6468687694905384,200368,200368,199728,144,66528,66528,66528
experiment_data\runs\20260102_201007_seed42_DoS_Hulk_w32-16_g5_k3\lut_sweeps_v2\seed2_L2_symmetric_int8_linear_closed_clip_x_spline_component\eval\bs1_tt1_tn1\lut_report_unified.json,seed2_L2_symmetric_int8_linear_closed_clip_x_spline_component,2,2,symmetric,int8,linear,closed,clip_x,spline_component,1,1,1,0.9899491507086444,0.9843629673996749,0.9957156767283349,0.9900067768897304,0.9991061054136088,0.9990538477962826,0.9872876771610949,0.9765129073212019,0.9985935302390999,0.9874297940625836,0.9987923795158007,0.9986921577280977,0.9872876771610949,0.9765129073212019,0.9985935302390999,0.9874297940625836,0.9987923795158007,0.9986921565795928,146.80268859956414,6.772192199714482,0.024252000264823437,165.92672998085618,161.27973501570523,200368,200368,199728,144,66528,66528,66528
experiment_data\runs\20260102_201007_seed42_DoS_Hulk_w32-16_g5_k3\lut_sweeps_v2\seed2_L2_symmetric_int8_linear_closed_clip_x_spline_component\eval\bs256_tt1_tn1\lut_report_unified.json,seed2_L2_symmetric_int8_linear_closed_clip_x_spline_component,2,2,symmetric,int8,linear,closed,clip_x,spline_component,256,1,1,0.9899491507086444,0.9843629673996749,0.9957156767283349,0.9900067768897304,0.9991061054136088,0.9990538477962826,0.9872876771610949,0.9765129073212019,0.9985935302390999,0.9874297940625836,0.9987923795158007,0.9986921577280977,0.9872876771610949,0.9765129073212019,0.9985935302390999,0.9874297940625836,0.9987923795158007,0.9986921565795928,0.8260644902384229,0.06102136522713408,0.012888179689980461,0.6608574609344942,0.6321219140772882,200368,200368,199728,144,66528,66528,66528
experiment_data\runs\20260102_201007_seed42_DoS_Hulk_w32-16_g5_k3\lut_sweeps_v2\seed2_L2_symmetric_int8_linear_closed_zero_spline_spline_component\eval\bs1_tt1_tn1\lut_report_unified.json,seed2_L2_symmetric_int8_linear_closed_zero_spline_spline_component,2,2,symmetric,int8,linear,closed,zero_spline,spline_component,1,1,1,0.9899491507086444,0.9843629673996749,0.9957156767283349,0.9900067768897304,0.9991061054136088,0.9990538477962826,0.9872660391647733,0.9764715839363548,0.9985935302390999,0.9874086673727227,0.9987830051576411,0.9986822759064673,0.9872660391647733,0.9764715839363548,0.9985935302390999,0.9874086673727227,0.998783005157641,0.9986822748768288,145.95176120009273,7.405359400436282,0.024930600076913834,162.54853999707848,161.60852999892086,200368,200368,199728,144,66528,66528,66528
experiment_data\runs\20260102_201007_seed42_DoS_Hulk_w32-16_g5_k3\lut_sweeps_v2\seed2_L2_symmetric_int8_linear_closed_zero_spline_spline_component\eval\bs256_tt1_tn1\lut_report_unified.json,seed2_L2_symmetric_int8_linear_closed_zero_spline_spline_component,2,2,symmetric,int8,linear,closed,zero_spline,spline_component,256,1,1,0.9899491507086444,0.9843629673996749,0.9957156767283349,0.9900067768897304,0.9991061054136088,0.9990538477962826,0.9872660391647733,0.9764715839363548,0.9985935302390999,0.9874086673727227,0.9987830051576411,0.9986822759064673,0.9872660391647733,0.9764715839363548,0.9985935302390999,0.9874086673727227,0.998783005157641,0.9986822748768288,0.8330256113276846,0.06628649023696198,0.013051212890786701,0.6754281640496629,0.64051160161398,200368,200368,199728,144,66528,66528,66528
experiment_data\runs\20260102_201007_seed42_DoS_Hulk_w32-16_g5_k3\lut_sweeps_v2\seed2_L2_symmetric_int8_linear_half_open_clip_x_spline_component\eval\bs1_tt1_tn1\lut_report_unified.json,seed2_L2_symmetric_int8_linear_half_open_clip_x_spline_component,2,2,symmetric,int8,linear,half_open,clip_x,spline_component,1,1,1,0.9899491507086444,0.9843629673996749,0.9957156767283349,0.9900067768897304,0.9991061054136088,0.9990538477962826,0.9872876771610949,0.9765129073212019,0.9985935302390999,0.9874297940625836,0.9987923795158007,0.9986921580779206,0.9872876771610949,0.9765129073212019,0.9985935302390999,0.9874297940625836,0.9987923795158007,0.998692156658118,145.7933201994747,6.905449599958956,0.02428520005196333,161.67464999016374,161.0197100089863,200368,200368,199728,144,66528,66528,66528
experiment_data\runs\20260102_201007_seed42_DoS_Hulk_w32-16_g5_k3\lut_sweeps_v2\seed2_L2_symmetric_int8_linear_half_open_clip_x_spline_component\eval\bs256_tt1_tn1\lut_report_unified.json,seed2_L2_symmetric_int8_linear_half_open_clip_x_spline_component,2,2,symmetric,int8,linear,half_open,clip_x,spline_component,256,1,1,0.9899491507086444,0.9843629673996749,0.9957156767283349,0.9900067768897304,0.9991061054136088,0.9990538477962826,0.9872876771610949,0.9765129073212019,0.9985935302390999,0.9874297940625836,0.9987923795158007,0.9986921580779206,0.9872876771610949,0.9765129073212019,0.9985935302390999,0.9874297940625836,0.9987923795158007,0.998692156658118,0.8275777753897273,0.06161677149066236,0.013327382812349242,0.6681527539512899,0.6427247461033403,200368,200368,199728,144,66528,66528,66528
experiment_data\runs\20260102_201007_seed42_DoS_Hulk_w32-16_g5_k3\lut_sweeps_v2\seed2_L2_symmetric_int8_linear_half_open_zero_spline_spline_component\eval\bs1_tt1_tn1\lut_report_unified.json,seed2_L2_symmetric_int8_linear_half_open_zero_spline_spline_component,2,2,symmetric,int8,linear,half_open,zero_spline,spline_component,1,1,1,0.9899491507086444,0.9843629673996749,0.9957156767283349,0.9900067768897304,0.9991061054136088,0.9990538477962826,0.9872660391647733,0.9764715839363548,0.9985935302390999,0.9874086673727227,0.9987830051576411,0.9986822759064673,0.9872660391647733,0.9764715839363548,0.9985935302390999,0.9874086673727227,0.998783005157641,0.9986822748768288,146.43827200029045,7.595514200627804,0.025165999308228493,162.54320500884205,160.549209988676,200368,200368,199728,144,66528,66528,66528
experiment_data\runs\20260102_201007_seed42_DoS_Hulk_w32-16_g5_k3\lut_sweeps_v2\seed2_L2_symmetric_int8_linear_half_open_zero_spline_spline_component\eval\bs256_tt1_tn1\lut_report_unified.json,seed2_L2_symmetric_int8_linear_half_open_zero_spline_spline_component,2,2,symmetric,int8,linear,half_open,zero_spline,spline_component,256,1,1,0.9899491507086444,0.9843629673996749,0.9957156767283349,0.9900067768897304,0.9991061054136088,0.9990538477962826,0.9872660391647733,0.9764715839363548,0.9985935302390999,0.9874086673727227,0.9987830051576411,0.9986822759064673,0.9872660391647733,0.9764715839363548,0.9985935302390999,0.9874086673727227,0.998783005157641,0.9986822748768288,0.8284410625037708,0.06765211718629871,0.01315984961365757,0.6731338867211889,0.6362641992382123,200368,200368,199728,144,66528,66528,66528
experiment_data\runs\20260102_201007_seed42_DoS_Hulk_w32-16_g5_k3\lut_sweeps_v2\seed2_L32_asymmetric_uint8_linear_closed_clip_x_spline_component\eval\bs1_tt1_tn1\lut_report_unified.json,seed2_L32_asymmetric_uint8_linear_closed_clip_x_spline_component,2,32,asymmetric,uint8,linear,closed,clip_x,spline_component,1,1,1,0.9899491507086444,0.9843629673996749,0.9957156767283349,0.9900067768897304,0.9991061054136088,0.9990538477962826,0.9896894947527859,0.9837130765613645,0.9958671427025857,0.9897527983570069,0.9990972133044204,0.9990440119520669,0.9896894947527859,0.9837130765613645,0.9958671427025857,0.9897527983570069,0.9990972133044204,0.9990440119404309,145.11888560000807,6.727553999982774,0.026217599399387836,167.00798000674695,164.98807498719543,200368,200368,1197648,144,1064448,66528,66528
experiment_data\runs\20260102_201007_seed42_DoS_Hulk_w32-16_g5_k3\lut_sweeps_v2\seed2_L32_asymmetric_uint8_linear_closed_clip_x_spline_component\eval\bs256_tt1_tn1\lut_report_unified.json,seed2_L32_asymmetric_uint8_linear_closed_clip_x_spline_component,2,32,asymmetric,uint8,linear,closed,clip_x,spline_component,256,1,1,0.9899491507086444,0.9843629673996749,0.9957156767283349,0.9900067768897304,0.9991061054136088,0.9990538477962826,0.9896894947527859,0.9837130765613645,0.9958671427025857,0.9897527983570069,0.9990972133044204,0.9990440119520669,0.9896894947527859,0.9837130765613645,0.9958671427025857,0.9897527983570069,0.9990972133044204,0.9990440119404309,0.825581791013974,0.06128767773589061,0.01339606249530334,0.6943403514924285,0.6676331639937416,200368,200368,1197648,144,1064448,66528,66528
experiment_data\runs\20260102_201007_seed42_DoS_Hulk_w32-16_g5_k3\lut_sweeps_v2\seed2_L32_asymmetric_uint8_linear_closed_zero_spline_spline_component\eval\bs1_tt1_tn1\lut_report_unified.json,seed2_L32_asymmetric_uint8_linear_closed_zero_spline_spline_component,2,32,asymmetric,uint8,linear,closed,zero_spline,spline_component,1,1,1,0.9899491507086444,0.9843629673996749,0.9957156767283349,0.9900067768897304,0.9991061054136088,0.9990538477962826,0.9896894947527859,0.9837130765613645,0.9958671427025857,0.9897527983570069,0.9990972114316088,0.9990440096513415,0.9896894947527859,0.9837130765613645,0.9958671427025857,0.9897527983570069,0.9990972114316088,0.9990440094887325,147.41366000007838,7.510879000648856,0.025265200063586235,170.35586000420153,166.58534000162035,200368,200368,1197648,144,1064448,66528,66528
experiment_data\runs\20260102_201007_seed42_DoS_Hulk_w32-16_g5_k3\lut_sweeps_v2\seed2_L32_asymmetric_uint8_linear_closed_zero_spline_spline_component\eval\bs256_tt1_tn1\lut_report_unified.json,seed2_L32_asymmetric_uint8_linear_closed_zero_spline_spline_component,2,32,asymmetric,uint8,linear,closed,zero_spline,spline_component,256,1,1,0.9899491507086444,0.9843629673996749,0.9957156767283349,0.9900067768897304,0.9991061054136088,0.9990538477962826,0.9896894947527859,0.9837130765613645,0.9958671427025857,0.9897527983570069,0.9990972114316088,0.9990440096513415,0.9896894947527859,0.9837130765613645,0.9958671427025857,0.9897527983570069,0.9990972114316088,0.9990440094887325,0.8373259648396925,0.06537365038639109,0.013545855472330004,0.6990055273490725,0.6625089453336841,200368,200368,1197648,144,1064448,66528,66528
experiment_data\runs\20260102_201007_seed42_DoS_Hulk_w32-16_g5_k3\lut_sweeps_v2\seed2_L32_asymmetric_uint8_linear_half_open_clip_x_spline_component\eval\bs1_tt1_tn1\lut_report_unified.json,seed2_L32_asymmetric_uint8_linear_half_open_clip_x_spline_component,2,32,asymmetric,uint8,linear,half_open,clip_x,spline_component,1,1,1,0.9899491507086444,0.9843629673996749,0.9957156767283349,0.9900067768897304,0.9991061054136088,0.9990538477962826,0.9896894947527859,0.9837130765613645,0.9958671427025857,0.9897527983570069,0.9990972133044204,0.9990440119520669,0.9896894947527859,0.9837130765613645,0.9958671427025857,0.9897527983570069,0.9990972133044204,0.9990440119404309,148.56403800006956,6.949525600299239,0.025335200130939484,169.53689500223845,166.363045014441,200368,200368,1197648,144,1064448,66528,66528
experiment_data\runs\20260102_201007_seed42_DoS_Hulk_w32-16_g5_k3\lut_sweeps_v2\seed2_L32_asymmetric_uint8_linear_half_open_clip_x_spline_component\eval\bs256_tt1_tn1\lut_report_unified.json,seed2_L32_asymmetric_uint8_linear_half_open_clip_x_spline_component,2,32,asymmetric,uint8,linear,half_open,clip_x,spline_component,256,1,1,0.9899491507086444,0.9843629673996749,0.9957156767283349,0.9900067768897304,0.9991061054136088,0.9990538477962826,0.9896894947527859,0.9837130765613645,0.9958671427025857,0.9897527983570069,0.9990972133044204,0.9990440119520669,0.9896894947527859,0.9837130765613645,0.9958671427025857,0.9897527983570069,0.9990972133044204,0.9990440119404309,0.8292234824239131,0.06220989844223368,0.013700037106900709,0.6871438671623764,0.6642488476245489,200368,200368,1197648,144,1064448,66528,66528
experiment_data\runs\20260102_201007_seed42_DoS_Hulk_w32-16_g5_k3\lut_sweeps_v2\seed2_L32_asymmetric_uint8_linear_half_open_zero_spline_spline_component\eval\bs1_tt1_tn1\lut_report_unified.json,seed2_L32_asymmetric_uint8_linear_half_open_zero_spline_spline_component,2,32,asymmetric,uint8,linear,half_open,zero_spline,spline_component,1,1,1,0.9899491507086444,0.9843629673996749,0.9957156767283349,0.9900067768897304,0.9991061054136088,0.9990538477962826,0.9896894947527859,0.9837130765613645,0.9958671427025857,0.9897527983570069,0.9990972114316088,0.9990440096513415,0.9896894947527859,0.9837130765613645,0.9958671427025857,0.9897527983570069,0.9990972114316088,0.9990440094887325,146.2563620004803,7.688927800394595,0.025223799981176853,169.8782549938187,170.5562749877572,200368,200368,1197648,144,1064448,66528,66528
experiment_data\runs\20260102_201007_seed42_DoS_Hulk_w32-16_g5_k3\lut_sweeps_v2\seed2_L32_asymmetric_uint8_linear_half_open_zero_spline_spline_component\eval\bs256_tt1_tn1\lut_report_unified.json,seed2_L32_asymmetric_uint8_linear_half_open_zero_spline_spline_component,2,32,asymmetric,uint8,linear,half_open,zero_spline,spline_component,256,1,1,0.9899491507086444,0.9843629673996749,0.9957156767283349,0.9900067768897304,0.9991061054136088,0.9990538477962826,0.9896894947527859,0.9837130765613645,0.9958671427025857,0.9897527983570069,0.9990972114316088,0.9990440096513415,0.9896894947527859,0.9837130765613645,0.9958671427025857,0.9897527983570069,0.9990972114316088,0.9990440094887325,0.8339714335943427,0.06713911719089083,0.013662933597515803,0.7159739843700663,0.6713869531267846,200368,200368,1197648,144,1064448,66528,66528
experiment_data\runs\20260102_201007_seed42_DoS_Hulk_w32-16_g5_k3\lut_sweeps_v2\seed2_L32_symmetric_int8_linear_closed_clip_x_spline_component\eval\bs1_tt1_tn1\lut_report_unified.json,seed2_L32_symmetric_int8_linear_closed_clip_x_spline_component,2,32,symmetric,int8,linear,closed,clip_x,spline_component,1,1,1,0.9899491507086444,0.9843629673996749,0.9957156767283349,0.9900067768897304,0.9991061054136088,0.9990538477962826,0.9896894947527859,0.9837130765613645,0.9958671427025857,0.9897527983570069,0.9990969145909799,0.9990436473518178,0.9896894947527859,0.9837130765613645,0.9958671427025857,0.9897527983570069,0.99909691459098,0.9990436474513973,148.17502839956433,6.668255200609565,0.02600520011037588,166.00711999926716,164.1390500124544,200368,200368,1197648,144,1064448,66528,66528
experiment_data\runs\20260102_201007_seed42_DoS_Hulk_w32-16_g5_k3\lut_sweeps_v2\seed2_L32_symmetric_int8_linear_closed_clip_x_spline_component\eval\bs256_tt1_tn1\lut_report_unified.json,seed2_L32_symmetric_int8_linear_closed_clip_x_spline_component,2,32,symmetric,int8,linear,closed,clip_x,spline_component,256,1,1,0.9899491507086444,0.9843629673996749,0.9957156767283349,0.9900067768897304,0.9991061054136088,0.9990538477962826,0.9896894947527859,0.9837130765613645,0.9958671427025857,0.9897527983570069,0.9990969145909799,0.9990436473518178,0.9896894947527859,0.9837130765613645,0.9958671427025857,0.9897527983570069,0.99909691459098,0.9990436474513973,0.8288239531248109,0.060672986328427214,0.0135977246100083,0.6899059570059762,0.658540683616593,200368,200368,1197648,144,1064448,66528,66528
experiment_data\runs\20260102_201007_seed42_DoS_Hulk_w32-16_g5_k3\lut_sweeps_v2\seed2_L32_symmetric_int8_linear_closed_zero_spline_spline_component\eval\bs1_tt1_tn1\lut_report_unified.json,seed2_L32_symmetric_int8_linear_closed_zero_spline_spline_component,2,32,symmetric,int8,linear,closed,zero_spline,spline_component,1,1,1,0.9899491507086444,0.9843629673996749,0.9957156767283349,0.9900067768897304,0.9991061054136088,0.9990538477962826,0.9896894947527859,0.9837130765613645,0.9958671427025857,0.9897527983570069,0.9990969145909799,0.9990436473518178,0.9896894947527859,0.9837130765613645,0.9958671427025857,0.9897527983570069,0.99909691459098,0.9990436474513973,146.44864859990776,7.426412399858236,0.0263709994032979,167.29799499735236,163.85742500424385,200368,200368,1197648,144,1064448,66528,66528
experiment_data\runs\20260102_201007_seed42_DoS_Hulk_w32-16_g5_k3\lut_sweeps_v2\seed2_L32_symmetric_int8_linear_closed_zero_spline_spline_component\eval\bs256_tt1_tn1\lut_report_unified.json,seed2_L32_symmetric_int8_linear_closed_zero_spline_spline_component,2,32,symmetric,int8,linear,closed,zero_spline,spline_component,256,1,1,0.9899491507086444,0.9843629673996749,0.9957156767283349,0.9900067768897304,0.9991061054136088,0.9990538477962826,0.9896894947527859,0.9837130765613645,0.9958671427025857,0.9897527983570069,0.9990969145909799,0.9990436473518178,0.9896894947527859,0.9837130765613645,0.9958671427025857,0.9897527983570069,0.99909691459098,0.9990436474513973,0.8279771855541185,0.06661816601081227,0.013811558592351503,0.7248851758049568,0.6745350195160427,200368,200368,1197648,144,1064448,66528,66528
experiment_data\runs\20260102_201007_seed42_DoS_Hulk_w32-16_g5_k3\lut_sweeps_v2\seed2_L32_symmetric_int8_linear_half_open_clip_x_spline_component\eval\bs1_tt1_tn1\lut_report_unified.json,seed2_L32_symmetric_int8_linear_half_open_clip_x_spline_component,2,32,symmetric,int8,linear,half_open,clip_x,spline_component,1,1,1,0.9899491507086444,0.9843629673996749,0.9957156767283349,0.9900067768897304,0.9991061054136088,0.9990538477962826,0.9896894947527859,0.9837130765613645,0.9958671427025857,0.9897527983570069,0.9990969145909799,0.9990436473518178,0.9896894947527859,0.9837130765613645,0.9958671427025857,0.9897527983570069,0.99909691459098,0.9990436474513973,150.72217280045152,7.035396399907768,0.02625880017876625,168.16578500438482,165.02686000894755,200368,200368,1197648,144,1064448,66528,66528
experiment_data\runs\20260102_201007_seed42_DoS_Hulk_w32-16_g5_k3\lut_sweeps_v2\seed2_L32_symmetric_int8_linear_half_open_clip_x_spline_component\eval\bs256_tt1_tn1\lut_report_unified.json,seed2_L32_symmetric_int8_linear_half_open_clip_x_spline_component,2,32,symmetric,int8,linear,half_open,clip_x,spline_component,256,1,1,0.9899491507086444,0.9843629673996749,0.9957156767283349,0.9900067768897304,0.9991061054136088,0.9990538477962826,0.9896894947527859,0.9837130765613645,0.9958671427025857,0.9897527983570069,0.9990969145909799,0.9990436473518178,0.9896894947527859,0.9837130765613645,0.9958671427025857,0.9897527983570069,0.99909691459098,0.9990436474513973,0.8343828476608905,0.06384010156580189,0.01420994140971743,0.6900832812789304,0.6607801758036658,200368,200368,1197648,144,1064448,66528,66528
experiment_data\runs\20260102_201007_seed42_DoS_Hulk_w32-16_g5_k3\lut_sweeps_v2\seed2_L32_symmetric_int8_linear_half_open_zero_spline_spline_component\eval\bs1_tt1_tn1\lut_report_unified.json,seed2_L32_symmetric_int8_linear_half_open_zero_spline_spline_component,2,32,symmetric,int8,linear,half_open,zero_spline,spline_component,1,1,1,0.9899491507086444,0.9843629673996749,0.9957156767283349,0.9900067768897304,0.9991061054136088,0.9990538477962826,0.9896894947527859,0.9837130765613645,0.9958671427025857,0.9897527983570069,0.9990969145909799,0.9990436473518178,0.9896894947527859,0.9837130765613645,0.9958671427025857,0.9897527983570069,0.99909691459098,0.9990436474513973,145.13578240014613,7.604384999722242,0.02605659980326891,171.85577498748899,166.9609800213948,200368,200368,1197648,144,1064448,66528,66528
experiment_data\runs\20260102_201007_seed42_DoS_Hulk_w32-16_g5_k3\lut_sweeps_v2\seed2_L32_symmetric_int8_linear_half_open_zero_spline_spline_component\eval\bs256_tt1_tn1\lut_report_unified.json,seed2_L32_symmetric_int8_linear_half_open_zero_spline_spline_component,2,32,symmetric,int8,linear,half_open,zero_spline,spline_component,256,1,1,0.9899491507086444,0.9843629673996749,0.9957156767283349,0.9900067768897304,0.9991061054136088,0.9990538477962826,0.9896894947527859,0.9837130765613645,0.9958671427025857,0.9897527983570069,0.9990969145909799,0.9990436473518178,0.9896894947527859,0.9837130765613645,0.9958671427025857,0.9897527983570069,0.99909691459098,0.9990436474513973,0.8300376093757222,0.06676258008155855,0.013815751954098232,0.6917584765687934,0.6549977539179963,200368,200368,1197648,144,1064448,66528,66528
experiment_data\runs\20260102_201007_seed42_DoS_Hulk_w32-16_g5_k3\lut_sweeps_v2\seed2_L4_asymmetric_uint8_linear_closed_clip_x_spline_component\eval\bs1_tt1_tn1\lut_report_unified.json,seed2_L4_asymmetric_uint8_linear_closed_clip_x_spline_component,2,4,asymmetric,uint8,linear,closed,clip_x,spline_component,1,1,1,0.9899491507086444,0.9843629673996749,0.9957156767283349,0.9900067768897304,0.9991061054136088,0.9990538477962826,0.9886184139348696,0.9802837271625157,0.9972952504598074,0.9887163205766261,0.9989403569103568,0.9988634639096444,0.9886184139348696,0.9802837271625157,0.9972952504598074,0.9887163205766261,0.9989403566762552,0.9988634629861519,146.05862899962813,6.718513200059533,0.025968200527131557,163.79416501149535,161.87243000604212,200368,200368,266256,144,133056,66528,66528
experiment_data\runs\20260102_201007_seed42_DoS_Hulk_w32-16_g5_k3\lut_sweeps_v2\seed2_L4_asymmetric_uint8_linear_closed_clip_x_spline_component\eval\bs256_tt1_tn1\lut_report_unified.json,seed2_L4_asymmetric_uint8_linear_closed_clip_x_spline_component,2,4,asymmetric,uint8,linear,closed,clip_x,spline_component,256,1,1,0.9899491507086444,0.9843629673996749,0.9957156767283349,0.9900067768897304,0.9991061054136088,0.9990538477962826,0.9886184139348696,0.9802837271625157,0.9972952504598074,0.9887163205766261,0.9989403569103568,0.9988634639096444,0.9886184139348696,0.9802837271625157,0.9972952504598074,0.9887163205766261,0.9989403566762552,0.9988634629861519,0.8236312636745424,0.06450031054555438,0.013338833987290855,0.6726711328155943,0.6573493554242305,200368,200368,266256,144,133056,66528,66528
experiment_data\runs\20260102_201007_seed42_DoS_Hulk_w32-16_g5_k3\lut_sweeps_v2\seed2_L4_asymmetric_uint8_linear_closed_zero_spline_spline_component\eval\bs1_tt1_tn1\lut_report_unified.json,seed2_L4_asymmetric_uint8_linear_closed_zero_spline_spline_component,2,4,asymmetric,uint8,linear,closed,zero_spline,spline_component,1,1,1,0.9899491507086444,0.9843629673996749,0.9957156767283349,0.9900067768897304,0.9991061054136088,0.9990538477962826,0.9886184139348696,0.9802837271625157,0.9972952504598074,0.9887163205766261,0.9989393163294452,0.9988621728749844,0.9886184139348696,0.9802837271625157,0.9972952504598074,0.9887163205766261,0.998939319840967,0.9988621815030558,145.69584580045193,7.417435799725354,0.024741199798882008,164.0380049822852,163.38109499774873,200368,200368,266256,144,133056,66528,66528
experiment_data\runs\20260102_201007_seed42_DoS_Hulk_w32-16_g5_k3\lut_sweeps_v2\seed2_L4_asymmetric_uint8_linear_closed_zero_spline_spline_component\eval\bs256_tt1_tn1\lut_report_unified.json,seed2_L4_asymmetric_uint8_linear_closed_zero_spline_spline_component,2,4,asymmetric,uint8,linear,closed,zero_spline,spline_component,256,1,1,0.9899491507086444,0.9843629673996749,0.9957156767283349,0.9900067768897304,0.9991061054136088,0.9990538477962826,0.9886184139348696,0.9802837271625157,0.9972952504598074,0.9887163205766261,0.9989393163294452,0.9988621728749844,0.9886184139348696,0.9802837271625157,0.9972952504598074,0.9887163205766261,0.998939319840967,0.9988621815030558,0.8251396093783114,0.06499815624920302,0.01295970898354426,0.6781299218346248,0.6710111132633756,200368,200368,266256,144,133056,66528,66528
experiment_data\runs\20260102_201007_seed42_DoS_Hulk_w32-16_g5_k3\lut_sweeps_v2\seed2_L4_asymmetric_uint8_linear_half_open_clip_x_spline_component\eval\bs1_tt1_tn1\lut_report_unified.json,seed2_L4_asymmetric_uint8_linear_half_open_clip_x_spline_component,2,4,asymmetric,uint8,linear,half_open,clip_x,spline_component,1,1,1,0.9899491507086444,0.9843629673996749,0.9957156767283349,0.9900067768897304,0.9991061054136088,0.9990538477962826,0.9886184139348696,0.9802837271625157,0.9972952504598074,0.9887163205766261,0.9989403569103568,0.9988634639096443,0.9886184139348696,0.9802837271625157,0.9972952504598074,0.9887163205766261,0.9989403566762554,0.9988634630043962,145.96653639990836,6.950580200180411,0.025397200137376785,162.28464499581605,160.68109499756247,200368,200368,266256,144,133056,66528,66528
experiment_data\runs\20260102_201007_seed42_DoS_Hulk_w32-16_g5_k3\lut_sweeps_v2\seed2_L4_asymmetric_uint8_linear_half_open_clip_x_spline_component\eval\bs256_tt1_tn1\lut_report_unified.json,seed2_L4_asymmetric_uint8_linear_half_open_clip_x_spline_component,2,4,asymmetric,uint8,linear,half_open,clip_x,spline_component,256,1,1,0.9899491507086444,0.9843629673996749,0.9957156767283349,0.9900067768897304,0.9991061054136088,0.9990538477962826,0.9886184139348696,0.9802837271625157,0.9972952504598074,0.9887163205766261,0.9989403569103568,0.9988634639096443,0.9886184139348696,0.9802837271625157,0.9972952504598074,0.9887163205766261,0.9989403566762554,0.9988634630043962,0.8548752167916973,0.0614045605470892,0.012949072270203033,0.6700143750094867,0.6420197851184639,200368,200368,266256,144,133056,66528,66528
experiment_data\runs\20260102_201007_seed42_DoS_Hulk_w32-16_g5_k3\lut_sweeps_v2\seed2_L4_asymmetric_uint8_linear_half_open_zero_spline_spline_component\eval\bs1_tt1_tn1\lut_report_unified.json,seed2_L4_asymmetric_uint8_linear_half_open_zero_spline_spline_component,2,4,asymmetric,uint8,linear,half_open,zero_spline,spline_component,1,1,1,0.9899491507086444,0.9843629673996749,0.9957156767283349,0.9900067768897304,0.9991061054136088,0.9990538477962826,0.9886184139348696,0.9802837271625157,0.9972952504598074,0.9887163205766261,0.9989393163294452,0.9988621728749844,0.9886184139348696,0.9802837271625157,0.9972952504598074,0.9887163205766261,0.998939319840967,0.9988621815030558,145.92660639993846,7.741682600229979,0.025170800276100636,164.24404000863433,162.60703499428928,200368,200368,266256,144,133056,66528,66528
experiment_data\runs\20260102_201007_seed42_DoS_Hulk_w32-16_g5_k3\lut_sweeps_v2\seed2_L4_asymmetric_uint8_linear_half_open_zero_spline_spline_component\eval\bs256_tt1_tn1\lut_report_unified.json,seed2_L4_asymmetric_uint8_linear_half_open_zero_spline_spline_component,2,4,asymmetric,uint8,linear,half_open,zero_spline,spline_component,256,1,1,0.9899491507086444,0.9843629673996749,0.9957156767283349,0.9900067768897304,0.9991061054136088,0.9990538477962826,0.9886184139348696,0.9802837271625157,0.9972952504598074,0.9887163205766261,0.9989393163294452,0.9988621728749844,0.9886184139348696,0.9802837271625157,0.9972952504598074,0.9887163205766261,0.998939319840967,0.9988621815030558,0.8347354433590226,0.06690901171168662,0.01295926952479931,0.6787473437725566,0.6405125195669825,200368,200368,266256,144,133056,66528,66528
experiment_data\runs\20260102_201007_seed42_DoS_Hulk_w32-16_g5_k3\lut_sweeps_v2\seed2_L4_symmetric_int8_linear_closed_clip_x_spline_component\eval\bs1_tt1_tn1\lut_report_unified.json,seed2_L4_symmetric_int8_linear_closed_clip_x_spline_component,2,4,symmetric,int8,linear,closed,clip_x,spline_component,1,1,1,0.9899491507086444,0.9843629673996749,0.9957156767283349,0.9900067768897304,0.9991061054136088,0.9990538477962826,0.9886184139348696,0.9802837271625157,0.9972952504598074,0.9887163205766261,0.998937350345532,0.9988597969634264,0.9886184139348696,0.9802837271625157,0.9972952504598074,0.9887163205766261,0.9989373491750247,0.9988597968872014,146.55141599942,6.688486999832094,0.024945199489593506,162.19872499350458,164.00612997822464,200368,200368,266256,144,133056,66528,66528
experiment_data\runs\20260102_201007_seed42_DoS_Hulk_w32-16_g5_k3\lut_sweeps_v2\seed2_L4_symmetric_int8_linear_closed_clip_x_spline_component\eval\bs256_tt1_tn1\lut_report_unified.json,seed2_L4_symmetric_int8_linear_closed_clip_x_spline_component,2,4,symmetric,int8,linear,closed,clip_x,spline_component,256,1,1,0.9899491507086444,0.9843629673996749,0.9957156767283349,0.9900067768897304,0.9991061054136088,0.9990538477962826,0.9886184139348696,0.9802837271625157,0.9972952504598074,0.9887163205766261,0.998937350345532,0.9988597969634264,0.9886184139348696,0.9802837271625157,0.9972952504598074,0.9887163205766261,0.9989373491750247,0.9988597968872014,0.8487523710937239,0.06092151562370418,0.012922996093038819,0.6671835937595461,0.6403586718988663,200368,200368,266256,144,133056,66528,66528
experiment_data\runs\20260102_201007_seed42_DoS_Hulk_w32-16_g5_k3\lut_sweeps_v2\seed2_L4_symmetric_int8_linear_closed_zero_spline_spline_component\eval\bs1_tt1_tn1\lut_report_unified.json,seed2_L4_symmetric_int8_linear_closed_zero_spline_spline_component,2,4,symmetric,int8,linear,closed,zero_spline,spline_component,1,1,1,0.9899491507086444,0.9843629673996749,0.9957156767283349,0.9900067768897304,0.9991061054136088,0.9990538477962826,0.9886184139348696,0.9802837271625157,0.9972952504598074,0.9887163205766261,0.9989368554550826,0.9988591999195945,0.9886184139348696,0.9802837271625157,0.9972952504598074,0.9887163205766261,0.9989368570937929,0.9988592032409912,147.1634503994137,7.58776200003922,0.024810200557112694,164.6457500057295,162.12806499097496,200368,200368,266256,144,133056,66528,66528
experiment_data\runs\20260102_201007_seed42_DoS_Hulk_w32-16_g5_k3\lut_sweeps_v2\seed2_L4_symmetric_int8_linear_closed_zero_spline_spline_component\eval\bs256_tt1_tn1\lut_report_unified.json,seed2_L4_symmetric_int8_linear_closed_zero_spline_spline_component,2,4,symmetric,int8,linear,closed,zero_spline,spline_component,256,1,1,0.9899491507086444,0.9843629673996749,0.9957156767283349,0.9900067768897304,0.9991061054136088,0.9990538477962826,0.9886184139348696,0.9802837271625157,0.9972952504598074,0.9887163205766261,0.9989368554550826,0.9988591999195945,0.9886184139348696,0.9802837271625157,0.9972952504598074,0.9887163205766261,0.9989368570937929,0.9988592032409912,0.8321944042927498,0.06672533593700791,0.012959675786987646,0.6827938476817508,0.6413800781956525,200368,200368,266256,144,133056,66528,66528
experiment_data\runs\20260102_201007_seed42_DoS_Hulk_w32-16_g5_k3\lut_sweeps_v2\seed2_L4_symmetric_int8_linear_half_open_clip_x_spline_component\eval\bs1_tt1_tn1\lut_report_unified.json,seed2_L4_symmetric_int8_linear_half_open_clip_x_spline_component,2,4,symmetric,int8,linear,half_open,clip_x,spline_component,1,1,1,0.9899491507086444,0.9843629673996749,0.9957156767283349,0.9900067768897304,0.9991061054136088,0.9990538477962826,0.9886184139348696,0.9802837271625157,0.9972952504598074,0.9887163205766261,0.998937350345532,0.9988597969634265,0.9886184139348696,0.9802837271625157,0.9972952504598074,0.9887163205766261,0.9989373491750247,0.9988597968049432,145.35975840035826,7.033480799756944,0.025870599783957005,162.3194850049913,160.4621300008148,200368,200368,266256,144,133056,66528,66528
experiment_data\runs\20260102_201007_seed42_DoS_Hulk_w32-16_g5_k3\lut_sweeps_v2\seed2_L4_symmetric_int8_linear_half_open_clip_x_spline_component\eval\bs256_tt1_tn1\lut_report_unified.json,seed2_L4_symmetric_int8_linear_half_open_clip_x_spline_component,2,4,symmetric,int8,linear,half_open,clip_x,spline_component,256,1,1,0.9899491507086444,0.9843629673996749,0.9957156767283349,0.9900067768897304,0.9991061054136088,0.9990538477962826,0.9886184139348696,0.9802837271625157,0.9972952504598074,0.9887163205766261,0.998937350345532,0.9988597969634265,0.9886184139348696,0.9802837271625157,0.9972952504598074,0.9887163205766261,0.9989373491750247,0.9988597968049432,0.8325327929651394,0.06179114257065521,0.013295046883285977,0.6749332226718252,0.6587826953364129,200368,200368,266256,144,133056,66528,66528
experiment_data\runs\20260102_201007_seed42_DoS_Hulk_w32-16_g5_k3\lut_sweeps_v2\seed2_L4_symmetric_int8_linear_half_open_zero_spline_spline_component\eval\bs1_tt1_tn1\lut_report_unified.json,seed2_L4_symmetric_int8_linear_half_open_zero_spline_spline_component,2,4,symmetric,int8,linear,half_open,zero_spline,spline_component,1,1,1,0.9899491507086444,0.9843629673996749,0.9957156767283349,0.9900067768897304,0.9991061054136088,0.9990538477962826,0.9886184139348696,0.9802837271625157,0.9972952504598074,0.9887163205766261,0.9989368554550826,0.9988591999195945,0.9886184139348696,0.9802837271625157,0.9972952504598074,0.9887163205766261,0.9989368570937929,0.9988592032409912,147.46925079915673,7.61392439994961,0.024701399728655815,166.02811000775546,163.0144549999386,200368,200368,266256,144,133056,66528,66528
experiment_data\runs\20260102_201007_seed42_DoS_Hulk_w32-16_g5_k3\lut_sweeps_v2\seed2_L4_symmetric_int8_linear_half_open_zero_spline_spline_component\eval\bs256_tt1_tn1\lut_report_unified.json,seed2_L4_symmetric_int8_linear_half_open_zero_spline_spline_component,2,4,symmetric,int8,linear,half_open,zero_spline,spline_component,256,1,1,0.9899491507086444,0.9843629673996749,0.9957156767283349,0.9900067768897304,0.9991061054136088,0.9990538477962826,0.9886184139348696,0.9802837271625157,0.9972952504598074,0.9887163205766261,0.9989368554550826,0.9988591999195945,0.9886184139348696,0.9802837271625157,0.9972952504598074,0.9887163205766261,0.9989368570937929,0.9988592032409912,0.8320806210940646,0.06790856640691345,0.012935591794303036,0.6821059374487959,0.646525449155888,200368,200368,266256,144,133056,66528,66528
experiment_data\runs\20260102_201007_seed42_DoS_Hulk_w32-16_g5_k3\lut_sweeps_v2\seed2_L64_asymmetric_uint8_linear_closed_clip_x_spline_component\eval\bs1_tt1_tn1\lut_report_unified.json,seed2_L64_asymmetric_uint8_linear_closed_clip_x_spline_component,2,64,asymmetric,uint8,linear,closed,clip_x,spline_component,1,1,1,0.9899491507086444,0.9843629673996749,0.9957156767283349,0.9900067768897304,0.9991061054136088,0.9990538477962826,0.9897760467380721,0.984005474062353,0.9957373147246565,0.9898366332906723,0.9991011429312325,0.9990482644729201,0.9897760467380721,0.984005474062353,0.9957373147246565,0.9898366332906723,0.9991011429312325,0.9990482639045043,143.91687580011785,6.795522400178015,0.02637020032852888,174.7743400046602,172.58323999121785,200368,200368,2262096,144,2128896,66528,66528
experiment_data\runs\20260102_201007_seed42_DoS_Hulk_w32-16_g5_k3\lut_sweeps_v2\seed2_L64_asymmetric_uint8_linear_closed_clip_x_spline_component\eval\bs256_tt1_tn1\lut_report_unified.json,seed2_L64_asymmetric_uint8_linear_closed_clip_x_spline_component,2,64,asymmetric,uint8,linear,closed,clip_x,spline_component,256,1,1,0.9899491507086444,0.9843629673996749,0.9957156767283349,0.9900067768897304,0.9991061054136088,0.9990538477962826,0.9897760467380721,0.984005474062353,0.9957373147246565,0.9898366332906723,0.9991011429312325,0.9990482644729201,0.9897760467380721,0.984005474062353,0.9957373147246565,0.9898366332906723,0.9991011429312325,0.9990482639045043,0.8172888281205815,0.061453240232367534,0.013830546877215966,0.6994647851570335,0.6735096680131392,200368,200368,2262096,144,2128896,66528,66528
experiment_data\runs\20260102_201007_seed42_DoS_Hulk_w32-16_g5_k3\lut_sweeps_v2\seed2_L64_asymmetric_uint8_linear_closed_zero_spline_spline_component\eval\bs1_tt1_tn1\lut_report_unified.json,seed2_L64_asymmetric_uint8_linear_closed_zero_spline_spline_component,2,64,asymmetric,uint8,linear,closed,zero_spline,spline_component,1,1,1,0.9899491507086444,0.9843629673996749,0.9957156767283349,0.9900067768897304,0.9991061054136088,0.9990538477962826,0.9897760467380721,0.984005474062353,0.9957373147246565,0.9898366332906723,0.9991011431653342,0.9990482640862565,0.9897760467380721,0.984005474062353,0.9957373147246565,0.9898366332906723,0.9991011429312325,0.9990482639507116,147.14353740029037,7.658129200339317,0.025937200523912907,172.28568999562413,169.44663499016315,200368,200368,2262096,144,2128896,66528,66528
experiment_data\runs\20260102_201007_seed42_DoS_Hulk_w32-16_g5_k3\lut_sweeps_v2\seed2_L64_asymmetric_uint8_linear_closed_zero_spline_spline_component\eval\bs256_tt1_tn1\lut_report_unified.json,seed2_L64_asymmetric_uint8_linear_closed_zero_spline_spline_component,2,64,asymmetric,uint8,linear,closed,zero_spline,spline_component,256,1,1,0.9899491507086444,0.9843629673996749,0.9957156767283349,0.9900067768897304,0.9991061054136088,0.9990538477962826,0.9897760467380721,0.984005474062353,0.9957373147246565,0.9898366332906723,0.9991011431653342,0.9990482640862565,0.9897760467380721,0.984005474062353,0.9957373147246565,0.9898366332906723,0.9991011429312325,0.9990482639507116,0.8300647480518819,0.06590585547201044,0.013872037106921198,0.7206486523500644,0.6769611914023699,200368,200368,2262096,144,2128896,66528,66528
experiment_data\runs\20260102_201007_seed42_DoS_Hulk_w32-16_g5_k3\lut_sweeps_v2\seed2_L64_asymmetric_uint8_linear_half_open_clip_x_spline_component\eval\bs1_tt1_tn1\lut_report_unified.json,seed2_L64_asymmetric_uint8_linear_half_open_clip_x_spline_component,2,64,asymmetric,uint8,linear,half_open,clip_x,spline_component,1,1,1,0.9899491507086444,0.9843629673996749,0.9957156767283349,0.9900067768897304,0.9991061054136088,0.9990538477962826,0.9897760467380721,0.984005474062353,0.9957373147246565,0.9898366332906723,0.9991011429312325,0.9990482644729201,0.9897760467380721,0.984005474062353,0.9957373147246565,0.9898366332906723,0.9991011429312325,0.9990482639045043,146.74493899941444,6.989926199428737,0.02585760038346052,171.26154501456767,168.31914000213146,200368,200368,2262096,144,2128896,66528,66528
experiment_data\runs\20260102_201007_seed42_DoS_Hulk_w32-16_g5_k3\lut_sweeps_v2\seed2_L64_asymmetric_uint8_linear_half_open_clip_x_spline_component\eval\bs256_tt1_tn1\lut_report_unified.json,seed2_L64_asymmetric_uint8_linear_half_open_clip_x_spline_component,2,64,asymmetric,uint8,linear,half_open,clip_x,spline_component,256,1,1,0.9899491507086444,0.9843629673996749,0.9957156767283349,0.9900067768897304,0.9991061054136088,0.9990538477962826,0.9897760467380721,0.984005474062353,0.9957373147246565,0.9898366332906723,0.9991011429312325,0.9990482644729201,0.9897760467380721,0.984005474062353,0.9957373147246565,0.9898366332906723,0.9991011429312325,0.9990482639045043,0.8264760820293304,0.06198326563207957,0.013796179691780708,0.7009992968960432,0.671594843697676,200368,200368,2262096,144,2128896,66528,66528
experiment_data\runs\20260102_201007_seed42_DoS_Hulk_w32-16_g5_k3\lut_sweeps_v2\seed2_L64_asymmetric_uint8_linear_half_open_zero_spline_spline_component\eval\bs1_tt1_tn1\lut_report_unified.json,seed2_L64_asymmetric_uint8_linear_half_open_zero_spline_spline_component,2,64,asymmetric,uint8,linear,half_open,zero_spline,spline_component,1,1,1,0.9899491507086444,0.9843629673996749,0.9957156767283349,0.9900067768897304,0.9991061054136088,0.9990538477962826,0.9897760467380721,0.984005474062353,0.9957373147246565,0.9898366332906723,0.9991011431653342,0.9990482640862565,0.9897760467380721,0.984005474062353,0.9957373147246565,0.9898366332906723,0.9991011429312325,0.9990482639507116,146.4007048001513,7.623308599926531,0.025751600041985512,171.08376999385655,168.5479300096631,200368,200368,2262096,144,2128896,66528,66528
experiment_data\runs\20260102_201007_seed42_DoS_Hulk_w32-16_g5_k3\lut_sweeps_v2\seed2_L64_asymmetric_uint8_linear_half_open_zero_spline_spline_component\eval\bs256_tt1_tn1\lut_report_unified.json,seed2_L64_asymmetric_uint8_linear_half_open_zero_spline_spline_component,2,64,asymmetric,uint8,linear,half_open,zero_spline,spline_component,256,1,1,0.9899491507086444,0.9843629673996749,0.9957156767283349,0.9900067768897304,0.9991061054136088,0.9990538477962826,0.9897760467380721,0.984005474062353,0.9957373147246565,0.9898366332906723,0.9991011431653342,0.9990482640862565,0.9897760467380721,0.984005474062353,0.9957373147246565,0.9898366332906723,0.9991011429312325,0.9990482639507116,0.8357901894487441,0.07062174609018257,0.01375312109303195,0.7069575390232785,0.674625468764134,200368,200368,2262096,144,2128896,66528,66528
experiment_data\runs\20260102_201007_seed42_DoS_Hulk_w32-16_g5_k3\lut_sweeps_v2\seed2_L64_symmetric_int8_linear_closed_clip_x_spline_component\eval\bs1_tt1_tn1\lut_report_unified.json,seed2_L64_symmetric_int8_linear_closed_clip_x_spline_component,2,64,symmetric,int8,linear,closed,clip_x,spline_component,1,1,1,0.9899491507086444,0.9843629673996749,0.9957156767283349,0.9900067768897304,0.9991061054136088,0.9990538477962826,0.9897760467380721,0.984005474062353,0.9957373147246565,0.9898366332906723,0.9991011284169431,0.9990482391176989,0.9897760467380721,0.984005474062353,0.9957373147246565,0.9898366332906723,0.9991011284169432,0.999048238779662,146.2338233999908,6.730073600076139,0.028622400015592575,170.95417000818998,168.813050002791,200368,200368,2262096,144,2128896,66528,66528
experiment_data\runs\20260102_201007_seed42_DoS_Hulk_w32-16_g5_k3\lut_sweeps_v2\seed2_L64_symmetric_int8_linear_closed_clip_x_spline_component\eval\bs256_tt1_tn1\lut_report_unified.json,seed2_L64_symmetric_int8_linear_closed_clip_x_spline_component,2,64,symmetric,int8,linear,closed,clip_x,spline_component,256,1,1,0.9899491507086444,0.9843629673996749,0.9957156767283349,0.9900067768897304,0.9991061054136088,0.9990538477962826,0.9897760467380721,0.984005474062353,0.9957373147246565,0.9898366332906723,0.9991011284169431,0.9990482391176989,0.9897760467380721,0.984005474062353,0.9957373147246565,0.9898366332906723,0.9991011284169432,0.999048238779662,0.8270042343792738,0.060954396476518014,0.013872123045075568,0.7112095311640587,0.680048300728231,200368,200368,2262096,144,2128896,66528,66528
experiment_data\runs\20260102_201007_seed42_DoS_Hulk_w32-16_g5_k3\lut_sweeps_v2\seed2_L64_symmetric_int8_linear_closed_zero_spline_spline_component\eval\bs1_tt1_tn1\lut_report_unified.json,seed2_L64_symmetric_int8_linear_closed_zero_spline_spline_component,2,64,symmetric,int8,linear,closed,zero_spline,spline_component,1,1,1,0.9899491507086444,0.9843629673996749,0.9957156767283349,0.9900067768897304,0.9991061054136088,0.9990538477962826,0.9897760467380721,0.984005474062353,0.9957373147246565,0.9898366332906723,0.9991011284169431,0.9990482391176989,0.9897760467380721,0.984005474062353,0.9957373147246565,0.9898366332906723,0.9991011284169432,0.999048238779662,145.59239840041846,7.485400999896228,0.036669000051915646,171.2764750001952,169.8318200185895,200368,200368,2262096,144,2128896,66528,66528
experiment_data\runs\20260102_201007_seed42_DoS_Hulk_w32-16_g5_k3\lut_sweeps_v2\seed2_L64_symmetric_int8_linear_closed_zero_spline_spline_component\eval\bs256_tt1_tn1\lut_report_unified.json,seed2_L64_symmetric_int8_linear_closed_zero_spline_spline_component,2,64,symmetric,int8,linear,closed,zero_spline,spline_component,256,1,1,0.9899491507086444,0.9843629673996749,0.9957156767283349,0.9900067768897304,0.9991061054136088,0.9990538477962826,0.9897760467380721,0.984005474062353,0.9957373147246565,0.9898366332906723,0.9991011284169431,0.9990482391176989,0.9897760467380721,0.984005474062353,0.9957373147246565,0.9898366332906723,0.9991011284169432,0.999048238779662,0.8354988828159549,0.06628152539633447,0.014012492192705395,0.7049237889987126,0.7011441211034253,200368,200368,2262096,144,2128896,66528,66528
experiment_data\runs\20260102_201007_seed42_DoS_Hulk_w32-16_g5_k3\lut_sweeps_v2\seed2_L64_symmetric_int8_linear_half_open_clip_x_spline_component\eval\bs1_tt1_tn1\lut_report_unified.json,seed2_L64_symmetric_int8_linear_half_open_clip_x_spline_component,2,64,symmetric,int8,linear,half_open,clip_x,spline_component,1,1,1,0.9899491507086444,0.9843629673996749,0.9957156767283349,0.9900067768897304,0.9991061054136088,0.9990538477962826,0.9897760467380721,0.984005474062353,0.9957373147246565,0.9898366332906723,0.9991011284169431,0.9990482391176989,0.9897760467380721,0.984005474062353,0.9957373147246565,0.9898366332906723,0.9991011284169432,0.999048238779662,143.041522199288,6.926412199623883,0.027214200235903263,168.30538499634713,167.06542500760406,200368,200368,2262096,144,2128896,66528,66528
experiment_data\runs\20260102_201007_seed42_DoS_Hulk_w32-16_g5_k3\lut_sweeps_v2\seed2_L64_symmetric_int8_linear_half_open_clip_x_spline_component\eval\bs256_tt1_tn1\lut_report_unified.json,seed2_L64_symmetric_int8_linear_half_open_clip_x_spline_component,2,64,symmetric,int8,linear,half_open,clip_x,spline_component,256,1,1,0.9899491507086444,0.9843629673996749,0.9957156767283349,0.9900067768897304,0.9991061054136088,0.9990538477962826,0.9897760467380721,0.984005474062353,0.9957373147246565,0.9898366332906723,0.9991011284169431,0.9990482391176989,0.9897760467380721,0.984005474062353,0.9957373147246565,0.9898366332906723,0.9991011284169432,0.999048238779662,0.8197913867115858,0.061966878911334795,0.014132742189758574,0.6986619726376375,0.6707051562443667,200368,200368,2262096,144,2128896,66528,66528
experiment_data\runs\20260102_201007_seed42_DoS_Hulk_w32-16_g5_k3\lut_sweeps_v2\seed2_L64_symmetric_int8_linear_half_open_zero_spline_spline_component\eval\bs1_tt1_tn1\lut_report_unified.json,seed2_L64_symmetric_int8_linear_half_open_zero_spline_spline_component,2,64,symmetric,int8,linear,half_open,zero_spline,spline_component,1,1,1,0.9899491507086444,0.9843629673996749,0.9957156767283349,0.9900067768897304,0.9991061054136088,0.9990538477962826,0.9897760467380721,0.984005474062353,0.9957373147246565,0.9898366332906723,0.9991011284169431,0.9990482391176989,0.9897760467380721,0.984005474062353,0.9957373147246565,0.9898366332906723,0.9991011284169432,0.999048238779662,146.00170180015266,7.674386399798095,0.026326400227844715,171.8303799862042,169.22001498751342,200368,200368,2262096,144,2128896,66528,66528
experiment_data\runs\20260102_201007_seed42_DoS_Hulk_w32-16_g5_k3\lut_sweeps_v2\seed2_L64_symmetric_int8_linear_half_open_zero_spline_spline_component\eval\bs256_tt1_tn1\lut_report_unified.json,seed2_L64_symmetric_int8_linear_half_open_zero_spline_spline_component,2,64,symmetric,int8,linear,half_open,zero_spline,spline_component,256,1,1,0.9899491507086444,0.9843629673996749,0.9957156767283349,0.9900067768897304,0.9991061054136088,0.9990538477962826,0.9897760467380721,0.984005474062353,0.9957373147246565,0.9898366332906723,0.9991011284169431,0.9990482391176989,0.9897760467380721,0.984005474062353,0.9957373147246565,0.9898366332906723,0.9991011284169432,0.999048238779662,0.8190183945316676,0.06668870702924323,0.013948781252111075,0.7031642578112951,0.679266523457045,200368,200368,2262096,144,2128896,66528,66528
experiment_data\runs\20260102_201007_seed42_DoS_Hulk_w32-16_g5_k3\lut_sweeps_v2\seed2_L8_asymmetric_uint8_linear_closed_clip_x_spline_component\eval\bs1_tt1_tn1\lut_report_unified.json,seed2_L8_asymmetric_uint8_linear_closed_clip_x_spline_component,2,8,asymmetric,uint8,linear,closed,clip_x,spline_component,1,1,1,0.9899491507086444,0.9843629673996749,0.9957156767283349,0.9900067768897304,0.9991061054136088,0.9990538477962826,0.9894839337877313,0.982592,0.9966244725738397,0.9895584917821463,0.99905284874007,0.9989945011988975,0.9894839337877313,0.982592,0.9966244725738397,0.9895584917821463,0.9990528482718672,0.998994501126584,146.8132400000468,6.753953400067985,0.025443799793720245,164.2431000014767,161.96529499720782,200368,200368,399312,144,266112,66528,66528
experiment_data\runs\20260102_201007_seed42_DoS_Hulk_w32-16_g5_k3\lut_sweeps_v2\seed2_L8_asymmetric_uint8_linear_closed_clip_x_spline_component\eval\bs256_tt1_tn1\lut_report_unified.json,seed2_L8_asymmetric_uint8_linear_closed_clip_x_spline_component,2,8,asymmetric,uint8,linear,closed,clip_x,spline_component,256,1,1,0.9899491507086444,0.9843629673996749,0.9957156767283349,0.9900067768897304,0.9991061054136088,0.9990538477962826,0.9894839337877313,0.982592,0.9966244725738397,0.9895584917821463,0.99905284874007,0.9989945011988975,0.9894839337877313,0.982592,0.9966244725738397,0.9895584917821463,0.9990528482718672,0.998994501126584,0.8201030371128581,0.06043556445547438,0.01285732030737563,0.6756968944500841,0.6457461133322795,200368,200368,399312,144,266112,66528,66528
experiment_data\runs\20260102_201007_seed42_DoS_Hulk_w32-16_g5_k3\lut_sweeps_v2\seed2_L8_asymmetric_uint8_linear_closed_zero_spline_spline_component\eval\bs1_tt1_tn1\lut_report_unified.json,seed2_L8_asymmetric_uint8_linear_closed_zero_spline_spline_component,2,8,asymmetric,uint8,linear,closed,zero_spline,spline_component,1,1,1,0.9899491507086444,0.9843629673996749,0.9957156767283349,0.9900067768897304,0.9991061054136088,0.9990538477962826,0.9894839337877313,0.982592,0.9966244725738397,0.9895584917821463,0.9990527977059556,0.9989944396683382,0.9894839337877313,0.982592,0.9966244725738397,0.9895584917821463,0.9990527977059557,0.9989944395820771,145.33218499924988,7.382757999934256,0.02567060012370348,163.16697499714792,164.35935499612242,200368,200368,399312,144,266112,66528,66528
experiment_data\runs\20260102_201007_seed42_DoS_Hulk_w32-16_g5_k3\lut_sweeps_v2\seed2_L8_asymmetric_uint8_linear_closed_zero_spline_spline_component\eval\bs256_tt1_tn1\lut_report_unified.json,seed2_L8_asymmetric_uint8_linear_closed_zero_spline_spline_component,2,8,asymmetric,uint8,linear,closed,zero_spline,spline_component,256,1,1,0.9899491507086444,0.9843629673996749,0.9957156767283349,0.9900067768897304,0.9991061054136088,0.9990538477962826,0.9894839337877313,0.982592,0.9966244725738397,0.9895584917821463,0.9990527977059556,0.9989944396683382,0.9894839337877313,0.982592,0.9966244725738397,0.9895584917821463,0.9990527977059557,0.9989944395820771,0.8300509081982455,0.06621744140829833,0.012844068360209349,0.6852300781247322,0.6461730273258581,200368,200368,399312,144,266112,66528,66528
experiment_data\runs\20260102_201007_seed42_DoS_Hulk_w32-16_g5_k3\lut_sweeps_v2\seed2_L8_asymmetric_uint8_linear_half_open_clip_x_spline_component\eval\bs1_tt1_tn1\lut_report_unified.json,seed2_L8_asymmetric_uint8_linear_half_open_clip_x_spline_component,2,8,asymmetric,uint8,linear,half_open,clip_x,spline_component,1,1,1,0.9899491507086444,0.9843629673996749,0.9957156767283349,0.9900067768897304,0.9991061054136088,0.9990538477962826,0.9894839337877313,0.982592,0.9966244725738397,0.9895584917821463,0.99905284874007,0.9989945011988974,0.9894839337877313,0.982592,0.9966244725738397,0.9895584917821463,0.9990528482718672,0.998994501126584,146.13628739956766,6.9526620004326105,0.02490459941327572,165.02393998671323,163.13444999977946,200368,200368,399312,144,266112,66528,66528
experiment_data\runs\20260102_201007_seed42_DoS_Hulk_w32-16_g5_k3\lut_sweeps_v2\seed2_L8_asymmetric_uint8_linear_half_open_clip_x_spline_component\eval\bs256_tt1_tn1\lut_report_unified.json,seed2_L8_asymmetric_uint8_linear_half_open_clip_x_spline_component,2,8,asymmetric,uint8,linear,half_open,clip_x,spline_component,256,1,1,0.9899491507086444,0.9843629673996749,0.9957156767283349,0.9900067768897304,0.9991061054136088,0.9990538477962826,0.9894839337877313,0.982592,0.9966244725738397,0.9895584917821463,0.99905284874007,0.9989945011988974,0.9894839337877313,0.982592,0.9966244725738397,0.9895584917821463,0.9990528482718672,0.998994501126584,0.8258167812527972,0.0618879785088211,0.012883599611086538,0.6825442968874995,0.6466130273111048,200368,200368,399312,144,266112,66528,66528
experiment_data\runs\20260102_201007_seed42_DoS_Hulk_w32-16_g5_k3\lut_sweeps_v2\seed2_L8_asymmetric_uint8_linear_half_open_zero_spline_spline_component\eval\bs1_tt1_tn1\lut_report_unified.json,seed2_L8_asymmetric_uint8_linear_half_open_zero_spline_spline_component,2,8,asymmetric,uint8,linear,half_open,zero_spline,spline_component,1,1,1,0.9899491507086444,0.9843629673996749,0.9957156767283349,0.9900067768897304,0.9991061054136088,0.9990538477962826,0.9894839337877313,0.982592,0.9966244725738397,0.9895584917821463,0.9990527977059556,0.9989944396683382,0.9894839337877313,0.982592,0.9966244725738397,0.9895584917821463,0.9990527977059557,0.9989944395820771,145.53121840022504,7.906044200062752,0.04165919963270426,171.01841501425952,160.9704699832946,200368,200368,399312,144,266112,66528,66528
experiment_data\runs\20260102_201007_seed42_DoS_Hulk_w32-16_g5_k3\lut_sweeps_v2\seed2_L8_asymmetric_uint8_linear_half_open_zero_spline_spline_component\eval\bs256_tt1_tn1\lut_report_unified.json,seed2_L8_asymmetric_uint8_linear_half_open_zero_spline_spline_component,2,8,asymmetric,uint8,linear,half_open,zero_spline,spline_component,256,1,1,0.9899491507086444,0.9843629673996749,0.9957156767283349,0.9900067768897304,0.9991061054136088,0.9990538477962826,0.9894839337877313,0.982592,0.9966244725738397,0.9895584917821463,0.9990527977059556,0.9989944396683382,0.9894839337877313,0.982592,0.9966244725738397,0.9895584917821463,0.9990527977059557,0.9989944395820771,0.8266765703137935,0.06710069921609829,0.012928132819070015,0.6806232812778035,0.6470374414675462,200368,200368,399312,144,266112,66528,66528
experiment_data\runs\20260102_201007_seed42_DoS_Hulk_w32-16_g5_k3\lut_sweeps_v2\seed2_L8_symmetric_int8_linear_closed_clip_x_spline_component\eval\bs1_tt1_tn1\lut_report_unified.json,seed2_L8_symmetric_int8_linear_closed_clip_x_spline_component,2,8,symmetric,int8,linear,closed,clip_x,spline_component,1,1,1,0.9899491507086444,0.9843629673996749,0.9957156767283349,0.9900067768897304,0.9991061054136088,0.9990538477962826,0.9894839337877313,0.982592,0.9966244725738397,0.9895584917821463,0.9990530126110799,0.9989946845983483,0.9894839337877313,0.982592,0.9966244725738397,0.9895584917821463,0.9990530126110799,0.9989946843348712,146.24597499985248,6.716594000346959,0.026153599843382835,163.8065650127828,162.61311499401927,200368,200368,399312,144,266112,66528,66528
experiment_data\runs\20260102_201007_seed42_DoS_Hulk_w32-16_g5_k3\lut_sweeps_v2\seed2_L8_symmetric_int8_linear_closed_clip_x_spline_component\eval\bs256_tt1_tn1\lut_report_unified.json,seed2_L8_symmetric_int8_linear_closed_clip_x_spline_component,2,8,symmetric,int8,linear,closed,clip_x,spline_component,256,1,1,0.9899491507086444,0.9843629673996749,0.9957156767283349,0.9900067768897304,0.9991061054136088,0.9990538477962826,0.9894839337877313,0.982592,0.9966244725738397,0.9895584917821463,0.9990530126110799,0.9989946845983483,0.9894839337877313,0.982592,0.9966244725738397,0.9895584917821463,0.9990530126110799,0.9989946843348712,0.8274625390640722,0.06115805077570257,0.013084390620861086,0.6786438476410694,0.6506014453407261,200368,200368,399312,144,266112,66528,66528
experiment_data\runs\20260102_201007_seed42_DoS_Hulk_w32-16_g5_k3\lut_sweeps_v2\seed2_L8_symmetric_int8_linear_closed_zero_spline_spline_component\eval\bs1_tt1_tn1\lut_report_unified.json,seed2_L8_symmetric_int8_linear_closed_zero_spline_spline_component,2,8,symmetric,int8,linear,closed,zero_spline,spline_component,1,1,1,0.9899491507086444,0.9843629673996749,0.9957156767283349,0.9900067768897304,0.9991061054136088,0.9990538477962826,0.9894839337877313,0.982592,0.9966244725738397,0.9895584917821463,0.9990530126110799,0.9989946845983483,0.9894839337877313,0.982592,0.9966244725738397,0.9895584917821463,0.9990530126110799,0.9989946843348712,146.70503559987992,7.396097999997437,0.02568100020289421,164.27082498557866,165.89332500007004,200368,200368,399312,144,266112,66528,66528
experiment_data\runs\20260102_201007_seed42_DoS_Hulk_w32-16_g5_k3\lut_sweeps_v2\seed2_L8_symmetric_int8_linear_closed_zero_spline_spline_component\eval\bs256_tt1_tn1\lut_report_unified.json,seed2_L8_symmetric_int8_linear_closed_zero_spline_spline_component,2,8,symmetric,int8,linear,closed,zero_spline,spline_component,256,1,1,0.9899491507086444,0.9843629673996749,0.9957156767283349,0.9900067768897304,0.9991061054136088,0.9990538477962826,0.9894839337877313,0.982592,0.9966244725738397,0.9895584917821463,0.9990530126110799,0.9989946845983483,0.9894839337877313,0.982592,0.9966244725738397,0.9895584917821463,0.9990530126110799,0.9989946843348712,0.8262897187523777,0.06563966600879212,0.01300161132348876,0.6828688280620554,0.6466348632784502,200368,200368,399312,144,266112,66528,66528
experiment_data\runs\20260102_201007_seed42_DoS_Hulk_w32-16_g5_k3\lut_sweeps_v2\seed2_L8_symmetric_int8_linear_half_open_clip_x_spline_component\eval\bs1_tt1_tn1\lut_report_unified.json,seed2_L8_symmetric_int8_linear_half_open_clip_x_spline_component,2,8,symmetric,int8,linear,half_open,clip_x,spline_component,1,1,1,0.9899491507086444,0.9843629673996749,0.9957156767283349,0.9900067768897304,0.9991061054136088,0.9990538477962826,0.9894839337877313,0.982592,0.9966244725738397,0.9895584917821463,0.9990530126110799,0.9989946845983483,0.9894839337877313,0.982592,0.9966244725738397,0.9895584917821463,0.9990530126110799,0.9989946842404037,144.5608063992113,6.923191400244832,0.024913799948990345,164.82832001056522,163.49142000544816,200368,200368,399312,144,266112,66528,66528
experiment_data\runs\20260102_201007_seed42_DoS_Hulk_w32-16_g5_k3\lut_sweeps_v2\seed2_L8_symmetric_int8_linear_half_open_clip_x_spline_component\eval\bs256_tt1_tn1\lut_report_unified.json,seed2_L8_symmetric_int8_linear_half_open_clip_x_spline_component,2,8,symmetric,int8,linear,half_open,clip_x,spline_component,256,1,1,0.9899491507086444,0.9843629673996749,0.9957156767283349,0.9900067768897304,0.9991061054136088,0.9990538477962826,0.9894839337877313,0.982592,0.9966244725738397,0.9895584917821463,0.9990530126110799,0.9989946845983483,0.9894839337877313,0.982592,0.9966244725738397,0.9895584917821463,0.9990530126110799,0.9989946842404037,0.8365782187411241,0.06185249218106037,0.013051089845248498,0.6745845898876723,0.6456724413510528,200368,200368,399312,144,266112,66528,66528
experiment_data\runs\20260102_201007_seed42_DoS_Hulk_w32-16_g5_k3\lut_sweeps_v2\seed2_L8_symmetric_int8_linear_half_open_zero_spline_spline_component\eval\bs1_tt1_tn1\lut_report_unified.json,seed2_L8_symmetric_int8_linear_half_open_zero_spline_spline_component,2,8,symmetric,int8,linear,half_open,zero_spline,spline_component,1,1,1,0.9899491507086444,0.9843629673996749,0.9957156767283349,0.9900067768897304,0.9991061054136088,0.9990538477962826,0.9894839337877313,0.982592,0.9966244725738397,0.9895584917821463,0.9990530126110799,0.9989946845983483,0.9894839337877313,0.982592,0.9966244725738397,0.9895584917821463,0.9990530126110799,0.9989946843348712,145.70614340063184,7.65087560005486,0.025336800143122673,163.60690500587225,162.7098600147292,200368,200368,399312,144,266112,66528,66528
experiment_data\runs\20260102_201007_seed42_DoS_Hulk_w32-16_g5_k3\lut_sweeps_v2\seed2_L8_symmetric_int8_linear_half_open_zero_spline_spline_component\eval\bs256_tt1_tn1\lut_report_unified.json,seed2_L8_symmetric_int8_linear_half_open_zero_spline_spline_component,2,8,symmetric,int8,linear,half_open,zero_spline,spline_component,256,1,1,0.9899491507086444,0.9843629673996749,0.9957156767283349,0.9900067768897304,0.9991061054136088,0.9990538477962826,0.9894839337877313,0.982592,0.9966244725738397,0.9895584917821463,0.9990530126110799,0.9989946845983483,0.9894839337877313,0.982592,0.9966244725738397,0.9895584917821463,0.9990530126110799,0.9989946843348712,0.8416822402341495,0.06702297265292145,0.013042888667769148,0.6822034961260215,0.6489349999355909,200368,200368,399312,144,266112,66528,66528
experiment_data\runs\20260102_201007_seed42_DoS_Hulk_w32-16_g5_k3\lut_sweeps_v2\seed3_L128_asymmetric_uint8_linear_closed_clip_x_spline_component\eval\bs1_tt1_tn1\lut_report_unified.json,seed3_L128_asymmetric_uint8_linear_closed_clip_x_spline_component,3,128,asymmetric,uint8,linear,closed,clip_x,spline_component,1,1,1,0.9899491507086444,0.9843629673996749,0.9957156767283349,0.9900067768897304,0.9991061054136088,0.9990538477962826,0.9898734177215189,0.9842155919153032,0.9957156767283349,0.9899322362052275,0.9991032231566499,0.9990505392629225,0.9898734177215189,0.9842155919153032,0.9957156767283349,0.9899322362052275,0.9991032231566499,0.9990505394962302,149.71594200003892,6.772175800055265,0.02655239962041378,179.2977900011465,186.14776500035077,200368,200368,4390992,144,4257792,66528,66528
experiment_data\runs\20260102_201007_seed42_DoS_Hulk_w32-16_g5_k3\lut_sweeps_v2\seed3_L128_asymmetric_uint8_linear_closed_clip_x_spline_component\eval\bs256_tt1_tn1\lut_report_unified.json,seed3_L128_asymmetric_uint8_linear_closed_clip_x_spline_component,3,128,asymmetric,uint8,linear,closed,clip_x,spline_component,256,1,1,0.9899491507086444,0.9843629673996749,0.9957156767283349,0.9900067768897304,0.9991061054136088,0.9990538477962826,0.9898734177215189,0.9842155919153032,0.9957156767283349,0.9899322362052275,0.9991032231566499,0.9990505392629225,0.9898734177215189,0.9842155919153032,0.9957156767283349,0.9899322362052275,0.9991032231566499,0.9990505394962302,0.8425631425780011,0.061711421876680106,0.014273189453888335,0.734436132825067,0.7067586719131214,200368,200368,4390992,144,4257792,66528,66528
experiment_data\runs\20260102_201007_seed42_DoS_Hulk_w32-16_g5_k3\lut_sweeps_v2\seed3_L128_asymmetric_uint8_linear_closed_zero_spline_spline_component\eval\bs1_tt1_tn1\lut_report_unified.json,seed3_L128_asymmetric_uint8_linear_closed_zero_spline_spline_component,3,128,asymmetric,uint8,linear,closed,zero_spline,spline_component,1,1,1,0.9899491507086444,0.9843629673996749,0.9957156767283349,0.9900067768897304,0.9991061054136088,0.9990538477962826,0.9898734177215189,0.9842155919153032,0.9957156767283349,0.9899322362052275,0.9991032231566498,0.9990505396587218,0.9898734177215189,0.9842155919153032,0.9957156767283349,0.9899322362052275,0.9991032231566499,0.9990505396514948,147.90198800060898,7.806999799795449,0.02732559945434332,178.62443500198424,179.513045004569,200368,200368,4390992,144,4257792,66528,66528
experiment_data\runs\20260102_201007_seed42_DoS_Hulk_w32-16_g5_k3\lut_sweeps_v2\seed3_L128_asymmetric_uint8_linear_closed_zero_spline_spline_component\eval\bs256_tt1_tn1\lut_report_unified.json,seed3_L128_asymmetric_uint8_linear_closed_zero_spline_spline_component,3,128,asymmetric,uint8,linear,closed,zero_spline,spline_component,256,1,1,0.9899491507086444,0.9843629673996749,0.9957156767283349,0.9900067768897304,0.9991061054136088,0.9990538477962826,0.9898734177215189,0.9842155919153032,0.9957156767283349,0.9899322362052275,0.9991032231566498,0.9990505396587218,0.9898734177215189,0.9842155919153032,0.9957156767283349,0.9899322362052275,0.9991032231566499,0.9990505396514948,0.8344747734372504,0.06804085546718852,0.01430132421774033,0.740967148431082,0.7077931054482178,200368,200368,4390992,144,4257792,66528,66528
experiment_data\runs\20260102_201007_seed42_DoS_Hulk_w32-16_g5_k3\lut_sweeps_v2\seed3_L128_asymmetric_uint8_linear_half_open_clip_x_spline_component\eval\bs1_tt1_tn1\lut_report_unified.json,seed3_L128_asymmetric_uint8_linear_half_open_clip_x_spline_component,3,128,asymmetric,uint8,linear,half_open,clip_x,spline_component,1,1,1,0.9899491507086444,0.9843629673996749,0.9957156767283349,0.9900067768897304,0.9991061054136088,0.9990538477962826,0.9898734177215189,0.9842155919153032,0.9957156767283349,0.9899322362052275,0.9991032231566499,0.9990505392629225,0.9898734177215189,0.9842155919153032,0.9957156767283349,0.9899322362052275,0.9991032231566499,0.9990505394962302,148.77973659988493,7.064533399417996,0.02624520007520914,178.06323999539018,176.4871349791065,200368,200368,4390992,144,4257792,66528,66528
experiment_data\runs\20260102_201007_seed42_DoS_Hulk_w32-16_g5_k3\lut_sweeps_v2\seed3_L128_asymmetric_uint8_linear_half_open_clip_x_spline_component\eval\bs256_tt1_tn1\lut_report_unified.json,seed3_L128_asymmetric_uint8_linear_half_open_clip_x_spline_component,3,128,asymmetric,uint8,linear,half_open,clip_x,spline_component,256,1,1,0.9899491507086444,0.9843629673996749,0.9957156767283349,0.9900067768897304,0.9991061054136088,0.9990538477962826,0.9898734177215189,0.9842155919153032,0.9957156767283349,0.9899322362052275,0.9991032231566499,0.9990505392629225,0.9898734177215189,0.9842155919153032,0.9957156767283349,0.9899322362052275,0.9991032231566499,0.9990505394962302,0.8472700957008783,0.06464305859481101,0.01422092773282202,0.7463460937287891,0.7103597070454271,200368,200368,4390992,144,4257792,66528,66528
experiment_data\runs\20260102_201007_seed42_DoS_Hulk_w32-16_g5_k3\lut_sweeps_v2\seed3_L128_asymmetric_uint8_linear_half_open_zero_spline_spline_component\eval\bs1_tt1_tn1\lut_report_unified.json,seed3_L128_asymmetric_uint8_linear_half_open_zero_spline_spline_component,3,128,asymmetric,uint8,linear,half_open,zero_spline,spline_component,1,1,1,0.9899491507086444,0.9843629673996749,0.9957156767283349,0.9900067768897304,0.9991061054136088,0.9990538477962826,0.9898734177215189,0.9842155919153032,0.9957156767283349,0.9899322362052275,0.9991032231566498,0.9990505396587218,0.9898734177215189,0.9842155919153032,0.9957156767283349,0.9899322362052275,0.9991032231566499,0.9990505396514948,148.63574440032244,7.721749600023031,0.027763599529862404,180.44000500813127,178.767345007509,200368,200368,4390992,144,4257792,66528,66528
experiment_data\runs\20260102_201007_seed42_DoS_Hulk_w32-16_g5_k3\lut_sweeps_v2\seed3_L128_asymmetric_uint8_linear_half_open_zero_spline_spline_component\eval\bs256_tt1_tn1\lut_report_unified.json,seed3_L128_asymmetric_uint8_linear_half_open_zero_spline_spline_component,3,128,asymmetric,uint8,linear,half_open,zero_spline,spline_component,256,1,1,0.9899491507086444,0.9843629673996749,0.9957156767283349,0.9900067768897304,0.9991061054136088,0.9990538477962826,0.9898734177215189,0.9842155919153032,0.9957156767283349,0.9899322362052275,0.9991032231566498,0.9990505396587218,0.9898734177215189,0.9842155919153032,0.9957156767283349,0.9899322362052275,0.9991032231566499,0.9990505396514948,0.837028896485208,0.06767938476514246,0.014307189449027646,0.7593806640215917,0.7188785547441512,200368,200368,4390992,144,4257792,66528,66528
experiment_data\runs\20260102_201007_seed42_DoS_Hulk_w32-16_g5_k3\lut_sweeps_v2\seed3_L128_symmetric_int8_linear_closed_clip_x_spline_component\eval\bs1_tt1_tn1\lut_report_unified.json,seed3_L128_symmetric_int8_linear_closed_clip_x_spline_component,3,128,symmetric,int8,linear,closed,clip_x,spline_component,1,1,1,0.9899491507086444,0.9843629673996749,0.9957156767283349,0.9900067768897304,0.9991061054136088,0.9990538477962826,0.9898842367196797,0.9842366428540873,0.9957156767283349,0.9899428841872022,0.9991034670903529,0.9990508088975617,0.9898842367196797,0.9842366428540873,0.9957156767283349,0.9899428841872022,0.9991034673244542,0.9990508081527174,149.33259300049394,6.818962199613452,0.027725799940526485,176.65875498205423,175.18565498758107,200368,200368,4390992,144,4257792,66528,66528
experiment_data\runs\20260102_201007_seed42_DoS_Hulk_w32-16_g5_k3\lut_sweeps_v2\seed3_L128_symmetric_int8_linear_closed_clip_x_spline_component\eval\bs256_tt1_tn1\lut_report_unified.json,seed3_L128_symmetric_int8_linear_closed_clip_x_spline_component,3,128,symmetric,int8,linear,closed,clip_x,spline_component,256,1,1,0.9899491507086444,0.9843629673996749,0.9957156767283349,0.9900067768897304,0.9991061054136088,0.9990538477962826,0.9898842367196797,0.9842366428540873,0.9957156767283349,0.9899428841872022,0.9991034670903529,0.9990508088975617,0.9898842367196797,0.9842366428540873,0.9957156767283349,0.9899428841872022,0.9991034673244542,0.9990508081527174,0.8492200625005353,0.062070818357824464,0.014345468753163004,0.7352314648414904,0.7253575976392312,200368,200368,4390992,144,4257792,66528,66528
experiment_data\runs\20260102_201007_seed42_DoS_Hulk_w32-16_g5_k3\lut_sweeps_v2\seed3_L128_symmetric_int8_linear_closed_zero_spline_spline_component\eval\bs1_tt1_tn1\lut_report_unified.json,seed3_L128_symmetric_int8_linear_closed_zero_spline_spline_component,3,128,symmetric,int8,linear,closed,zero_spline,spline_component,1,1,1,0.9899491507086444,0.9843629673996749,0.9957156767283349,0.9900067768897304,0.9991061054136088,0.9990538477962826,0.9898842367196797,0.9842366428540873,0.9957156767283349,0.9899428841872022,0.9991034670903529,0.9990508088975617,0.9898842367196797,0.9842366428540873,0.9957156767283349,0.9899428841872022,0.9991034673244542,0.9990508081527174,148.86416519992054,7.576551999896765,0.02671359945088625,177.03729500062764,174.58633498754352,200368,200368,4390992,144,4257792,66528,66528
experiment_data\runs\20260102_201007_seed42_DoS_Hulk_w32-16_g5_k3\lut_sweeps_v2\seed3_L128_symmetric_int8_linear_closed_zero_spline_spline_component\eval\bs256_tt1_tn1\lut_report_unified.json,seed3_L128_symmetric_int8_linear_closed_zero_spline_spline_component,3,128,symmetric,int8,linear,closed,zero_spline,spline_component,256,1,1,0.9899491507086444,0.9843629673996749,0.9957156767283349,0.9900067768897304,0.9991061054136088,0.9990538477962826,0.9898842367196797,0.9842366428540873,0.9957156767283349,0.9899428841872022,0.9991034670903529,0.9990508088975617,0.9898842367196797,0.9842366428540873,0.9957156767283349,0.9899428841872022,0.9991034673244542,0.9990508081527174,0.8441863046937215,0.06681378906250757,0.015052939452289138,0.7301362108592002,0.7123116796719842,200368,200368,4390992,144,4257792,66528,66528
experiment_data\runs\20260102_201007_seed42_DoS_Hulk_w32-16_g5_k3\lut_sweeps_v2\seed3_L128_symmetric_int8_linear_half_open_clip_x_spline_component\eval\bs1_tt1_tn1\lut_report_unified.json,seed3_L128_symmetric_int8_linear_half_open_clip_x_spline_component,3,128,symmetric,int8,linear,half_open,clip_x,spline_component,1,1,1,0.9899491507086444,0.9843629673996749,0.9957156767283349,0.9900067768897304,0.9991061054136088,0.9990538477962826,0.9898842367196797,0.9842366428540873,0.9957156767283349,0.9899428841872022,0.9991034670903529,0.9990508088975617,0.9898842367196797,0.9842366428540873,0.9957156767283349,0.9899428841872022,0.9991034673244542,0.9990508081527174,150.56164760049433,7.231181799434125,0.029794800095260143,176.58628500066698,179.5563950203359,200368,200368,4390992,144,4257792,66528,66528
experiment_data\runs\20260102_201007_seed42_DoS_Hulk_w32-16_g5_k3\lut_sweeps_v2\seed3_L128_symmetric_int8_linear_half_open_clip_x_spline_component\eval\bs256_tt1_tn1\lut_report_unified.json,seed3_L128_symmetric_int8_linear_half_open_clip_x_spline_component,3,128,symmetric,int8,linear,half_open,clip_x,spline_component,256,1,1,0.9899491507086444,0.9843629673996749,0.9957156767283349,0.9900067768897304,0.9991061054136088,0.9990538477962826,0.9898842367196797,0.9842366428540873,0.9957156767283349,0.9899428841872022,0.9991034670903529,0.9990508088975617,0.9898842367196797,0.9842366428540873,0.9957156767283349,0.9899428841872022,0.9991034673244542,0.9990508081527174,0.8614494121047755,0.06394154687768605,0.014562169917553547,0.7332578320529137,0.7025373046417371,200368,200368,4390992,144,4257792,66528,66528
experiment_data\runs\20260102_201007_seed42_DoS_Hulk_w32-16_g5_k3\lut_sweeps_v2\seed3_L128_symmetric_int8_linear_half_open_zero_spline_spline_component\eval\bs1_tt1_tn1\lut_report_unified.json,seed3_L128_symmetric_int8_linear_half_open_zero_spline_spline_component,3,128,symmetric,int8,linear,half_open,zero_spline,spline_component,1,1,1,0.9899491507086444,0.9843629673996749,0.9957156767283349,0.9900067768897304,0.9991061054136088,0.9990538477962826,0.9898842367196797,0.9842366428540873,0.9957156767283349,0.9899428841872022,0.9991034670903529,0.9990508088975617,0.9898842367196797,0.9842366428540873,0.9957156767283349,0.9899428841872022,0.9991034673244542,0.9990508081527174,147.6345078004524,7.791502799838781,0.028596600517630577,176.455485005863,174.33664998970926,200368,200368,4390992,144,4257792,66528,66528
experiment_data\runs\20260102_201007_seed42_DoS_Hulk_w32-16_g5_k3\lut_sweeps_v2\seed3_L128_symmetric_int8_linear_half_open_zero_spline_spline_component\eval\bs256_tt1_tn1\lut_report_unified.json,seed3_L128_symmetric_int8_linear_half_open_zero_spline_spline_component,3,128,symmetric,int8,linear,half_open,zero_spline,spline_component,256,1,1,0.9899491507086444,0.9843629673996749,0.9957156767283349,0.9900067768897304,0.9991061054136088,0.9990538477962826,0.9898842367196797,0.9842366428540873,0.9957156767283349,0.9899428841872022,0.9991034670903529,0.9990508088975617,0.9898842367196797,0.9842366428540873,0.9957156767283349,0.9899428841872022,0.9991034673244542,0.9990508081527174,0.8566331171914499,0.06836255859525409,0.014423646480281604,0.7329600585762819,0.7023612500233867,200368,200368,4390992,144,4257792,66528,66528
experiment_data\runs\20260102_201007_seed42_DoS_Hulk_w32-16_g5_k3\lut_sweeps_v2\seed3_L16_asymmetric_uint8_linear_closed_clip_x_spline_component\eval\bs1_tt1_tn1\lut_report_unified.json,seed3_L16_asymmetric_uint8_linear_closed_clip_x_spline_component,3,16,asymmetric,uint8,linear,closed,clip_x,spline_component,1,1,1,0.9899491507086444,0.9843629673996749,0.9957156767283349,0.9900067768897304,0.9991061054136088,0.9990538477962826,0.9896029427674997,0.9833176691729323,0.9961051606621227,0.9896701099633456,0.9990859225918531,0.9990319009255247,0.9896029427674997,0.9833176691729323,0.9961051606621227,0.9896701099633456,0.9990859225918531,0.9990319007042305,144.80819700006396,6.703559000045061,0.02528280019760132,164.66403000522405,162.76707998476923,200368,200368,665424,144,532224,66528,66528
experiment_data\runs\20260102_201007_seed42_DoS_Hulk_w32-16_g5_k3\lut_sweeps_v2\seed3_L16_asymmetric_uint8_linear_closed_clip_x_spline_component\eval\bs256_tt1_tn1\lut_report_unified.json,seed3_L16_asymmetric_uint8_linear_closed_clip_x_spline_component,3,16,asymmetric,uint8,linear,closed,clip_x,spline_component,256,1,1,0.9899491507086444,0.9843629673996749,0.9957156767283349,0.9900067768897304,0.9991061054136088,0.9990538477962826,0.9896029427674997,0.9833176691729323,0.9961051606621227,0.9896701099633456,0.9990859225918531,0.9990319009255247,0.9896029427674997,0.9833176691729323,0.9961051606621227,0.9896701099633456,0.9990859225918531,0.9990319007042305,1.06720283984032,0.06205776758179127,0.014248349607441924,0.6869281640319969,0.6569195507836412,200368,200368,665424,144,532224,66528,66528
experiment_data\runs\20260102_201007_seed42_DoS_Hulk_w32-16_g5_k3\lut_sweeps_v2\seed3_L16_asymmetric_uint8_linear_closed_zero_spline_spline_component\eval\bs1_tt1_tn1\lut_report_unified.json,seed3_L16_asymmetric_uint8_linear_closed_zero_spline_spline_component,3,16,asymmetric,uint8,linear,closed,zero_spline,spline_component,1,1,1,0.9899491507086444,0.9843629673996749,0.9957156767283349,0.9900067768897304,0.9991061054136088,0.9990538477962826,0.9896029427674997,0.9833176691729323,0.9961051606621227,0.9896701099633456,0.9990859366379398,0.9990319135157615,0.9896029427674997,0.9833176691729323,0.9961051606621227,0.9896701099633456,0.9990859366379398,0.9990319135412871,148.85622359998524,7.556197799742222,0.024794800207018852,169.63299000635743,168.90397500246763,200368,200368,665424,144,532224,66528,66528
experiment_data\runs\20260102_201007_seed42_DoS_Hulk_w32-16_g5_k3\lut_sweeps_v2\seed3_L16_asymmetric_uint8_linear_closed_zero_spline_spline_component\eval\bs256_tt1_tn1\lut_report_unified.json,seed3_L16_asymmetric_uint8_linear_closed_zero_spline_spline_component,3,16,asymmetric,uint8,linear,closed,zero_spline,spline_component,256,1,1,0.9899491507086444,0.9843629673996749,0.9957156767283349,0.9900067768897304,0.9991061054136088,0.9990538477962826,0.9896029427674997,0.9833176691729323,0.9961051606621227,0.9896701099633456,0.9990859366379398,0.9990319135157615,0.9896029427674997,0.9833176691729323,0.9961051606621227,0.9896701099633456,0.9990859366379398,0.9990319135412871,0.8416961796865507,0.06800456835662771,0.0134236699250323,0.7078338086103031,0.6542525195072812,200368,200368,665424,144,532224,66528,66528
experiment_data\runs\20260102_201007_seed42_DoS_Hulk_w32-16_g5_k3\lut_sweeps_v2\seed3_L16_asymmetric_uint8_linear_half_open_clip_x_spline_component\eval\bs1_tt1_tn1\lut_report_unified.json,seed3_L16_asymmetric_uint8_linear_half_open_clip_x_spline_component,3,16,asymmetric,uint8,linear,half_open,clip_x,spline_component,1,1,1,0.9899491507086444,0.9843629673996749,0.9957156767283349,0.9900067768897304,0.9991061054136088,0.9990538477962826,0.9896029427674997,0.9833176691729323,0.9961051606621227,0.9896701099633456,0.9990859225918531,0.9990319009255247,0.9896029427674997,0.9833176691729323,0.9961051606621227,0.9896701099633456,0.9990859225918531,0.9990319007042305,148.48035360034555,7.028140000067651,0.02787639945745468,166.12951499409974,164.13124999962747,200368,200368,665424,144,532224,66528,66528
experiment_data\runs\20260102_201007_seed42_DoS_Hulk_w32-16_g5_k3\lut_sweeps_v2\seed3_L16_asymmetric_uint8_linear_half_open_clip_x_spline_component\eval\bs256_tt1_tn1\lut_report_unified.json,seed3_L16_asymmetric_uint8_linear_half_open_clip_x_spline_component,3,16,asymmetric,uint8,linear,half_open,clip_x,spline_component,256,1,1,0.9899491507086444,0.9843629673996749,0.9957156767283349,0.9900067768897304,0.9991061054136088,0.9990538477962826,0.9896029427674997,0.9833176691729323,0.9961051606621227,0.9896701099633456,0.9990859225918531,0.9990319009255247,0.9896029427674997,0.9833176691729323,0.9961051606621227,0.9896701099633456,0.9990859225918531,0.9990319007042305,0.8411109296866925,0.061598671873071005,0.01335893359282636,0.6839605078312161,0.6757526367437094,200368,200368,665424,144,532224,66528,66528
experiment_data\runs\20260102_201007_seed42_DoS_Hulk_w32-16_g5_k3\lut_sweeps_v2\seed3_L16_asymmetric_uint8_linear_half_open_zero_spline_spline_component\eval\bs1_tt1_tn1\lut_report_unified.json,seed3_L16_asymmetric_uint8_linear_half_open_zero_spline_spline_component,3,16,asymmetric,uint8,linear,half_open,zero_spline,spline_component,1,1,1,0.9899491507086444,0.9843629673996749,0.9957156767283349,0.9900067768897304,0.9991061054136088,0.9990538477962826,0.9896029427674997,0.9833176691729323,0.9961051606621227,0.9896701099633456,0.9990859366379398,0.9990319135157615,0.9896029427674997,0.9833176691729323,0.9961051606621227,0.9896701099633456,0.9990859366379398,0.9990319135412871,148.48628740012646,7.790682399645448,0.02604639995843172,168.3695700019598,165.86587498895824,200368,200368,665424,144,532224,66528,66528
experiment_data\runs\20260102_201007_seed42_DoS_Hulk_w32-16_g5_k3\lut_sweeps_v2\seed3_L16_asymmetric_uint8_linear_half_open_zero_spline_spline_component\eval\bs256_tt1_tn1\lut_report_unified.json,seed3_L16_asymmetric_uint8_linear_half_open_zero_spline_spline_component,3,16,asymmetric,uint8,linear,half_open,zero_spline,spline_component,256,1,1,0.9899491507086444,0.9843629673996749,0.9957156767283349,0.9900067768897304,0.9991061054136088,0.9990538477962826,0.9896029427674997,0.9833176691729323,0.9961051606621227,0.9896701099633456,0.9990859366379398,0.9990319135157615,0.9896029427674997,0.9833176691729323,0.9961051606621227,0.9896701099633456,0.9990859366379398,0.9990319135412871,0.8457211933546205,0.0726664863213955,0.013736234377574874,0.702997460939514,0.656142851585173,200368,200368,665424,144,532224,66528,66528
experiment_data\runs\20260102_201007_seed42_DoS_Hulk_w32-16_g5_k3\lut_sweeps_v2\seed3_L16_symmetric_int8_linear_closed_clip_x_spline_component\eval\bs1_tt1_tn1\lut_report_unified.json,seed3_L16_symmetric_int8_linear_closed_clip_x_spline_component,3,16,symmetric,int8,linear,closed,clip_x,spline_component,1,1,1,0.9899491507086444,0.9843629673996749,0.9957156767283349,0.9900067768897304,0.9991061054136088,0.9990538477962826,0.9896029427674997,0.9833176691729323,0.9961051606621227,0.9896701099633456,0.9990867279008151,0.9990328672540946,0.9896029427674997,0.9833176691729323,0.9961051606621227,0.9896701099633456,0.9990867279008151,0.9990328668762254,149.25316639989614,6.781801799312234,0.025482799857854843,166.13312500994653,162.26365501061082,200368,200368,665424,144,532224,66528,66528
experiment_data\runs\20260102_201007_seed42_DoS_Hulk_w32-16_g5_k3\lut_sweeps_v2\seed3_L16_symmetric_int8_linear_closed_clip_x_spline_component\eval\bs256_tt1_tn1\lut_report_unified.json,seed3_L16_symmetric_int8_linear_closed_clip_x_spline_component,3,16,symmetric,int8,linear,closed,clip_x,spline_component,256,1,1,0.9899491507086444,0.9843629673996749,0.9957156767283349,0.9900067768897304,0.9991061054136088,0.9990538477962826,0.9896029427674997,0.9833176691729323,0.9961051606621227,0.9896701099633456,0.9990867279008151,0.9990328672540946,0.9896029427674997,0.9833176691729323,0.9961051606621227,0.9896701099633456,0.9990867279008151,0.9990328668762254,0.8317458515648468,0.06211072265614347,0.01359634179607383,0.679770839815319,0.649103124942485,200368,200368,665424,144,532224,66528,66528
experiment_data\runs\20260102_201007_seed42_DoS_Hulk_w32-16_g5_k3\lut_sweeps_v2\seed3_L16_symmetric_int8_linear_closed_zero_spline_spline_component\eval\bs1_tt1_tn1\lut_report_unified.json,seed3_L16_symmetric_int8_linear_closed_zero_spline_spline_component,3,16,symmetric,int8,linear,closed,zero_spline,spline_component,1,1,1,0.9899491507086444,0.9843629673996749,0.9957156767283349,0.9900067768897304,0.9991061054136088,0.9990538477962826,0.9896029427674997,0.9833176691729323,0.9961051606621227,0.9896701099633456,0.9990867279008151,0.9990328672540946,0.9896029427674997,0.9833176691729323,0.9961051606621227,0.9896701099633456,0.9990867279008151,0.9990328668762254,147.7050793999806,7.4488786002621055,0.025762800127267838,165.31674000434577,163.27566499821842,200368,200368,665424,144,532224,66528,66528
experiment_data\runs\20260102_201007_seed42_DoS_Hulk_w32-16_g5_k3\lut_sweeps_v2\seed3_L16_symmetric_int8_linear_closed_zero_spline_spline_component\eval\bs256_tt1_tn1\lut_report_unified.json,seed3_L16_symmetric_int8_linear_closed_zero_spline_spline_component,3,16,symmetric,int8,linear,closed,zero_spline,spline_component,256,1,1,0.9899491507086444,0.9843629673996749,0.9957156767283349,0.9900067768897304,0.9991061054136088,0.9990538477962826,0.9896029427674997,0.9833176691729323,0.9961051606621227,0.9896701099633456,0.9990867279008151,0.9990328672540946,0.9896029427674997,0.9833176691729323,0.9961051606621227,0.9896701099633456,0.9990867279008151,0.9990328668762254,0.8324098300727201,0.06526695116917836,0.013530691403502715,0.6928600195351464,0.6565716015757062,200368,200368,665424,144,532224,66528,66528
experiment_data\runs\20260102_201007_seed42_DoS_Hulk_w32-16_g5_k3\lut_sweeps_v2\seed3_L16_symmetric_int8_linear_half_open_clip_x_spline_component\eval\bs1_tt1_tn1\lut_report_unified.json,seed3_L16_symmetric_int8_linear_half_open_clip_x_spline_component,3,16,symmetric,int8,linear,half_open,clip_x,spline_component,1,1,1,0.9899491507086444,0.9843629673996749,0.9957156767283349,0.9900067768897304,0.9991061054136088,0.9990538477962826,0.9896029427674997,0.9833176691729323,0.9961051606621227,0.9896701099633456,0.9990867279008151,0.9990328672540946,0.9896029427674997,0.9833176691729323,0.9961051606621227,0.9896701099633456,0.9990867279008151,0.9990328668762254,145.2562245996669,7.150416599586606,0.026847999542951584,170.07201500236988,166.50733998976648,200368,200368,665424,144,532224,66528,66528
experiment_data\runs\20260102_201007_seed42_DoS_Hulk_w32-16_g5_k3\lut_sweeps_v2\seed3_L16_symmetric_int8_linear_half_open_clip_x_spline_component\eval\bs256_tt1_tn1\lut_report_unified.json,seed3_L16_symmetric_int8_linear_half_open_clip_x_spline_component,3,16,symmetric,int8,linear,half_open,clip_x,spline_component,256,1,1,0.9899491507086444,0.9843629673996749,0.9957156767283349,0.9900067768897304,0.9991061054136088,0.9990538477962826,0.9896029427674997,0.9833176691729323,0.9961051606621227,0.9896701099633456,0.9990867279008151,0.9990328672540946,0.9896029427674997,0.9833176691729323,0.9961051606621227,0.9896701099633456,0.9990867279008151,0.9990328668762254,0.8329577831955248,0.06217527538865397,0.013488257818607963,0.6867695507935423,0.6507295703158889,200368,200368,665424,144,532224,66528,66528
experiment_data\runs\20260102_201007_seed42_DoS_Hulk_w32-16_g5_k3\lut_sweeps_v2\seed3_L16_symmetric_int8_linear_half_open_zero_spline_spline_component\eval\bs1_tt1_tn1\lut_report_unified.json,seed3_L16_symmetric_int8_linear_half_open_zero_spline_spline_component,3,16,symmetric,int8,linear,half_open,zero_spline,spline_component,1,1,1,0.9899491507086444,0.9843629673996749,0.9957156767283349,0.9900067768897304,0.9991061054136088,0.9990538477962826,0.9896029427674997,0.9833176691729323,0.9961051606621227,0.9896701099633456,0.9990867279008151,0.9990328672540946,0.9896029427674997,0.9833176691729323,0.9961051606621227,0.9896701099633456,0.9990867279008151,0.9990328668762254,146.00305519998074,7.60108320042491,0.025664799846708775,165.37687501404434,162.39371499978006,200368,200368,665424,144,532224,66528,66528
experiment_data\runs\20260102_201007_seed42_DoS_Hulk_w32-16_g5_k3\lut_sweeps_v2\seed3_L16_symmetric_int8_linear_half_open_zero_spline_spline_component\eval\bs256_tt1_tn1\lut_report_unified.json,seed3_L16_symmetric_int8_linear_half_open_zero_spline_spline_component,3,16,symmetric,int8,linear,half_open,zero_spline,spline_component,256,1,1,0.9899491507086444,0.9843629673996749,0.9957156767283349,0.9900067768897304,0.9991061054136088,0.9990538477962826,0.9896029427674997,0.9833176691729323,0.9961051606621227,0.9896701099633456,0.9990867279008151,0.9990328672540946,0.9896029427674997,0.9833176691729323,0.9961051606621227,0.9896701099633456,0.9990867279008151,0.9990328668762254,0.8308925019537128,0.06729432812790037,0.013519777339752181,0.6864956055324001,0.6500663475890178,200368,200368,665424,144,532224,66528,66528
experiment_data\runs\20260102_201007_seed42_DoS_Hulk_w32-16_g5_k3\lut_sweeps_v2\seed3_L256_asymmetric_uint8_linear_closed_clip_x_spline_component\eval\bs1_tt1_tn1\lut_report_unified.json,seed3_L256_asymmetric_uint8_linear_closed_clip_x_spline_component,3,256,asymmetric,uint8,linear,closed,clip_x,spline_component,1,1,1,0.9899491507086444,0.9843629673996749,0.9957156767283349,0.9900067768897304,0.9991061054136088,0.9990538477962826,0.9899058747160013,0.9842787474332649,0.9957156767283349,0.989964180838362,0.9991046020141456,0.9990520478124402,0.9899058747160013,0.9842787474332649,0.9957156767283349,0.989964180838362,0.9991046001413341,0.9990520439079206,152.50674759969115,6.8610306000337005,0.02671039942651987,192.4679199932143,190.148105006665,200368,200368,8648784,144,8515584,66528,66528
experiment_data\runs\20260102_201007_seed42_DoS_Hulk_w32-16_g5_k3\lut_sweeps_v2\seed3_L256_asymmetric_uint8_linear_closed_clip_x_spline_component\eval\bs256_tt1_tn1\lut_report_unified.json,seed3_L256_asymmetric_uint8_linear_closed_clip_x_spline_component,3,256,asymmetric,uint8,linear,closed,clip_x,spline_component,256,1,1,0.9899491507086444,0.9843629673996749,0.9957156767283349,0.9900067768897304,0.9991061054136088,0.9990538477962826,0.9899058747160013,0.9842787474332649,0.9957156767283349,0.989964180838362,0.9991046020141456,0.9990520478124402,0.9899058747160013,0.9842787474332649,0.9957156767283349,0.989964180838362,0.9991046001413341,0.9990520439079206,0.8406908652341372,0.06181506249959056,0.014835816409686231,0.784291328091058,0.7727828125098313,200368,200368,8648784,144,8515584,66528,66528
experiment_data\runs\20260102_201007_seed42_DoS_Hulk_w32-16_g5_k3\lut_sweeps_v2\seed3_L256_asymmetric_uint8_linear_closed_zero_spline_spline_component\eval\bs1_tt1_tn1\lut_report_unified.json,seed3_L256_asymmetric_uint8_linear_closed_zero_spline_spline_component,3,256,asymmetric,uint8,linear,closed,zero_spline,spline_component,1,1,1,0.9899491507086444,0.9843629673996749,0.9957156767283349,0.9900067768897304,0.9991061054136088,0.9990538477962826,0.9899058747160013,0.9842787474332649,0.9957156767283349,0.989964180838362,0.9991045982685225,0.9990520437314503,0.9899058747160013,0.9842787474332649,0.9957156767283349,0.989964180838362,0.9991045982685225,0.9990520434648898,147.52144060004503,7.444347799755633,0.026305600069463253,192.27966500911862,192.1366250142455,200368,200368,8648784,144,8515584,66528,66528
experiment_data\runs\20260102_201007_seed42_DoS_Hulk_w32-16_g5_k3\lut_sweeps_v2\seed3_L256_asymmetric_uint8_linear_closed_zero_spline_spline_component\eval\bs256_tt1_tn1\lut_report_unified.json,seed3_L256_asymmetric_uint8_linear_closed_zero_spline_spline_component,3,256,asymmetric,uint8,linear,closed,zero_spline,spline_component,256,1,1,0.9899491507086444,0.9843629673996749,0.9957156767283349,0.9900067768897304,0.9991061054136088,0.9990538477962826,0.9899058747160013,0.9842787474332649,0.9957156767283349,0.989964180838362,0.9991045982685225,0.9990520437314503,0.9899058747160013,0.9842787474332649,0.9957156767283349,0.989964180838362,0.9991045982685225,0.9990520434648898,0.8444758222594828,0.06722060155880172,0.014722865234944038,0.7950203711516224,0.7774401758069871,200368,200368,8648784,144,8515584,66528,66528
experiment_data\runs\20260102_201007_seed42_DoS_Hulk_w32-16_g5_k3\lut_sweeps_v2\seed3_L256_asymmetric_uint8_linear_half_open_clip_x_spline_component\eval\bs1_tt1_tn1\lut_report_unified.json,seed3_L256_asymmetric_uint8_linear_half_open_clip_x_spline_component,3,256,asymmetric,uint8,linear,half_open,clip_x,spline_component,1,1,1,0.9899491507086444,0.9843629673996749,0.9957156767283349,0.9900067768897304,0.9991061054136088,0.9990538477962826,0.9899058747160013,0.9842787474332649,0.9957156767283349,0.989964180838362,0.9991046020141456,0.9990520478124402,0.9899058747160013,0.9842787474332649,0.9957156767283349,0.989964180838362,0.9991046001413341,0.9990520439079206,148.0548254000023,7.413984999991953,0.026172200217843056,189.63844999670982,187.48350499663502,200368,200368,8648784,144,8515584,66528,66528
experiment_data\runs\20260102_201007_seed42_DoS_Hulk_w32-16_g5_k3\lut_sweeps_v2\seed3_L256_asymmetric_uint8_linear_half_open_clip_x_spline_component\eval\bs256_tt1_tn1\lut_report_unified.json,seed3_L256_asymmetric_uint8_linear_half_open_clip_x_spline_component,3,256,asymmetric,uint8,linear,half_open,clip_x,spline_component,256,1,1,0.9899491507086444,0.9843629673996749,0.9957156767283349,0.9900067768897304,0.9991061054136088,0.9990538477962826,0.9899058747160013,0.9842787474332649,0.9957156767283349,0.989964180838362,0.9991046020141456,0.9990520478124402,0.9899058747160013,0.9842787474332649,0.9957156767283349,0.989964180838362,0.9991046001413341,0.9990520439079206,0.8412286386737833,0.06400843163646641,0.014518363277602475,0.7812201758497395,0.7525211914071406,200368,200368,8648784,144,8515584,66528,66528
experiment_data\runs\20260102_201007_seed42_DoS_Hulk_w32-16_g5_k3\lut_sweeps_v2\seed3_L256_asymmetric_uint8_linear_half_open_zero_spline_spline_component\eval\bs1_tt1_tn1\lut_report_unified.json,seed3_L256_asymmetric_uint8_linear_half_open_zero_spline_spline_component,3,256,asymmetric,uint8,linear,half_open,zero_spline,spline_component,1,1,1,0.9899491507086444,0.9843629673996749,0.9957156767283349,0.9900067768897304,0.9991061054136088,0.9990538477962826,0.9899058747160013,0.9842787474332649,0.9957156767283349,0.989964180838362,0.9991045982685225,0.9990520437314503,0.9899058747160013,0.9842787474332649,0.9957156767283349,0.989964180838362,0.9991045982685225,0.9990520434648898,147.23887779936194,7.664564200676978,0.028330599889159203,192.63551000040025,187.78559500351548,200368,200368,8648784,144,8515584,66528,66528
experiment_data\runs\20260102_201007_seed42_DoS_Hulk_w32-16_g5_k3\lut_sweeps_v2\seed3_L256_asymmetric_uint8_linear_half_open_zero_spline_spline_component\eval\bs256_tt1_tn1\lut_report_unified.json,seed3_L256_asymmetric_uint8_linear_half_open_zero_spline_spline_component,3,256,asymmetric,uint8,linear,half_open,zero_spline,spline_component,256,1,1,0.9899491507086444,0.9843629673996749,0.9957156767283349,0.9900067768897304,0.9991061054136088,0.9990538477962826,0.9899058747160013,0.9842787474332649,0.9957156767283349,0.989964180838362,0.9991045982685225,0.9990520437314503,0.9899058747160013,0.9842787474332649,0.9957156767283349,0.989964180838362,0.9991045982685225,0.9990520434648898,0.8362635488265369,0.06785972461329948,0.014475964844677947,0.7882166210947616,0.753750468720682,200368,200368,8648784,144,8515584,66528,66528
experiment_data\runs\20260102_201007_seed42_DoS_Hulk_w32-16_g5_k3\lut_sweeps_v2\seed3_L256_symmetric_int8_linear_closed_clip_x_spline_component\eval\bs1_tt1_tn1\lut_report_unified.json,seed3_L256_symmetric_int8_linear_closed_clip_x_spline_component,3,256,symmetric,int8,linear,closed,clip_x,spline_component,1,1,1,0.9899491507086444,0.9843629673996749,0.9957156767283349,0.9900067768897304,0.9991061054136088,0.9990538477962826,0.9898950557178405,0.9842576946933886,0.9957156767283349,0.9899535323982446,0.9991045383385533,0.9990519752559315,0.9898950557178405,0.9842576946933886,0.9957156767283349,0.9899535323982446,0.9991045383385533,0.9990519753034304,148.8570558000356,6.903281399980187,0.027268599718809128,190.0076650083065,185.16559498384595,200368,200368,8648784,144,8515584,66528,66528
experiment_data\runs\20260102_201007_seed42_DoS_Hulk_w32-16_g5_k3\lut_sweeps_v2\seed3_L256_symmetric_int8_linear_closed_clip_x_spline_component\eval\bs256_tt1_tn1\lut_report_unified.json,seed3_L256_symmetric_int8_linear_closed_clip_x_spline_component,3,256,symmetric,int8,linear,closed,clip_x,spline_component,256,1,1,0.9899491507086444,0.9843629673996749,0.9957156767283349,0.9900067768897304,0.9991061054136088,0.9990538477962826,0.9898950557178405,0.9842576946933886,0.9957156767283349,0.9899535323982446,0.9991045383385533,0.9990519752559315,0.9898950557178405,0.9842576946933886,0.9957156767283349,0.9899535323982446,0.9991045383385533,0.9990519753034304,0.8343715605496982,0.06230327148841752,0.016905814454730717,0.8012042969312461,0.7332749609304301,200368,200368,8648784,144,8515584,66528,66528
experiment_data\runs\20260102_201007_seed42_DoS_Hulk_w32-16_g5_k3\lut_sweeps_v2\seed3_L256_symmetric_int8_linear_closed_zero_spline_spline_component\eval\bs1_tt1_tn1\lut_report_unified.json,seed3_L256_symmetric_int8_linear_closed_zero_spline_spline_component,3,256,symmetric,int8,linear,closed,zero_spline,spline_component,1,1,1,0.9899491507086444,0.9843629673996749,0.9957156767283349,0.9900067768897304,0.9991061054136088,0.9990538477962826,0.9898950557178405,0.9842576946933886,0.9957156767283349,0.9899535323982446,0.9991045383385533,0.9990519752559315,0.9898950557178405,0.9842576946933886,0.9957156767283349,0.9899535323982446,0.9991045383385533,0.9990519753034304,149.97273079957813,7.6298618000000715,0.030309999361634254,190.5435800086707,184.80990501120687,200368,200368,8648784,144,8515584,66528,66528
experiment_data\runs\20260102_201007_seed42_DoS_Hulk_w32-16_g5_k3\lut_sweeps_v2\seed3_L256_symmetric_int8_linear_closed_zero_spline_spline_component\eval\bs256_tt1_tn1\lut_report_unified.json,seed3_L256_symmetric_int8_linear_closed_zero_spline_spline_component,3,256,symmetric,int8,linear,closed,zero_spline,spline_component,256,1,1,0.9899491507086444,0.9843629673996749,0.9957156767283349,0.9900067768897304,0.9991061054136088,0.9990538477962826,0.9898950557178405,0.9842576946933886,0.9957156767283349,0.9899535323982446,0.9991045383385533,0.9990519752559315,0.9898950557178405,0.9842576946933886,0.9957156767283349,0.9899535323982446,0.9991045383385533,0.9990519753034304,0.8454733730468433,0.06692530468171753,0.014708748049088172,0.774090898448776,0.7723605273895373,200368,200368,8648784,144,8515584,66528,66528
experiment_data\runs\20260102_201007_seed42_DoS_Hulk_w32-16_g5_k3\lut_sweeps_v2\seed3_L256_symmetric_int8_linear_half_open_clip_x_spline_component\eval\bs1_tt1_tn1\lut_report_unified.json,seed3_L256_symmetric_int8_linear_half_open_clip_x_spline_component,3,256,symmetric,int8,linear,half_open,clip_x,spline_component,1,1,1,0.9899491507086444,0.9843629673996749,0.9957156767283349,0.9900067768897304,0.9991061054136088,0.9990538477962826,0.9898950557178405,0.9842576946933886,0.9957156767283349,0.9899535323982446,0.9991045383385533,0.9990519752559315,0.9898950557178405,0.9842576946933886,0.9957156767283349,0.9899535323982446,0.9991045383385533,0.9990519753034304,148.1300462000072,7.033737599849701,0.02713899966329336,185.98122999537736,185.4228099808097,200368,200368,8648784,144,8515584,66528,66528
experiment_data\runs\20260102_201007_seed42_DoS_Hulk_w32-16_g5_k3\lut_sweeps_v2\seed3_L256_symmetric_int8_linear_half_open_clip_x_spline_component\eval\bs256_tt1_tn1\lut_report_unified.json,seed3_L256_symmetric_int8_linear_half_open_clip_x_spline_component,3,256,symmetric,int8,linear,half_open,clip_x,spline_component,256,1,1,0.9899491507086444,0.9843629673996749,0.9957156767283349,0.9900067768897304,0.9991061054136088,0.9990538477962826,0.9898950557178405,0.9842576946933886,0.9957156767283349,0.9899535323982446,0.9991045383385533,0.9990519752559315,0.9898950557178405,0.9842576946933886,0.9957156767283349,0.9899535323982446,0.9991045383385533,0.9990519753034304,0.8373709394527395,0.06329974609798228,0.014808642572461395,0.761886308555404,0.7462828124516818,200368,200368,8648784,144,8515584,66528,66528
experiment_data\runs\20260102_201007_seed42_DoS_Hulk_w32-16_g5_k3\lut_sweeps_v2\seed3_L256_symmetric_int8_linear_half_open_zero_spline_spline_component\eval\bs1_tt1_tn1\lut_report_unified.json,seed3_L256_symmetric_int8_linear_half_open_zero_spline_spline_component,3,256,symmetric,int8,linear,half_open,zero_spline,spline_component,1,1,1,0.9899491507086444,0.9843629673996749,0.9957156767283349,0.9900067768897304,0.9991061054136088,0.9990538477962826,0.9898950557178405,0.9842576946933886,0.9957156767283349,0.9899535323982446,0.9991045383385533,0.9990519752559315,0.9898950557178405,0.9842576946933886,0.9957156767283349,0.9899535323982446,0.9991045383385533,0.9990519753034304,147.83768699970096,7.816780799999832,0.02773820050060749,190.53461500443518,186.06771999038756,200368,200368,8648784,144,8515584,66528,66528
experiment_data\runs\20260102_201007_seed42_DoS_Hulk_w32-16_g5_k3\lut_sweeps_v2\seed3_L256_symmetric_int8_linear_half_open_zero_spline_spline_component\eval\bs256_tt1_tn1\lut_report_unified.json,seed3_L256_symmetric_int8_linear_half_open_zero_spline_spline_component,3,256,symmetric,int8,linear,half_open,zero_spline,spline_component,256,1,1,0.9899491507086444,0.9843629673996749,0.9957156767283349,0.9900067768897304,0.9991061054136088,0.9990538477962826,0.9898950557178405,0.9842576946933886,0.9957156767283349,0.9899535323982446,0.9991045383385533,0.9990519752559315,0.9898950557178405,0.9842576946933886,0.9957156767283349,0.9899535323982446,0.9991045383385533,0.9990519753034304,0.8507716503936535,0.06822723828008748,0.014830087893642485,0.7692238671552332,0.738108105451829,200368,200368,8648784,144,8515584,66528,66528
experiment_data\runs\20260102_201007_seed42_DoS_Hulk_w32-16_g5_k3\lut_sweeps_v2\seed3_L2_asymmetric_uint8_linear_closed_clip_x_spline_component\eval\bs1_tt1_tn1\lut_report_unified.json,seed3_L2_asymmetric_uint8_linear_closed_clip_x_spline_component,3,2,asymmetric,uint8,linear,closed,clip_x,spline_component,1,1,1,0.9899491507086444,0.9843629673996749,0.9957156767283349,0.9900067768897304,0.9991061054136088,0.9990538477962826,0.9872768581629341,0.9764922451915956,0.9985935302390999,0.9874192306046472,0.9987906963264298,0.9986899189987554,0.9872768581629341,0.9764922451915956,0.9985935302390999,0.9874192306046472,0.9987906963264299,0.9986899188950423,146.13107340037823,6.746923800557852,0.024251199327409267,163.43295502010733,161.95627499837428,200368,200368,199728,144,66528,66528,66528
experiment_data\runs\20260102_201007_seed42_DoS_Hulk_w32-16_g5_k3\lut_sweeps_v2\seed3_L2_asymmetric_uint8_linear_closed_clip_x_spline_component\eval\bs256_tt1_tn1\lut_report_unified.json,seed3_L2_asymmetric_uint8_linear_closed_clip_x_spline_component,3,2,asymmetric,uint8,linear,closed,clip_x,spline_component,256,1,1,0.9899491507086444,0.9843629673996749,0.9957156767283349,0.9900067768897304,0.9991061054136088,0.9990538477962826,0.9872768581629341,0.9764922451915956,0.9985935302390999,0.9874192306046472,0.9987906963264298,0.9986899189987554,0.9872768581629341,0.9764922451915956,0.9985935302390999,0.9874192306046472,0.9987906963264299,0.9986899188950423,0.8297802500055695,0.061410425778376514,0.012842013666158891,0.675848046921601,0.6476514453424898,200368,200368,199728,144,66528,66528,66528
experiment_data\runs\20260102_201007_seed42_DoS_Hulk_w32-16_g5_k3\lut_sweeps_v2\seed3_L2_asymmetric_uint8_linear_closed_zero_spline_spline_component\eval\bs1_tt1_tn1\lut_report_unified.json,seed3_L2_asymmetric_uint8_linear_closed_zero_spline_spline_component,3,2,asymmetric,uint8,linear,closed,zero_spline,spline_component,1,1,1,0.9899491507086444,0.9843629673996749,0.9957156767283349,0.9900067768897304,0.9991061054136088,0.9990538477962826,0.9872552201666126,0.976450923555424,0.9985935302390999,0.9873981043668029,0.9987876623717362,0.9986874151208296,0.9872552201666126,0.976450923555424,0.9985935302390999,0.9873981043668029,0.9987876623717361,0.9986874150234953,145.81818039994687,7.416404999792576,0.02485859952867031,164.4438800169155,161.06804499868304,200368,200368,199728,144,66528,66528,66528
experiment_data\runs\20260102_201007_seed42_DoS_Hulk_w32-16_g5_k3\lut_sweeps_v2\seed3_L2_asymmetric_uint8_linear_closed_zero_spline_spline_component\eval\bs256_tt1_tn1\lut_report_unified.json,seed3_L2_asymmetric_uint8_linear_closed_zero_spline_spline_component,3,2,asymmetric,uint8,linear,closed,zero_spline,spline_component,256,1,1,0.9899491507086444,0.9843629673996749,0.9957156767283349,0.9900067768897304,0.9991061054136088,0.9990538477962826,0.9872552201666126,0.976450923555424,0.9985935302390999,0.9873981043668029,0.9987876623717362,0.9986874151208296,0.9872552201666126,0.976450923555424,0.9985935302390999,0.9873981043668029,0.9987876623717361,0.9986874150234953,0.8274769238232693,0.06547830859744863,0.012806568365704152,0.6711489648296265,0.6493141016107984,200368,200368,199728,144,66528,66528,66528
experiment_data\runs\20260102_201007_seed42_DoS_Hulk_w32-16_g5_k3\lut_sweeps_v2\seed3_L2_asymmetric_uint8_linear_half_open_clip_x_spline_component\eval\bs1_tt1_tn1\lut_report_unified.json,seed3_L2_asymmetric_uint8_linear_half_open_clip_x_spline_component,3,2,asymmetric,uint8,linear,half_open,clip_x,spline_component,1,1,1,0.9899491507086444,0.9843629673996749,0.9957156767283349,0.9900067768897304,0.9991061054136088,0.9990538477962826,0.9872768581629341,0.9764922451915956,0.9985935302390999,0.9874192306046472,0.9987906963264298,0.998689918666764,0.9872768581629341,0.9764922451915956,0.9985935302390999,0.9874192306046472,0.9987906963264298,0.9986899189700824,145.57283399999142,6.957747200503945,0.02473319973796606,165.43445999268442,161.24061499722302,200368,200368,199728,144,66528,66528,66528
experiment_data\runs\20260102_201007_seed42_DoS_Hulk_w32-16_g5_k3\lut_sweeps_v2\seed3_L2_asymmetric_uint8_linear_half_open_clip_x_spline_component\eval\bs256_tt1_tn1\lut_report_unified.json,seed3_L2_asymmetric_uint8_linear_half_open_clip_x_spline_component,3,2,asymmetric,uint8,linear,half_open,clip_x,spline_component,256,1,1,0.9899491507086444,0.9843629673996749,0.9957156767283349,0.9900067768897304,0.9991061054136088,0.9990538477962826,0.9872768581629341,0.9764922451915956,0.9985935302390999,0.9874192306046472,0.9987906963264298,0.998689918666764,0.9872768581629341,0.9764922451915956,0.9985935302390999,0.9874192306046472,0.9987906963264298,0.9986899189700824,0.8295058691419399,0.061185660160845146,0.012888890623798943,0.6760226952792436,0.6430649414141953,200368,200368,199728,144,66528,66528,66528
experiment_data\runs\20260102_201007_seed42_DoS_Hulk_w32-16_g5_k3\lut_sweeps_v2\seed3_L2_asymmetric_uint8_linear_half_open_zero_spline_spline_component\eval\bs1_tt1_tn1\lut_report_unified.json,seed3_L2_asymmetric_uint8_linear_half_open_zero_spline_spline_component,3,2,asymmetric,uint8,linear,half_open,zero_spline,spline_component,1,1,1,0.9899491507086444,0.9843629673996749,0.9957156767283349,0.9900067768897304,0.9991061054136088,0.9990538477962826,0.9872552201666126,0.976450923555424,0.9985935302390999,0.9873981043668029,0.9987876623717362,0.9986874151208296,0.9872552201666126,0.976450923555424,0.9985935302390999,0.9873981043668029,0.9987876623717361,0.9986874150234953,145.3238794002682,7.634452399797738,0.024693800136446953,163.22824000380933,160.92723498586565,200368,200368,199728,144,66528,66528,66528
experiment_data\runs\20260102_201007_seed42_DoS_Hulk_w32-16_g5_k3\lut_sweeps_v2\seed3_L2_asymmetric_uint8_linear_half_open_zero_spline_spline_component\eval\bs256_tt1_tn1\lut_report_unified.json,seed3_L2_asymmetric_uint8_linear_half_open_zero_spline_spline_component,3,2,asymmetric,uint8,linear,half_open,zero_spline,spline_component,256,1,1,0.9899491507086444,0.9843629673996749,0.9957156767283349,0.9900067768897304,0.9991061054136088,0.9990538477962826,0.9872552201666126,0.976450923555424,0.9985935302390999,0.9873981043668029,0.9987876623717362,0.9986874151208296,0.9872552201666126,0.976450923555424,0.9985935302390999,0.9873981043668029,0.9987876623717361,0.9986874150234953,0.8364484511730552,0.0671053359292273,0.012910861332784407,0.6789633788685023,0.642658203105384,200368,200368,199728,144,66528,66528,66528
experiment_data\runs\20260102_201007_seed42_DoS_Hulk_w32-16_g5_k3\lut_sweeps_v2\seed3_L2_symmetric_int8_linear_closed_clip_x_spline_component\eval\bs1_tt1_tn1\lut_report_unified.json,seed3_L2_symmetric_int8_linear_closed_clip_x_spline_component,3,2,symmetric,int8,linear,closed,clip_x,spline_component,1,1,1,0.9899491507086444,0.9843629673996749,0.9957156767283349,0.9900067768897304,0.9991061054136088,0.9990538477962826,0.9872876771610949,0.9765129073212019,0.9985935302390999,0.9874297940625836,0.9987923795158007,0.9986921577280977,0.9872876771610949,0.9765129073212019,0.9985935302390999,0.9874297940625836,0.9987923795158007,0.9986921565795928,147.78483419958502,6.819090399891138,0.024680600501596928,164.7176449885592,161.33334999904037,200368,200368,199728,144,66528,66528,66528
experiment_data\runs\20260102_201007_seed42_DoS_Hulk_w32-16_g5_k3\lut_sweeps_v2\seed3_L2_symmetric_int8_linear_closed_clip_x_spline_component\eval\bs256_tt1_tn1\lut_report_unified.json,seed3_L2_symmetric_int8_linear_closed_clip_x_spline_component,3,2,symmetric,int8,linear,closed,clip_x,spline_component,256,1,1,0.9899491507086444,0.9843629673996749,0.9957156767283349,0.9900067768897304,0.9991061054136088,0.9990538477962826,0.9872876771610949,0.9765129073212019,0.9985935302390999,0.9874297940625836,0.9987923795158007,0.9986921577280977,0.9872876771610949,0.9765129073212019,0.9985935302390999,0.9874297940625836,0.9987923795158007,0.9986921565795928,0.8262448671848688,0.06055888476112159,0.012866136712545995,0.6728145703164046,0.6440112109885376,200368,200368,199728,144,66528,66528,66528
experiment_data\runs\20260102_201007_seed42_DoS_Hulk_w32-16_g5_k3\lut_sweeps_v2\seed3_L2_symmetric_int8_linear_closed_zero_spline_spline_component\eval\bs1_tt1_tn1\lut_report_unified.json,seed3_L2_symmetric_int8_linear_closed_zero_spline_spline_component,3,2,symmetric,int8,linear,closed,zero_spline,spline_component,1,1,1,0.9899491507086444,0.9843629673996749,0.9957156767283349,0.9900067768897304,0.9991061054136088,0.9990538477962826,0.9872660391647733,0.9764715839363548,0.9985935302390999,0.9874086673727227,0.9987830051576411,0.9986822759064673,0.9872660391647733,0.9764715839363548,0.9985935302390999,0.9874086673727227,0.998783005157641,0.9986822748768288,145.89886080008,7.415703400038183,0.024692400358617306,162.25521999876946,159.53997001051903,200368,200368,199728,144,66528,66528,66528
experiment_data\runs\20260102_201007_seed42_DoS_Hulk_w32-16_g5_k3\lut_sweeps_v2\seed3_L2_symmetric_int8_linear_closed_zero_spline_spline_component\eval\bs256_tt1_tn1\lut_report_unified.json,seed3_L2_symmetric_int8_linear_closed_zero_spline_spline_component,3,2,symmetric,int8,linear,closed,zero_spline,spline_component,256,1,1,0.9899491507086444,0.9843629673996749,0.9957156767283349,0.9900067768897304,0.9991061054136088,0.9990538477962826,0.9872660391647733,0.9764715839363548,0.9985935302390999,0.9874086673727227,0.9987830051576411,0.9986822759064673,0.9872660391647733,0.9764715839363548,0.9985935302390999,0.9874086673727227,0.998783005157641,0.9986822748768288,0.8262377304708934,0.0658347148419125,0.013482326176017523,0.6893608007885632,0.643325195323996,200368,200368,199728,144,66528,66528,66528
experiment_data\runs\20260102_201007_seed42_DoS_Hulk_w32-16_g5_k3\lut_sweeps_v2\seed3_L2_symmetric_int8_linear_half_open_clip_x_spline_component\eval\bs1_tt1_tn1\lut_report_unified.json,seed3_L2_symmetric_int8_linear_half_open_clip_x_spline_component,3,2,symmetric,int8,linear,half_open,clip_x,spline_component,1,1,1,0.9899491507086444,0.9843629673996749,0.9957156767283349,0.9900067768897304,0.9991061054136088,0.9990538477962826,0.9872876771610949,0.9765129073212019,0.9985935302390999,0.9874297940625836,0.9987923795158007,0.9986921580779206,0.9872876771610949,0.9765129073212019,0.9985935302390999,0.9874297940625836,0.9987923795158007,0.998692156658118,146.0654183998704,7.0100798001512885,0.024855599738657475,164.35280500445515,160.74646499473602,200368,200368,199728,144,66528,66528,66528
experiment_data\runs\20260102_201007_seed42_DoS_Hulk_w32-16_g5_k3\lut_sweeps_v2\seed3_L2_symmetric_int8_linear_half_open_clip_x_spline_component\eval\bs256_tt1_tn1\lut_report_unified.json,seed3_L2_symmetric_int8_linear_half_open_clip_x_spline_component,3,2,symmetric,int8,linear,half_open,clip_x,spline_component,256,1,1,0.9899491507086444,0.9843629673996749,0.9957156767283349,0.9900067768897304,0.9991061054136088,0.9990538477962826,0.9872876771610949,0.9765129073212019,0.9985935302390999,0.9874297940625836,0.9987923795158007,0.9986921580779206,0.9872876771610949,0.9765129073212019,0.9985935302390999,0.9874297940625836,0.9987923795158007,0.998692156658118,0.8363315527367376,0.06147939062429941,0.013082425775792217,0.6768946679585497,0.6440858788664627,200368,200368,199728,144,66528,66528,66528
experiment_data\runs\20260102_201007_seed42_DoS_Hulk_w32-16_g5_k3\lut_sweeps_v2\seed3_L2_symmetric_int8_linear_half_open_zero_spline_spline_component\eval\bs1_tt1_tn1\lut_report_unified.json,seed3_L2_symmetric_int8_linear_half_open_zero_spline_spline_component,3,2,symmetric,int8,linear,half_open,zero_spline,spline_component,1,1,1,0.9899491507086444,0.9843629673996749,0.9957156767283349,0.9900067768897304,0.9991061054136088,0.9990538477962826,0.9872660391647733,0.9764715839363548,0.9985935302390999,0.9874086673727227,0.9987830051576411,0.9986822759064673,0.9872660391647733,0.9764715839363548,0.9985935302390999,0.9874086673727227,0.998783005157641,0.9986822748768288,147.93535020016134,7.56331040058285,0.02466760016977787,162.5710800057277,163.82798498962075,200368,200368,199728,144,66528,66528,66528
experiment_data\runs\20260102_201007_seed42_DoS_Hulk_w32-16_g5_k3\lut_sweeps_v2\seed3_L2_symmetric_int8_linear_half_open_zero_spline_spline_component\eval\bs256_tt1_tn1\lut_report_unified.json,seed3_L2_symmetric_int8_linear_half_open_zero_spline_spline_component,3,2,symmetric,int8,linear,half_open,zero_spline,spline_component,256,1,1,0.9899491507086444,0.9843629673996749,0.9957156767283349,0.9900067768897304,0.9991061054136088,0.9990538477962826,0.9872660391647733,0.9764715839363548,0.9985935302390999,0.9874086673727227,0.9987830051576411,0.9986822759064673,0.9872660391647733,0.9764715839363548,0.9985935302390999,0.9874086673727227,0.998783005157641,0.9986822748768288,0.8302828964860964,0.06762807227460144,0.013012033205086482,0.6687570898066042,0.6388931054061686,200368,200368,199728,144,66528,66528,66528
experiment_data\runs\20260102_201007_seed42_DoS_Hulk_w32-16_g5_k3\lut_sweeps_v2\seed3_L32_asymmetric_uint8_linear_closed_clip_x_spline_component\eval\bs1_tt1_tn1\lut_report_unified.json,seed3_L32_asymmetric_uint8_linear_closed_clip_x_spline_component,3,32,asymmetric,uint8,linear,closed,clip_x,spline_component,1,1,1,0.9899491507086444,0.9843629673996749,0.9957156767283349,0.9900067768897304,0.9991061054136088,0.9990538477962826,0.9896894947527859,0.9837130765613645,0.9958671427025857,0.9897527983570069,0.9990972133044204,0.9990440119520669,0.9896894947527859,0.9837130765613645,0.9958671427025857,0.9897527983570069,0.9990972133044204,0.9990440119404309,149.30766419973224,6.80250780005008,0.027261000126600266,175.49342999700457,167.88003998808563,200368,200368,1197648,144,1064448,66528,66528
experiment_data\runs\20260102_201007_seed42_DoS_Hulk_w32-16_g5_k3\lut_sweeps_v2\seed3_L32_asymmetric_uint8_linear_closed_clip_x_spline_component\eval\bs256_tt1_tn1\lut_report_unified.json,seed3_L32_asymmetric_uint8_linear_closed_clip_x_spline_component,3,32,asymmetric,uint8,linear,closed,clip_x,spline_component,256,1,1,0.9899491507086444,0.9843629673996749,0.9957156767283349,0.9900067768897304,0.9991061054136088,0.9990538477962826,0.9896894947527859,0.9837130765613645,0.9958671427025857,0.9897527983570069,0.9990972133044204,0.9990440119520669,0.9896894947527859,0.9837130765613645,0.9958671427025857,0.9897527983570069,0.9990972133044204,0.9990440119404309,0.8385468476535607,0.06247670703487528,0.013783249996777158,0.6973394336455385,0.6702672266328591,200368,200368,1197648,144,1064448,66528,66528
experiment_data\runs\20260102_201007_seed42_DoS_Hulk_w32-16_g5_k3\lut_sweeps_v2\seed3_L32_asymmetric_uint8_linear_closed_zero_spline_spline_component\eval\bs1_tt1_tn1\lut_report_unified.json,seed3_L32_asymmetric_uint8_linear_closed_zero_spline_spline_component,3,32,asymmetric,uint8,linear,closed,zero_spline,spline_component,1,1,1,0.9899491507086444,0.9843629673996749,0.9957156767283349,0.9900067768897304,0.9991061054136088,0.9990538477962826,0.9896894947527859,0.9837130765613645,0.9958671427025857,0.9897527983570069,0.9990972114316088,0.9990440096513415,0.9896894947527859,0.9837130765613645,0.9958671427025857,0.9897527983570069,0.9990972114316088,0.9990440094887325,147.95606980007142,7.436530599370599,0.026746000163257122,171.0189050063491,167.9228300228715,200368,200368,1197648,144,1064448,66528,66528
experiment_data\runs\20260102_201007_seed42_DoS_Hulk_w32-16_g5_k3\lut_sweeps_v2\seed3_L32_asymmetric_uint8_linear_closed_zero_spline_spline_component\eval\bs256_tt1_tn1\lut_report_unified.json,seed3_L32_asymmetric_uint8_linear_closed_zero_spline_spline_component,3,32,asymmetric,uint8,linear,closed,zero_spline,spline_component,256,1,1,0.9899491507086444,0.9843629673996749,0.9957156767283349,0.9900067768897304,0.9991061054136088,0.9990538477962826,0.9896894947527859,0.9837130765613645,0.9958671427025857,0.9897527983570069,0.9990972114316088,0.9990440096513415,0.9896894947527859,0.9837130765613645,0.9958671427025857,0.9897527983570069,0.9990972114316088,0.9990440094887325,0.8408890371083544,0.06707206835926627,0.013812115230393829,0.7087035547556297,0.6705975195473002,200368,200368,1197648,144,1064448,66528,66528
experiment_data\runs\20260102_201007_seed42_DoS_Hulk_w32-16_g5_k3\lut_sweeps_v2\seed3_L32_asymmetric_uint8_linear_half_open_clip_x_spline_component\eval\bs1_tt1_tn1\lut_report_unified.json,seed3_L32_asymmetric_uint8_linear_half_open_clip_x_spline_component,3,32,asymmetric,uint8,linear,half_open,clip_x,spline_component,1,1,1,0.9899491507086444,0.9843629673996749,0.9957156767283349,0.9900067768897304,0.9991061054136088,0.9990538477962826,0.9896894947527859,0.9837130765613645,0.9958671427025857,0.9897527983570069,0.9990972133044204,0.9990440119520669,0.9896894947527859,0.9837130765613645,0.9958671427025857,0.9897527983570069,0.9990972133044204,0.9990440119404309,148.46687500085682,7.013276600278914,0.02599999960511923,169.79622000362724,166.04336500167847,200368,200368,1197648,144,1064448,66528,66528
experiment_data\runs\20260102_201007_seed42_DoS_Hulk_w32-16_g5_k3\lut_sweeps_v2\seed3_L32_asymmetric_uint8_linear_half_open_clip_x_spline_component\eval\bs256_tt1_tn1\lut_report_unified.json,seed3_L32_asymmetric_uint8_linear_half_open_clip_x_spline_component,3,32,asymmetric,uint8,linear,half_open,clip_x,spline_component,256,1,1,0.9899491507086444,0.9843629673996749,0.9957156767283349,0.9900067768897304,0.9991061054136088,0.9990538477962826,0.9896894947527859,0.9837130765613645,0.9958671427025857,0.9897527983570069,0.9990972133044204,0.9990440119520669,0.9896894947527859,0.9837130765613645,0.9958671427025857,0.9897527983570069,0.9990972133044204,0.9990440119404309,0.8469145781236875,0.06215480273567664,0.014078181638979004,0.7225123437820002,0.672829062477831,200368,200368,1197648,144,1064448,66528,66528
experiment_data\runs\20260102_201007_seed42_DoS_Hulk_w32-16_g5_k3\lut_sweeps_v2\seed3_L32_asymmetric_uint8_linear_half_open_zero_spline_spline_component\eval\bs1_tt1_tn1\lut_report_unified.json,seed3_L32_asymmetric_uint8_linear_half_open_zero_spline_spline_component,3,32,asymmetric,uint8,linear,half_open,zero_spline,spline_component,1,1,1,0.9899491507086444,0.9843629673996749,0.9957156767283349,0.9900067768897304,0.9991061054136088,0.9990538477962826,0.9896894947527859,0.9837130765613645,0.9958671427025857,0.9897527983570069,0.9990972114316088,0.9990440096513415,0.9896894947527859,0.9837130765613645,0.9958671427025857,0.9897527983570069,0.9990972114316088,0.9990440094887325,147.50815120059997,7.67892159987241,0.02625180035829544,169.75295001175255,166.36492998804897,200368,200368,1197648,144,1064448,66528,66528
experiment_data\runs\20260102_201007_seed42_DoS_Hulk_w32-16_g5_k3\lut_sweeps_v2\seed3_L32_asymmetric_uint8_linear_half_open_zero_spline_spline_component\eval\bs256_tt1_tn1\lut_report_unified.json,seed3_L32_asymmetric_uint8_linear_half_open_zero_spline_spline_component,3,32,asymmetric,uint8,linear,half_open,zero_spline,spline_component,256,1,1,0.9899491507086444,0.9843629673996749,0.9957156767283349,0.9900067768897304,0.9991061054136088,0.9990538477962826,0.9896894947527859,0.9837130765613645,0.9958671427025857,0.9897527983570069,0.9990972114316088,0.9990440096513415,0.9896894947527859,0.9837130765613645,0.9958671427025857,0.9897527983570069,0.9990972114316088,0.9990440094887325,0.8366693808511627,0.06987824218413152,0.013910281249991385,0.7031260742223822,0.6825149413998588,200368,200368,1197648,144,1064448,66528,66528
experiment_data\runs\20260102_201007_seed42_DoS_Hulk_w32-16_g5_k3\lut_sweeps_v2\seed3_L32_symmetric_int8_linear_closed_clip_x_spline_component\eval\bs1_tt1_tn1\lut_report_unified.json,seed3_L32_symmetric_int8_linear_closed_clip_x_spline_component,3,32,symmetric,int8,linear,closed,clip_x,spline_component,1,1,1,0.9899491507086444,0.9843629673996749,0.9957156767283349,0.9900067768897304,0.9991061054136088,0.9990538477962826,0.9896894947527859,0.9837130765613645,0.9958671427025857,0.9897527983570069,0.9990969145909799,0.9990436473518178,0.9896894947527859,0.9837130765613645,0.9958671427025857,0.9897527983570069,0.99909691459098,0.9990436474513973,148.21853200066835,7.001441200263798,0.02751020062714815,171.34628498461097,170.495539996773,200368,200368,1197648,144,1064448,66528,66528
experiment_data\runs\20260102_201007_seed42_DoS_Hulk_w32-16_g5_k3\lut_sweeps_v2\seed3_L32_symmetric_int8_linear_closed_clip_x_spline_component\eval\bs256_tt1_tn1\lut_report_unified.json,seed3_L32_symmetric_int8_linear_closed_clip_x_spline_component,3,32,symmetric,int8,linear,closed,clip_x,spline_component,256,1,1,0.9899491507086444,0.9843629673996749,0.9957156767283349,0.9900067768897304,0.9991061054136088,0.9990538477962826,0.9896894947527859,0.9837130765613645,0.9958671427025857,0.9897527983570069,0.9990969145909799,0.9990436473518178,0.9896894947527859,0.9837130765613645,0.9958671427025857,0.9897527983570069,0.99909691459098,0.9990436474513973,0.8451802636773209,0.061973873043825733,0.014061865231269621,0.6939555663848296,0.6704922266180802,200368,200368,1197648,144,1064448,66528,66528
experiment_data\runs\20260102_201007_seed42_DoS_Hulk_w32-16_g5_k3\lut_sweeps_v2\seed3_L32_symmetric_int8_linear_closed_zero_spline_spline_component\eval\bs1_tt1_tn1\lut_report_unified.json,seed3_L32_symmetric_int8_linear_closed_zero_spline_spline_component,3,32,symmetric,int8,linear,closed,zero_spline,spline_component,1,1,1,0.9899491507086444,0.9843629673996749,0.9957156767283349,0.9900067768897304,0.9991061054136088,0.9990538477962826,0.9896894947527859,0.9837130765613645,0.9958671427025857,0.9897527983570069,0.9990969145909799,0.9990436473518178,0.9896894947527859,0.9837130765613645,0.9958671427025857,0.9897527983570069,0.99909691459098,0.9990436474513973,148.2745252000168,7.480321399867535,0.025459599681198597,168.46612999215722,165.67568499594927,200368,200368,1197648,144,1064448,66528,66528
experiment_data\runs\20260102_201007_seed42_DoS_Hulk_w32-16_g5_k3\lut_sweeps_v2\seed3_L32_symmetric_int8_linear_closed_zero_spline_spline_component\eval\bs256_tt1_tn1\lut_report_unified.json,seed3_L32_symmetric_int8_linear_closed_zero_spline_spline_component,3,32,symmetric,int8,linear,closed,zero_spline,spline_component,256,1,1,0.9899491507086444,0.9843629673996749,0.9957156767283349,0.9900067768897304,0.9991061054136088,0.9990538477962826,0.9896894947527859,0.9837130765613645,0.9958671427025857,0.9897527983570069,0.9990969145909799,0.9990436473518178,0.9896894947527859,0.9837130765613645,0.9958671427025857,0.9897527983570069,0.99909691459098,0.9990436474513973,0.8432902304684831,0.06739024609487387,0.013847476557202754,0.7173455077463586,0.6929749803930463,200368,200368,1197648,144,1064448,66528,66528
experiment_data\runs\20260102_201007_seed42_DoS_Hulk_w32-16_g5_k3\lut_sweeps_v2\seed3_L32_symmetric_int8_linear_half_open_clip_x_spline_component\eval\bs1_tt1_tn1\lut_report_unified.json,seed3_L32_symmetric_int8_linear_half_open_clip_x_spline_component,3,32,symmetric,int8,linear,half_open,clip_x,spline_component,1,1,1,0.9899491507086444,0.9843629673996749,0.9957156767283349,0.9900067768897304,0.9991061054136088,0.9990538477962826,0.9896894947527859,0.9837130765613645,0.9958671427025857,0.9897527983570069,0.9990969145909799,0.9990436473518178,0.9896894947527859,0.9837130765613645,0.9958671427025857,0.9897527983570069,0.99909691459098,0.9990436474513973,148.323990999721,7.024922400712967,0.025631600059568882,169.08567999489605,166.0327299963683,200368,200368,1197648,144,1064448,66528,66528
experiment_data\runs\20260102_201007_seed42_DoS_Hulk_w32-16_g5_k3\lut_sweeps_v2\seed3_L32_symmetric_int8_linear_half_open_clip_x_spline_component\eval\bs256_tt1_tn1\lut_report_unified.json,seed3_L32_symmetric_int8_linear_half_open_clip_x_spline_component,3,32,symmetric,int8,linear,half_open,clip_x,spline_component,256,1,1,0.9899491507086444,0.9843629673996749,0.9957156767283349,0.9900067768897304,0.9991061054136088,0.9990538477962826,0.9896894947527859,0.9837130765613645,0.9958671427025857,0.9897527983570069,0.9990969145909799,0.9990436473518178,0.9896894947527859,0.9837130765613645,0.9958671427025857,0.9897527983570069,0.99909691459098,0.9990436474513973,0.8500188613288628,0.06269441992117208,0.014094058597038384,0.7072421483826474,0.6634205664340698,200368,200368,1197648,144,1064448,66528,66528
experiment_data\runs\20260102_201007_seed42_DoS_Hulk_w32-16_g5_k3\lut_sweeps_v2\seed3_L32_symmetric_int8_linear_half_open_zero_spline_spline_component\eval\bs1_tt1_tn1\lut_report_unified.json,seed3_L32_symmetric_int8_linear_half_open_zero_spline_spline_component,3,32,symmetric,int8,linear,half_open,zero_spline,spline_component,1,1,1,0.9899491507086444,0.9843629673996749,0.9957156767283349,0.9900067768897304,0.9991061054136088,0.9990538477962826,0.9896894947527859,0.9837130765613645,0.9958671427025857,0.9897527983570069,0.9990969145909799,0.9990436473518178,0.9896894947527859,0.9837130765613645,0.9958671427025857,0.9897527983570069,0.99909691459098,0.9990436474513973,148.76362159941345,8.167069799266756,0.025869800709187984,172.73300499655306,165.67122000269592,200368,200368,1197648,144,1064448,66528,66528
experiment_data\runs\20260102_201007_seed42_DoS_Hulk_w32-16_g5_k3\lut_sweeps_v2\seed3_L32_symmetric_int8_linear_half_open_zero_spline_spline_component\eval\bs256_tt1_tn1\lut_report_unified.json,seed3_L32_symmetric_int8_linear_half_open_zero_spline_spline_component,3,32,symmetric,int8,linear,half_open,zero_spline,spline_component,256,1,1,0.9899491507086444,0.9843629673996749,0.9957156767283349,0.9900067768897304,0.9991061054136088,0.9990538477962826,0.9896894947527859,0.9837130765613645,0.9958671427025857,0.9897527983570069,0.9990969145909799,0.9990436473518178,0.9896894947527859,0.9837130765613645,0.9958671427025857,0.9897527983570069,0.99909691459098,0.9990436474513973,0.8375137226539664,0.06782914843824983,0.014917218750269967,0.6917751562468766,0.6671377148450119,200368,200368,1197648,144,1064448,66528,66528
experiment_data\runs\20260102_201007_seed42_DoS_Hulk_w32-16_g5_k3\lut_sweeps_v2\seed3_L4_asymmetric_uint8_linear_closed_clip_x_spline_component\eval\bs1_tt1_tn1\lut_report_unified.json,seed3_L4_asymmetric_uint8_linear_closed_clip_x_spline_component,3,4,asymmetric,uint8,linear,closed,clip_x,spline_component,1,1,1,0.9899491507086444,0.9843629673996749,0.9957156767283349,0.9900067768897304,0.9991061054136088,0.9990538477962826,0.9886184139348696,0.9802837271625157,0.9972952504598074,0.9887163205766261,0.9989403569103568,0.9988634639096444,0.9886184139348696,0.9802837271625157,0.9972952504598074,0.9887163205766261,0.9989403566762552,0.9988634629861519,145.96485820040107,6.725208999589086,0.027641000226140022,163.04673498962075,161.77689000032842,200368,200368,266256,144,133056,66528,66528
experiment_data\runs\20260102_201007_seed42_DoS_Hulk_w32-16_g5_k3\lut_sweeps_v2\seed3_L4_asymmetric_uint8_linear_closed_clip_x_spline_component\eval\bs256_tt1_tn1\lut_report_unified.json,seed3_L4_asymmetric_uint8_linear_closed_clip_x_spline_component,3,4,asymmetric,uint8,linear,closed,clip_x,spline_component,256,1,1,0.9899491507086444,0.9843629673996749,0.9957156767283349,0.9900067768897304,0.9991061054136088,0.9990538477962826,0.9886184139348696,0.9802837271625157,0.9972952504598074,0.9887163205766261,0.9989403569103568,0.9988634639096444,0.9886184139348696,0.9802837271625157,0.9972952504598074,0.9887163205766261,0.9989403566762552,0.9988634629861519,0.8307283261729026,0.06042184765647107,0.012827550781366881,0.6679662304122758,0.6527928515424719,200368,200368,266256,144,133056,66528,66528
experiment_data\runs\20260102_201007_seed42_DoS_Hulk_w32-16_g5_k3\lut_sweeps_v2\seed3_L4_asymmetric_uint8_linear_closed_zero_spline_spline_component\eval\bs1_tt1_tn1\lut_report_unified.json,seed3_L4_asymmetric_uint8_linear_closed_zero_spline_spline_component,3,4,asymmetric,uint8,linear,closed,zero_spline,spline_component,1,1,1,0.9899491507086444,0.9843629673996749,0.9957156767283349,0.9900067768897304,0.9991061054136088,0.9990538477962826,0.9886184139348696,0.9802837271625157,0.9972952504598074,0.9887163205766261,0.9989393163294452,0.9988621728749844,0.9886184139348696,0.9802837271625157,0.9972952504598074,0.9887163205766261,0.998939319840967,0.9988621815030558,145.80538299959153,7.491884000599384,0.027616599574685097,167.1789649873972,162.41052499972284,200368,200368,266256,144,133056,66528,66528
experiment_data\runs\20260102_201007_seed42_DoS_Hulk_w32-16_g5_k3\lut_sweeps_v2\seed3_L4_asymmetric_uint8_linear_closed_zero_spline_spline_component\eval\bs256_tt1_tn1\lut_report_unified.json,seed3_L4_asymmetric_uint8_linear_closed_zero_spline_spline_component,3,4,asymmetric,uint8,linear,closed,zero_spline,spline_component,256,1,1,0.9899491507086444,0.9843629673996749,0.9957156767283349,0.9900067768897304,0.9991061054136088,0.9990538477962826,0.9886184139348696,0.9802837271625157,0.9972952504598074,0.9887163205766261,0.9989393163294452,0.9988621728749844,0.9886184139348696,0.9802837271625157,0.9972952504598074,0.9887163205766261,0.998939319840967,0.9988621815030558,0.8251713945355732,0.0655288339839899,0.01278088086110074,0.6814673828557716,0.6430027929127391,200368,200368,266256,144,133056,66528,66528
experiment_data\runs\20260102_201007_seed42_DoS_Hulk_w32-16_g5_k3\lut_sweeps_v2\seed3_L4_asymmetric_uint8_linear_half_open_clip_x_spline_component\eval\bs1_tt1_tn1\lut_report_unified.json,seed3_L4_asymmetric_uint8_linear_half_open_clip_x_spline_component,3,4,asymmetric,uint8,linear,half_open,clip_x,spline_component,1,1,1,0.9899491507086444,0.9843629673996749,0.9957156767283349,0.9900067768897304,0.9991061054136088,0.9990538477962826,0.9886184139348696,0.9802837271625157,0.9972952504598074,0.9887163205766261,0.9989403569103568,0.9988634639096443,0.9886184139348696,0.9802837271625157,0.9972952504598074,0.9887163205766261,0.9989403566762554,0.9988634630043962,144.94028939958662,6.9882858004421,0.025400599464774132,162.74451499339193,161.5905150072649,200368,200368,266256,144,133056,66528,66528
experiment_data\runs\20260102_201007_seed42_DoS_Hulk_w32-16_g5_k3\lut_sweeps_v2\seed3_L4_asymmetric_uint8_linear_half_open_clip_x_spline_component\eval\bs256_tt1_tn1\lut_report_unified.json,seed3_L4_asymmetric_uint8_linear_half_open_clip_x_spline_component,3,4,asymmetric,uint8,linear,half_open,clip_x,spline_component,256,1,1,0.9899491507086444,0.9843629673996749,0.9957156767283349,0.9900067768897304,0.9991061054136088,0.9990538477962826,0.9886184139348696,0.9802837271625157,0.9972952504598074,0.9887163205766261,0.9989403569103568,0.9988634639096443,0.9886184139348696,0.9802837271625157,0.9972952504598074,0.9887163205766261,0.9989403566762554,0.9988634630043962,0.824038265618583,0.06131264257419389,0.012924623051731032,0.6752158398739994,0.6582029687706381,200368,200368,266256,144,133056,66528,66528
experiment_data\runs\20260102_201007_seed42_DoS_Hulk_w32-16_g5_k3\lut_sweeps_v2\seed3_L4_asymmetric_uint8_linear_half_open_zero_spline_spline_component\eval\bs1_tt1_tn1\lut_report_unified.json,seed3_L4_asymmetric_uint8_linear_half_open_zero_spline_spline_component,3,4,asymmetric,uint8,linear,half_open,zero_spline,spline_component,1,1,1,0.9899491507086444,0.9843629673996749,0.9957156767283349,0.9900067768897304,0.9991061054136088,0.9990538477962826,0.9886184139348696,0.9802837271625157,0.9972952504598074,0.9887163205766261,0.9989393163294452,0.9988621728749844,0.9886184139348696,0.9802837271625157,0.9972952504598074,0.9887163205766261,0.998939319840967,0.9988621815030558,146.67394119966775,7.607542200013995,0.024516000412404537,164.34628500137478,161.33008499164134,200368,200368,266256,144,133056,66528,66528
experiment_data\runs\20260102_201007_seed42_DoS_Hulk_w32-16_g5_k3\lut_sweeps_v2\seed3_L4_asymmetric_uint8_linear_half_open_zero_spline_spline_component\eval\bs256_tt1_tn1\lut_report_unified.json,seed3_L4_asymmetric_uint8_linear_half_open_zero_spline_spline_component,3,4,asymmetric,uint8,linear,half_open,zero_spline,spline_component,256,1,1,0.9899491507086444,0.9843629673996749,0.9957156767283349,0.9900067768897304,0.9991061054136088,0.9990538477962826,0.9886184139348696,0.9802837271625157,0.9972952504598074,0.9887163205766261,0.9989393163294452,0.9988621728749844,0.9886184139348696,0.9802837271625157,0.9972952504598074,0.9887163205766261,0.998939319840967,0.9988621815030558,0.8520008300820336,0.06613733203266747,0.012879886717200861,0.6724938867591845,0.644596367237682,200368,200368,266256,144,133056,66528,66528
experiment_data\runs\20260102_201007_seed42_DoS_Hulk_w32-16_g5_k3\lut_sweeps_v2\seed3_L4_symmetric_int8_linear_closed_clip_x_spline_component\eval\bs1_tt1_tn1\lut_report_unified.json,seed3_L4_symmetric_int8_linear_closed_clip_x_spline_component,3,4,symmetric,int8,linear,closed,clip_x,spline_component,1,1,1,0.9899491507086444,0.9843629673996749,0.9957156767283349,0.9900067768897304,0.9991061054136088,0.9990538477962826,0.9886184139348696,0.9802837271625157,0.9972952504598074,0.9887163205766261,0.998937350345532,0.9988597969634264,0.9886184139348696,0.9802837271625157,0.9972952504598074,0.9887163205766261,0.9989373491750247,0.9988597968872014,145.44450440071523,6.748370800167322,0.024735799990594387,162.83909999765456,161.2402549944818,200368,200368,266256,144,133056,66528,66528
experiment_data\runs\20260102_201007_seed42_DoS_Hulk_w32-16_g5_k3\lut_sweeps_v2\seed3_L4_symmetric_int8_linear_closed_clip_x_spline_component\eval\bs256_tt1_tn1\lut_report_unified.json,seed3_L4_symmetric_int8_linear_closed_clip_x_spline_component,3,4,symmetric,int8,linear,closed,clip_x,spline_component,256,1,1,0.9899491507086444,0.9843629673996749,0.9957156767283349,0.9900067768897304,0.9991061054136088,0.9990538477962826,0.9886184139348696,0.9802837271625157,0.9972952504598074,0.9887163205766261,0.998937350345532,0.9988597969634264,0.9886184139348696,0.9802837271625157,0.9972952504598074,0.9887163205766261,0.9989373491750247,0.9988597968872014,0.8524479062543833,0.06081462500333146,0.012876443361165002,0.669900371121912,0.6443960156502726,200368,200368,266256,144,133056,66528,66528
experiment_data\runs\20260102_201007_seed42_DoS_Hulk_w32-16_g5_k3\lut_sweeps_v2\seed3_L4_symmetric_int8_linear_closed_zero_spline_spline_component\eval\bs1_tt1_tn1\lut_report_unified.json,seed3_L4_symmetric_int8_linear_closed_zero_spline_spline_component,3,4,symmetric,int8,linear,closed,zero_spline,spline_component,1,1,1,0.9899491507086444,0.9843629673996749,0.9957156767283349,0.9900067768897304,0.9991061054136088,0.9990538477962826,0.9886184139348696,0.9802837271625157,0.9972952504598074,0.9887163205766261,0.9989368554550826,0.9988591999195945,0.9886184139348696,0.9802837271625157,0.9972952504598074,0.9887163205766261,0.9989368570937929,0.9988592032409912,146.310228000395,7.464361400343478,0.025038800202310085,162.9502449883148,161.78572000935674,200368,200368,266256,144,133056,66528,66528
experiment_data\runs\20260102_201007_seed42_DoS_Hulk_w32-16_g5_k3\lut_sweeps_v2\seed3_L4_symmetric_int8_linear_closed_zero_spline_spline_component\eval\bs256_tt1_tn1\lut_report_unified.json,seed3_L4_symmetric_int8_linear_closed_zero_spline_spline_component,3,4,symmetric,int8,linear,closed,zero_spline,spline_component,256,1,1,0.9899491507086444,0.9843629673996749,0.9957156767283349,0.9900067768897304,0.9991061054136088,0.9990538477962826,0.9886184139348696,0.9802837271625157,0.9972952504598074,0.9887163205766261,0.9989368554550826,0.9988591999195945,0.9886184139348696,0.9802837271625157,0.9972952504598074,0.9887163205766261,0.9989368570937929,0.9988592032409912,0.8266465292945213,0.06549525976879522,0.012817765627914923,0.6705111522933294,0.6439234374738589,200368,200368,266256,144,133056,66528,66528
experiment_data\runs\20260102_201007_seed42_DoS_Hulk_w32-16_g5_k3\lut_sweeps_v2\seed3_L4_symmetric_int8_linear_half_open_clip_x_spline_component\eval\bs1_tt1_tn1\lut_report_unified.json,seed3_L4_symmetric_int8_linear_half_open_clip_x_spline_component,3,4,symmetric,int8,linear,half_open,clip_x,spline_component,1,1,1,0.9899491507086444,0.9843629673996749,0.9957156767283349,0.9900067768897304,0.9991061054136088,0.9990538477962826,0.9886184139348696,0.9802837271625157,0.9972952504598074,0.9887163205766261,0.998937350345532,0.9988597969634265,0.9886184139348696,0.9802837271625157,0.9972952504598074,0.9887163205766261,0.9989373491750247,0.9988597968049432,145.9651341997087,7.1005945997312665,0.024593399837613106,163.74245500192046,169.40732500515878,200368,200368,266256,144,133056,66528,66528
experiment_data\runs\20260102_201007_seed42_DoS_Hulk_w32-16_g5_k3\lut_sweeps_v2\seed3_L4_symmetric_int8_linear_half_open_clip_x_spline_component\eval\bs256_tt1_tn1\lut_report_unified.json,seed3_L4_symmetric_int8_linear_half_open_clip_x_spline_component,3,4,symmetric,int8,linear,half_open,clip_x,spline_component,256,1,1,0.9899491507086444,0.9843629673996749,0.9957156767283349,0.9900067768897304,0.9991061054136088,0.9990538477962826,0.9886184139348696,0.9802837271625157,0.9972952504598074,0.9887163205766261,0.998937350345532,0.9988597969634265,0.9886184139348696,0.9802837271625157,0.9972952504598074,0.9887163205766261,0.9989373491750247,0.9988597968049432,0.8319260429743736,0.062316164066942285,0.013383160148805473,0.6714015819852648,0.6445410546803032,200368,200368,266256,144,133056,66528,66528
experiment_data\runs\20260102_201007_seed42_DoS_Hulk_w32-16_g5_k3\lut_sweeps_v2\seed3_L4_symmetric_int8_linear_half_open_zero_spline_spline_component\eval\bs1_tt1_tn1\lut_report_unified.json,seed3_L4_symmetric_int8_linear_half_open_zero_spline_spline_component,3,4,symmetric,int8,linear,half_open,zero_spline,spline_component,1,1,1,0.9899491507086444,0.9843629673996749,0.9957156767283349,0.9900067768897304,0.9991061054136088,0.9990538477962826,0.9886184139348696,0.9802837271625157,0.9972952504598074,0.9887163205766261,0.9989368554550826,0.9988591999195945,0.9886184139348696,0.9802837271625157,0.9972952504598074,0.9887163205766261,0.9989368570937929,0.9988592032409912,149.09717500023544,7.596731000579894,0.02435779944062233,166.1169950151816,161.57082000281662,200368,200368,266256,144,133056,66528,66528
experiment_data\runs\20260102_201007_seed42_DoS_Hulk_w32-16_g5_k3\lut_sweeps_v2\seed3_L4_symmetric_int8_linear_half_open_zero_spline_spline_component\eval\bs256_tt1_tn1\lut_report_unified.json,seed3_L4_symmetric_int8_linear_half_open_zero_spline_spline_component,3,4,symmetric,int8,linear,half_open,zero_spline,spline_component,256,1,1,0.9899491507086444,0.9843629673996749,0.9957156767283349,0.9900067768897304,0.9991061054136088,0.9990538477962826,0.9886184139348696,0.9802837271625157,0.9972952504598074,0.9887163205766261,0.9989368554550826,0.9988591999195945,0.9886184139348696,0.9802837271625157,0.9972952504598074,0.9887163205766261,0.9989368570937929,0.9988592032409912,0.8279841113289876,0.07135480273973371,0.013378416015257244,0.6756479297109763,0.6394286719114461,200368,200368,266256,144,133056,66528,66528
experiment_data\runs\20260102_201007_seed42_DoS_Hulk_w32-16_g5_k3\lut_sweeps_v2\seed3_L64_asymmetric_uint8_linear_closed_clip_x_spline_component\eval\bs1_tt1_tn1\lut_report_unified.json,seed3_L64_asymmetric_uint8_linear_closed_clip_x_spline_component,3,64,asymmetric,uint8,linear,closed,clip_x,spline_component,1,1,1,0.9899491507086444,0.9843629673996749,0.9957156767283349,0.9900067768897304,0.9991061054136088,0.9990538477962826,0.9897760467380721,0.984005474062353,0.9957373147246565,0.9898366332906723,0.9991011429312325,0.9990482644729201,0.9897760467380721,0.984005474062353,0.9957373147246565,0.9898366332906723,0.9991011429312325,0.9990482639045043,148.84738180041313,6.851779599674046,0.02563100028783083,174.04112499207258,172.57271001581103,200368,200368,2262096,144,2128896,66528,66528
experiment_data\runs\20260102_201007_seed42_DoS_Hulk_w32-16_g5_k3\lut_sweeps_v2\seed3_L64_asymmetric_uint8_linear_closed_clip_x_spline_component\eval\bs256_tt1_tn1\lut_report_unified.json,seed3_L64_asymmetric_uint8_linear_closed_clip_x_spline_component,3,64,asymmetric,uint8,linear,closed,clip_x,spline_component,256,1,1,0.9899491507086444,0.9843629673996749,0.9957156767283349,0.9900067768897304,0.9991061054136088,0.9990538477962826,0.9897760467380721,0.984005474062353,0.9957373147246565,0.9898366332906723,0.9991011429312325,0.9990482644729201,0.9897760467380721,0.984005474062353,0.9957373147246565,0.9898366332906723,0.9991011429312325,0.9990482639045043,0.8373719042901939,0.06146404687569885,0.01383643163535453,0.7048189453598752,0.6748779296685825,200368,200368,2262096,144,2128896,66528,66528
experiment_data\runs\20260102_201007_seed42_DoS_Hulk_w32-16_g5_k3\lut_sweeps_v2\seed3_L64_asymmetric_uint8_linear_closed_zero_spline_spline_component\eval\bs1_tt1_tn1\lut_report_unified.json,seed3_L64_asymmetric_uint8_linear_closed_zero_spline_spline_component,3,64,asymmetric,uint8,linear,closed,zero_spline,spline_component,1,1,1,0.9899491507086444,0.9843629673996749,0.9957156767283349,0.9900067768897304,0.9991061054136088,0.9990538477962826,0.9897760467380721,0.984005474062353,0.9957373147246565,0.9898366332906723,0.9991011431653342,0.9990482640862565,0.9897760467380721,0.984005474062353,0.9957373147246565,0.9898366332906723,0.9991011429312325,0.9990482639507116,148.0103915994987,7.459037999622524,0.02627099957317114,172.69290999975055,172.76747000869364,200368,200368,2262096,144,2128896,66528,66528
experiment_data\runs\20260102_201007_seed42_DoS_Hulk_w32-16_g5_k3\lut_sweeps_v2\seed3_L64_asymmetric_uint8_linear_closed_zero_spline_spline_component\eval\bs256_tt1_tn1\lut_report_unified.json,seed3_L64_asymmetric_uint8_linear_closed_zero_spline_spline_component,3,64,asymmetric,uint8,linear,closed,zero_spline,spline_component,256,1,1,0.9899491507086444,0.9843629673996749,0.9957156767283349,0.9900067768897304,0.9991061054136088,0.9990538477962826,0.9897760467380721,0.984005474062353,0.9957373147246565,0.9898366332906723,0.9991011431653342,0.9990482640862565,0.9897760467380721,0.984005474062353,0.9957373147246565,0.9898366332906723,0.9991011429312325,0.9990482639507116,0.8467160644613614,0.06720081250023213,0.013811957023790455,0.7146062890569738,0.6800015039516438,200368,200368,2262096,144,2128896,66528,66528
experiment_data\runs\20260102_201007_seed42_DoS_Hulk_w32-16_g5_k3\lut_sweeps_v2\seed3_L64_asymmetric_uint8_linear_half_open_clip_x_spline_component\eval\bs1_tt1_tn1\lut_report_unified.json,seed3_L64_asymmetric_uint8_linear_half_open_clip_x_spline_component,3,64,asymmetric,uint8,linear,half_open,clip_x,spline_component,1,1,1,0.9899491507086444,0.9843629673996749,0.9957156767283349,0.9900067768897304,0.9991061054136088,0.9990538477962826,0.9897760467380721,0.984005474062353,0.9957373147246565,0.9898366332906723,0.9991011429312325,0.9990482644729201,0.9897760467380721,0.984005474062353,0.9957373147246565,0.9898366332906723,0.9991011429312325,0.9990482639045043,147.36453160084784,7.041153999976814,0.02574900072067976,171.78719998337328,170.78834499698132,200368,200368,2262096,144,2128896,66528,66528
experiment_data\runs\20260102_201007_seed42_DoS_Hulk_w32-16_g5_k3\lut_sweeps_v2\seed3_L64_asymmetric_uint8_linear_half_open_clip_x_spline_component\eval\bs256_tt1_tn1\lut_report_unified.json,seed3_L64_asymmetric_uint8_linear_half_open_clip_x_spline_component,3,64,asymmetric,uint8,linear,half_open,clip_x,spline_component,256,1,1,0.9899491507086444,0.9843629673996749,0.9957156767283349,0.9900067768897304,0.9991061054136088,0.9990538477962826,0.9897760467380721,0.984005474062353,0.9957373147246565,0.9898366332906723,0.9991011429312325,0.9990482644729201,0.9897760467380721,0.984005474062353,0.9957373147246565,0.9898366332906723,0.9991011429312325,0.9990482639045043,0.8444340527330496,0.06307108398686978,0.013861128909411491,0.7403034765047778,0.6839298437625985,200368,200368,2262096,144,2128896,66528,66528
experiment_data\runs\20260102_201007_seed42_DoS_Hulk_w32-16_g5_k3\lut_sweeps_v2\seed3_L64_asymmetric_uint8_linear_half_open_zero_spline_spline_component\eval\bs1_tt1_tn1\lut_report_unified.json,seed3_L64_asymmetric_uint8_linear_half_open_zero_spline_spline_component,3,64,asymmetric,uint8,linear,half_open,zero_spline,spline_component,1,1,1,0.9899491507086444,0.9843629673996749,0.9957156767283349,0.9900067768897304,0.9991061054136088,0.9990538477962826,0.9897760467380721,0.984005474062353,0.9957373147246565,0.9898366332906723,0.9991011431653342,0.9990482640862565,0.9897760467380721,0.984005474062353,0.9957373147246565,0.9898366332906723,0.9991011429312325,0.9990482639507116,148.30525320023298,7.711604800075293,0.025522999465465546,172.06591998692602,171.64393500424922,200368,200368,2262096,144,2128896,66528,66528
experiment_data\runs\20260102_201007_seed42_DoS_Hulk_w32-16_g5_k3\lut_sweeps_v2\seed3_L64_asymmetric_uint8_linear_half_open_zero_spline_spline_component\eval\bs256_tt1_tn1\lut_report_unified.json,seed3_L64_asymmetric_uint8_linear_half_open_zero_spline_spline_component,3,64,asymmetric,uint8,linear,half_open,zero_spline,spline_component,256,1,1,0.9899491507086444,0.9843629673996749,0.9957156767283349,0.9900067768897304,0.9991061054136088,0.9990538477962826,0.9897760467380721,0.984005474062353,0.9957373147246565,0.9898366332906723,0.9991011431653342,0.9990482640862565,0.9897760467380721,0.984005474062353,0.9957373147246565,0.9898366332906723,0.9991011429312325,0.9990482639507116,0.8385029160217528,0.06919825194927398,0.013886562501284061,0.7417199414703646,0.6811087109781511,200368,200368,2262096,144,2128896,66528,66528
experiment_data\runs\20260102_201007_seed42_DoS_Hulk_w32-16_g5_k3\lut_sweeps_v2\seed3_L64_symmetric_int8_linear_closed_clip_x_spline_component\eval\bs1_tt1_tn1\lut_report_unified.json,seed3_L64_symmetric_int8_linear_closed_clip_x_spline_component,3,64,symmetric,int8,linear,closed,clip_x,spline_component,1,1,1,0.9899491507086444,0.9843629673996749,0.9957156767283349,0.9900067768897304,0.9991061054136088,0.9990538477962826,0.9897760467380721,0.984005474062353,0.9957373147246565,0.9898366332906723,0.9991011284169431,0.9990482391176989,0.9897760467380721,0.984005474062353,0.9957373147246565,0.9898366332906723,0.9991011284169432,0.999048238779662,148.02274140063673,6.9681599996984005,0.025590799748897552,171.6245000017807,171.38084501493722,200368,200368,2262096,144,2128896,66528,66528
experiment_data\runs\20260102_201007_seed42_DoS_Hulk_w32-16_g5_k3\lut_sweeps_v2\seed3_L64_symmetric_int8_linear_closed_clip_x_spline_component\eval\bs256_tt1_tn1\lut_report_unified.json,seed3_L64_symmetric_int8_linear_closed_clip_x_spline_component,3,64,symmetric,int8,linear,closed,clip_x,spline_component,256,1,1,0.9899491507086444,0.9843629673996749,0.9957156767283349,0.9900067768897304,0.9991061054136088,0.9990538477962826,0.9897760467380721,0.984005474062353,0.9957373147246565,0.9898366332906723,0.9991011284169431,0.9990482391176989,0.9897760467380721,0.984005474062353,0.9957373147246565,0.9898366332906723,0.9991011284169432,0.999048238779662,0.8379798964870133,0.06111100586167595,0.014157675786918844,0.7049892186842044,0.6729297070705798,200368,200368,2262096,144,2128896,66528,66528
experiment_data\runs\20260102_201007_seed42_DoS_Hulk_w32-16_g5_k3\lut_sweeps_v2\seed3_L64_symmetric_int8_linear_closed_zero_spline_spline_component\eval\bs1_tt1_tn1\lut_report_unified.json,seed3_L64_symmetric_int8_linear_closed_zero_spline_spline_component,3,64,symmetric,int8,linear,closed,zero_spline,spline_component,1,1,1,0.9899491507086444,0.9843629673996749,0.9957156767283349,0.9900067768897304,0.9991061054136088,0.9990538477962826,0.9897760467380721,0.984005474062353,0.9957373147246565,0.9898366332906723,0.9991011284169431,0.9990482391176989,0.9897760467380721,0.984005474062353,0.9957373147246565,0.9898366332906723,0.9991011284169432,0.999048238779662,149.1916565997526,7.483464200049639,0.027305600233376026,175.3113199956715,171.13996502012014,200368,200368,2262096,144,2128896,66528,66528
experiment_data\runs\20260102_201007_seed42_DoS_Hulk_w32-16_g5_k3\lut_sweeps_v2\seed3_L64_symmetric_int8_linear_closed_zero_spline_spline_component\eval\bs256_tt1_tn1\lut_report_unified.json,seed3_L64_symmetric_int8_linear_closed_zero_spline_spline_component,3,64,symmetric,int8,linear,closed,zero_spline,spline_component,256,1,1,0.9899491507086444,0.9843629673996749,0.9957156767283349,0.9900067768897304,0.9991061054136088,0.9990538477962826,0.9897760467380721,0.984005474062353,0.9957373147246565,0.9898366332906723,0.9991011284169431,0.9990482391176989,0.9897760467380721,0.984005474062353,0.9957373147246565,0.9898366332906723,0.9991011284169432,0.999048238779662,0.8459914199283958,0.0665704882794671,0.014246859373088228,0.7366963866843435,0.6948046483557846,200368,200368,2262096,144,2128896,66528,66528
experiment_data\runs\20260102_201007_seed42_DoS_Hulk_w32-16_g5_k3\lut_sweeps_v2\seed3_L64_symmetric_int8_linear_half_open_clip_x_spline_component\eval\bs1_tt1_tn1\lut_report_unified.json,seed3_L64_symmetric_int8_linear_half_open_clip_x_spline_component,3,64,symmetric,int8,linear,half_open,clip_x,spline_component,1,1,1,0.9899491507086444,0.9843629673996749,0.9957156767283349,0.9900067768897304,0.9991061054136088,0.9990538477962826,0.9897760467380721,0.984005474062353,0.9957373147246565,0.9898366332906723,0.9991011284169431,0.9990482391176989,0.9897760467380721,0.984005474062353,0.9957373147246565,0.9898366332906723,0.9991011284169432,0.999048238779662,150.58645000029355,6.966210400685668,0.026080199517309666,170.92876499518752,173.16225999966264,200368,200368,2262096,144,2128896,66528,66528
experiment_data\runs\20260102_201007_seed42_DoS_Hulk_w32-16_g5_k3\lut_sweeps_v2\seed3_L64_symmetric_int8_linear_half_open_clip_x_spline_component\eval\bs256_tt1_tn1\lut_report_unified.json,seed3_L64_symmetric_int8_linear_half_open_clip_x_spline_component,3,64,symmetric,int8,linear,half_open,clip_x,spline_component,256,1,1,0.9899491507086444,0.9843629673996749,0.9957156767283349,0.9900067768897304,0.9991061054136088,0.9990538477962826,0.9897760467380721,0.984005474062353,0.9957373147246565,0.9898366332906723,0.9991011284169431,0.9990482391176989,0.9897760467380721,0.984005474062353,0.9957373147246565,0.9898366332906723,0.9991011284169432,0.999048238779662,0.8378994042959675,0.06388979687471874,0.014196457032085164,0.7043322069876012,0.6791088866521022,200368,200368,2262096,144,2128896,66528,66528
experiment_data\runs\20260102_201007_seed42_DoS_Hulk_w32-16_g5_k3\lut_sweeps_v2\seed3_L64_symmetric_int8_linear_half_open_zero_spline_spline_component\eval\bs1_tt1_tn1\lut_report_unified.json,seed3_L64_symmetric_int8_linear_half_open_zero_spline_spline_component,3,64,symmetric,int8,linear,half_open,zero_spline,spline_component,1,1,1,0.9899491507086444,0.9843629673996749,0.9957156767283349,0.9900067768897304,0.9991061054136088,0.9990538477962826,0.9897760467380721,0.984005474062353,0.9957373147246565,0.9898366332906723,0.9991011284169431,0.9990482391176989,0.9897760467380721,0.984005474062353,0.9957373147246565,0.9898366332906723,0.9991011284169432,0.999048238779662,146.7671916000545,7.7395893996581435,0.025737199932336807,171.3576199952513,169.34074501041323,200368,200368,2262096,144,2128896,66528,66528
experiment_data\runs\20260102_201007_seed42_DoS_Hulk_w32-16_g5_k3\lut_sweeps_v2\seed3_L64_symmetric_int8_linear_half_open_zero_spline_spline_component\eval\bs256_tt1_tn1\lut_report_unified.json,seed3_L64_symmetric_int8_linear_half_open_zero_spline_spline_component,3,64,symmetric,int8,linear,half_open,zero_spline,spline_component,256,1,1,0.9899491507086444,0.9843629673996749,0.9957156767283349,0.9900067768897304,0.9991061054136088,0.9990538477962826,0.9897760467380721,0.984005474062353,0.9957373147246565,0.9898366332906723,0.9991011284169431,0.9990482391176989,0.9897760467380721,0.984005474062353,0.9957373147246565,0.9898366332906723,0.9991011284169432,0.999048238779662,0.837239738284552,0.06942511132365325,0.015921414060358074,0.7748980468932132,0.6824858984145976,200368,200368,2262096,144,2128896,66528,66528
experiment_data\runs\20260102_201007_seed42_DoS_Hulk_w32-16_g5_k3\lut_sweeps_v2\seed3_L8_asymmetric_uint8_linear_closed_clip_x_spline_component\eval\bs1_tt1_tn1\lut_report_unified.json,seed3_L8_asymmetric_uint8_linear_closed_clip_x_spline_component,3,8,asymmetric,uint8,linear,closed,clip_x,spline_component,1,1,1,0.9899491507086444,0.9843629673996749,0.9957156767283349,0.9900067768897304,0.9991061054136088,0.9990538477962826,0.9894839337877313,0.982592,0.9966244725738397,0.9895584917821463,0.99905284874007,0.9989945011988975,0.9894839337877313,0.982592,0.9966244725738397,0.9895584917821463,0.9990528482718672,0.998994501126584,146.07238959986717,6.728234000504017,0.024460400454699993,163.8051199959591,160.86053499020636,200368,200368,399312,144,266112,66528,66528
experiment_data\runs\20260102_201007_seed42_DoS_Hulk_w32-16_g5_k3\lut_sweeps_v2\seed3_L8_asymmetric_uint8_linear_closed_clip_x_spline_component\eval\bs256_tt1_tn1\lut_report_unified.json,seed3_L8_asymmetric_uint8_linear_closed_clip_x_spline_component,3,8,asymmetric,uint8,linear,closed,clip_x,spline_component,256,1,1,0.9899491507086444,0.9843629673996749,0.9957156767283349,0.9900067768897304,0.9991061054136088,0.9990538477962826,0.9894839337877313,0.982592,0.9966244725738397,0.9895584917821463,0.99905284874007,0.9989945011988975,0.9894839337877313,0.982592,0.9966244725738397,0.9895584917821463,0.9990528482718672,0.998994501126584,0.8682479433537083,0.061758632809869596,0.013060732417216059,0.6722963281390548,0.6548580664457404,200368,200368,399312,144,266112,66528,66528
experiment_data\runs\20260102_201007_seed42_DoS_Hulk_w32-16_g5_k3\lut_sweeps_v2\seed3_L8_asymmetric_uint8_linear_closed_zero_spline_spline_component\eval\bs1_tt1_tn1\lut_report_unified.json,seed3_L8_asymmetric_uint8_linear_closed_zero_spline_spline_component,3,8,asymmetric,uint8,linear,closed,zero_spline,spline_component,1,1,1,0.9899491507086444,0.9843629673996749,0.9957156767283349,0.9900067768897304,0.9991061054136088,0.9990538477962826,0.9894839337877313,0.982592,0.9966244725738397,0.9895584917821463,0.9990527977059556,0.9989944396683382,0.9894839337877313,0.982592,0.9966244725738397,0.9895584917821463,0.9990527977059557,0.9989944395820771,144.661797599867,7.3899157997220755,0.024620400741696358,166.77455499302596,162.38986500538886,200368,200368,399312,144,266112,66528,66528
experiment_data\runs\20260102_201007_seed42_DoS_Hulk_w32-16_g5_k3\lut_sweeps_v2\seed3_L8_asymmetric_uint8_linear_closed_zero_spline_spline_component\eval\bs256_tt1_tn1\lut_report_unified.json,seed3_L8_asymmetric_uint8_linear_closed_zero_spline_spline_component,3,8,asymmetric,uint8,linear,closed,zero_spline,spline_component,256,1,1,0.9899491507086444,0.9843629673996749,0.9957156767283349,0.9900067768897304,0.9991061054136088,0.9990538477962826,0.9894839337877313,0.982592,0.9966244725738397,0.9895584917821463,0.9990527977059556,0.9989944396683382,0.9894839337877313,0.982592,0.9966244725738397,0.9895584917821463,0.9990527977059557,0.9989944395820771,0.8267496933603979,0.06568186718141078,0.012858988284278894,0.678255468756106,0.645717714814964,200368,200368,399312,144,266112,66528,66528
experiment_data\runs\20260102_201007_seed42_DoS_Hulk_w32-16_g5_k3\lut_sweeps_v2\seed3_L8_asymmetric_uint8_linear_half_open_clip_x_spline_component\eval\bs1_tt1_tn1\lut_report_unified.json,seed3_L8_asymmetric_uint8_linear_half_open_clip_x_spline_component,3,8,asymmetric,uint8,linear,half_open,clip_x,spline_component,1,1,1,0.9899491507086444,0.9843629673996749,0.9957156767283349,0.9900067768897304,0.9991061054136088,0.9990538477962826,0.9894839337877313,0.982592,0.9966244725738397,0.9895584917821463,0.99905284874007,0.9989945011988974,0.9894839337877313,0.982592,0.9966244725738397,0.9895584917821463,0.9990528482718672,0.998994501126584,144.97142339963466,6.971414599567652,0.024817800149321556,163.02235000766814,161.57551498617977,200368,200368,399312,144,266112,66528,66528
experiment_data\runs\20260102_201007_seed42_DoS_Hulk_w32-16_g5_k3\lut_sweeps_v2\seed3_L8_asymmetric_uint8_linear_half_open_clip_x_spline_component\eval\bs256_tt1_tn1\lut_report_unified.json,seed3_L8_asymmetric_uint8_linear_half_open_clip_x_spline_component,3,8,asymmetric,uint8,linear,half_open,clip_x,spline_component,256,1,1,0.9899491507086444,0.9843629673996749,0.9957156767283349,0.9900067768897304,0.9991061054136088,0.9990538477962826,0.9894839337877313,0.982592,0.9966244725738397,0.9895584917821463,0.99905284874007,0.9989945011988974,0.9894839337877313,0.982592,0.9966244725738397,0.9895584917821463,0.9990528482718672,0.998994501126584,0.8292022636760521,0.06254490039282246,0.01316575585406099,0.6794043554691598,0.6512369726806355,200368,200368,399312,144,266112,66528,66528
experiment_data\runs\20260102_201007_seed42_DoS_Hulk_w32-16_g5_k3\lut_sweeps_v2\seed3_L8_asymmetric_uint8_linear_half_open_zero_spline_spline_component\eval\bs1_tt1_tn1\lut_report_unified.json,seed3_L8_asymmetric_uint8_linear_half_open_zero_spline_spline_component,3,8,asymmetric,uint8,linear,half_open,zero_spline,spline_component,1,1,1,0.9899491507086444,0.9843629673996749,0.9957156767283349,0.9900067768897304,0.9991061054136088,0.9990538477962826,0.9894839337877313,0.982592,0.9966244725738397,0.9895584917821463,0.9990527977059556,0.9989944396683382,0.9894839337877313,0.982592,0.9966244725738397,0.9895584917821463,0.9990527977059557,0.9989944395820771,145.86580360028893,7.742127800360322,0.0253815995529294,164.10381000023335,162.1416750131175,200368,200368,399312,144,266112,66528,66528
experiment_data\runs\20260102_201007_seed42_DoS_Hulk_w32-16_g5_k3\lut_sweeps_v2\seed3_L8_asymmetric_uint8_linear_half_open_zero_spline_spline_component\eval\bs256_tt1_tn1\lut_report_unified.json,seed3_L8_asymmetric_uint8_linear_half_open_zero_spline_spline_component,3,8,asymmetric,uint8,linear,half_open,zero_spline,spline_component,256,1,1,0.9899491507086444,0.9843629673996749,0.9957156767283349,0.9900067768897304,0.9991061054136088,0.9990538477962826,0.9894839337877313,0.982592,0.9966244725738397,0.9895584917821463,0.9990527977059556,0.9989944396683382,0.9894839337877313,0.982592,0.9966244725738397,0.9895584917821463,0.9990527977059557,0.9989944395820771,0.8255997226569889,0.06679491796603543,0.012983246097064693,0.7066088866849896,0.6450869335822063,200368,200368,399312,144,266112,66528,66528
experiment_data\runs\20260102_201007_seed42_DoS_Hulk_w32-16_g5_k3\lut_sweeps_v2\seed3_L8_symmetric_int8_linear_closed_clip_x_spline_component\eval\bs1_tt1_tn1\lut_report_unified.json,seed3_L8_symmetric_int8_linear_closed_clip_x_spline_component,3,8,symmetric,int8,linear,closed,clip_x,spline_component,1,1,1,0.9899491507086444,0.9843629673996749,0.9957156767283349,0.9900067768897304,0.9991061054136088,0.9990538477962826,0.9894839337877313,0.982592,0.9966244725738397,0.9895584917821463,0.9990530126110799,0.9989946845983483,0.9894839337877313,0.982592,0.9966244725738397,0.9895584917821463,0.9990530126110799,0.9989946843348712,145.9607172003016,6.69306439999491,0.024647200480103493,162.68269498832524,162.0444100117311,200368,200368,399312,144,266112,66528,66528
experiment_data\runs\20260102_201007_seed42_DoS_Hulk_w32-16_g5_k3\lut_sweeps_v2\seed3_L8_symmetric_int8_linear_closed_clip_x_spline_component\eval\bs256_tt1_tn1\lut_report_unified.json,seed3_L8_symmetric_int8_linear_closed_clip_x_spline_component,3,8,symmetric,int8,linear,closed,clip_x,spline_component,256,1,1,0.9899491507086444,0.9843629673996749,0.9957156767283349,0.9900067768897304,0.9991061054136088,0.9990538477962826,0.9894839337877313,0.982592,0.9966244725738397,0.9895584917821463,0.9990530126110799,0.9989946845983483,0.9894839337877313,0.982592,0.9966244725738397,0.9895584917821463,0.9990530126110799,0.9989946843348712,0.8315411914099968,0.061262503904799814,0.01310538281359186,0.6741606445757498,0.6444757422286784,200368,200368,399312,144,266112,66528,66528
experiment_data\runs\20260102_201007_seed42_DoS_Hulk_w32-16_g5_k3\lut_sweeps_v2\seed3_L8_symmetric_int8_linear_closed_zero_spline_spline_component\eval\bs1_tt1_tn1\lut_report_unified.json,seed3_L8_symmetric_int8_linear_closed_zero_spline_spline_component,3,8,symmetric,int8,linear,closed,zero_spline,spline_component,1,1,1,0.9899491507086444,0.9843629673996749,0.9957156767283349,0.9900067768897304,0.9991061054136088,0.9990538477962826,0.9894839337877313,0.982592,0.9966244725738397,0.9895584917821463,0.9990530126110799,0.9989946845983483,0.9894839337877313,0.982592,0.9966244725738397,0.9895584917821463,0.9990530126110799,0.9989946843348712,145.3207955993712,7.44866740051657,0.02491220086812973,163.0436950130388,160.07138499990106,200368,200368,399312,144,266112,66528,66528
experiment_data\runs\20260102_201007_seed42_DoS_Hulk_w32-16_g5_k3\lut_sweeps_v2\seed3_L8_symmetric_int8_linear_closed_zero_spline_spline_component\eval\bs256_tt1_tn1\lut_report_unified.json,seed3_L8_symmetric_int8_linear_closed_zero_spline_spline_component,3,8,symmetric,int8,linear,closed,zero_spline,spline_component,256,1,1,0.9899491507086444,0.9843629673996749,0.9957156767283349,0.9900067768897304,0.9991061054136088,0.9990538477962826,0.9894839337877313,0.982592,0.9966244725738397,0.9895584917821463,0.9990530126110799,0.9989946845983483,0.9894839337877313,0.982592,0.9966244725738397,0.9895584917821463,0.9990530126110799,0.9989946843348712,0.8438481679695542,0.06609844531340059,0.013051906253167544,0.6799302735089441,0.6700815234580659,200368,200368,399312,144,266112,66528,66528
experiment_data\runs\20260102_201007_seed42_DoS_Hulk_w32-16_g5_k3\lut_sweeps_v2\seed3_L8_symmetric_int8_linear_half_open_clip_x_spline_component\eval\bs1_tt1_tn1\lut_report_unified.json,seed3_L8_symmetric_int8_linear_half_open_clip_x_spline_component,3,8,symmetric,int8,linear,half_open,clip_x,spline_component,1,1,1,0.9899491507086444,0.9843629673996749,0.9957156767283349,0.9900067768897304,0.9991061054136088,0.9990538477962826,0.9894839337877313,0.982592,0.9966244725738397,0.9895584917821463,0.9990530126110799,0.9989946845983483,0.9894839337877313,0.982592,0.9966244725738397,0.9895584917821463,0.9990530126110799,0.9989946842404037,146.32410199940205,6.964505800046027,0.025090199895203114,163.88505999930203,161.22934001032263,200368,200368,399312,144,266112,66528,66528
experiment_data\runs\20260102_201007_seed42_DoS_Hulk_w32-16_g5_k3\lut_sweeps_v2\seed3_L8_symmetric_int8_linear_half_open_clip_x_spline_component\eval\bs256_tt1_tn1\lut_report_unified.json,seed3_L8_symmetric_int8_linear_half_open_clip_x_spline_component,3,8,symmetric,int8,linear,half_open,clip_x,spline_component,256,1,1,0.9899491507086444,0.9843629673996749,0.9957156767283349,0.9900067768897304,0.9991061054136088,0.9990538477962826,0.9894839337877313,0.982592,0.9966244725738397,0.9895584917821463,0.9990530126110799,0.9989946845983483,0.9894839337877313,0.982592,0.9966244725738397,0.9895584917821463,0.9990530126110799,0.9989946842404037,0.8257353984390647,0.06296328125245054,0.013159183590687462,0.6700261914375005,0.6465002929871844,200368,200368,399312,144,266112,66528,66528
experiment_data\runs\20260102_201007_seed42_DoS_Hulk_w32-16_g5_k3\lut_sweeps_v2\seed3_L8_symmetric_int8_linear_half_open_zero_spline_spline_component\eval\bs1_tt1_tn1\lut_report_unified.json,seed3_L8_symmetric_int8_linear_half_open_zero_spline_spline_component,3,8,symmetric,int8,linear,half_open,zero_spline,spline_component,1,1,1,0.9899491507086444,0.9843629673996749,0.9957156767283349,0.9900067768897304,0.9991061054136088,0.9990538477962826,0.9894839337877313,0.982592,0.9966244725738397,0.9895584917821463,0.9990530126110799,0.9989946845983483,0.9894839337877313,0.982592,0.9966244725738397,0.9895584917821463,0.9990530126110799,0.9989946843348712,148.2514094002545,7.8303201999515295,0.0252622002735734,165.9034850075841,162.44725501164794,200368,200368,399312,144,266112,66528,66528
experiment_data\runs\20260102_201007_seed42_DoS_Hulk_w32-16_g5_k3\lut_sweeps_v2\seed3_L8_symmetric_int8_linear_half_open_zero_spline_spline_component\eval\bs256_tt1_tn1\lut_report_unified.json,seed3_L8_symmetric_int8_linear_half_open_zero_spline_spline_component,3,8,symmetric,int8,linear,half_open,zero_spline,spline_component,256,1,1,0.9899491507086444,0.9843629673996749,0.9957156767283349,0.9900067768897304,0.9991061054136088,0.9990538477962826,0.9894839337877313,0.982592,0.9966244725738397,0.9895584917821463,0.9990530126110799,0.9989946845983483,0.9894839337877313,0.982592,0.9966244725738397,0.9895584917821463,0.9990530126110799,0.9989946843348712,0.8301067636784865,0.0676933437534899,0.013115121091686888,0.687858359378879,0.6474904296737805,200368,200368,399312,144,266112,66528,66528
experiment_data\runs\20260102_201007_seed42_DoS_Hulk_w32-16_g5_k3\lut_sweeps_v2\seed4_L128_asymmetric_uint8_linear_closed_clip_x_spline_component\eval\bs1_tt1_tn1\lut_report_unified.json,seed4_L128_asymmetric_uint8_linear_closed_clip_x_spline_component,4,128,asymmetric,uint8,linear,closed,clip_x,spline_component,1,1,1,0.9899491507086444,0.9843629673996749,0.9957156767283349,0.9900067768897304,0.9991061054136088,0.9990538477962826,0.9898734177215189,0.9842155919153032,0.9957156767283349,0.9899322362052275,0.9991032231566499,0.9990505392629225,0.9898734177215189,0.9842155919153032,0.9957156767283349,0.9899322362052275,0.9991032231566499,0.9990505394962302,216.7819803999737,10.03271839953959,0.0399083998054266,240.4355499893427,264.16076498571783,200368,200368,4390992,144,4257792,66528,66528
experiment_data\runs\20260102_201007_seed42_DoS_Hulk_w32-16_g5_k3\lut_sweeps_v2\seed4_L128_asymmetric_uint8_linear_closed_clip_x_spline_component\eval\bs256_tt1_tn1\lut_report_unified.json,seed4_L128_asymmetric_uint8_linear_closed_clip_x_spline_component,4,128,asymmetric,uint8,linear,closed,clip_x,spline_component,256,1,1,0.9899491507086444,0.9843629673996749,0.9957156767283349,0.9900067768897304,0.9991061054136088,0.9990538477962826,0.9898734177215189,0.9842155919153032,0.9957156767283349,0.9899322362052275,0.9991032231566499,0.9990505392629225,0.9898734177215189,0.9842155919153032,0.9957156767283349,0.9899322362052275,0.9991032231566499,0.9990505394962302,1.2011792480461736,0.10427176757730194,0.022740078129572794,1.1259670703111624,1.0663184765689948,200368,200368,4390992,144,4257792,66528,66528
experiment_data\runs\20260102_201007_seed42_DoS_Hulk_w32-16_g5_k3\lut_sweeps_v2\seed4_L128_asymmetric_uint8_linear_closed_zero_spline_spline_component\eval\bs1_tt1_tn1\lut_report_unified.json,seed4_L128_asymmetric_uint8_linear_closed_zero_spline_spline_component,4,128,asymmetric,uint8,linear,closed,zero_spline,spline_component,1,1,1,0.9899491507086444,0.9843629673996749,0.9957156767283349,0.9900067768897304,0.9991061054136088,0.9990538477962826,0.9898734177215189,0.9842155919153032,0.9957156767283349,0.9899322362052275,0.9991032231566498,0.9990505396587218,0.9898734177215189,0.9842155919153032,0.9957156767283349,0.9899322362052275,0.9991032231566499,0.9990505396514948,232.50769999995828,11.375155000016093,0.03666820004582405,260.39271000772715,266.7957999976352,200368,200368,4390992,144,4257792,66528,66528
experiment_data\runs\20260102_201007_seed42_DoS_Hulk_w32-16_g5_k3\lut_sweeps_v2\seed4_L128_asymmetric_uint8_linear_closed_zero_spline_spline_component\eval\bs256_tt1_tn1\lut_report_unified.json,seed4_L128_asymmetric_uint8_linear_closed_zero_spline_spline_component,4,128,asymmetric,uint8,linear,closed,zero_spline,spline_component,256,1,1,0.9899491507086444,0.9843629673996749,0.9957156767283349,0.9900067768897304,0.9991061054136088,0.9990538477962826,0.9898734177215189,0.9842155919153032,0.9957156767283349,0.9899322362052275,0.9991032231566498,0.9990505396587218,0.9898734177215189,0.9842155919153032,0.9957156767283349,0.9899322362052275,0.9991032231566499,0.9990505396514948,1.2183814355466893,0.09430820116904215,0.020911525389237795,0.9961303124327969,0.944079296914424,200368,200368,4390992,144,4257792,66528,66528
experiment_data\runs\20260102_201007_seed42_DoS_Hulk_w32-16_g5_k3\lut_sweeps_v2\seed4_L128_asymmetric_uint8_linear_half_open_clip_x_spline_component\eval\bs1_tt1_tn1\lut_report_unified.json,seed4_L128_asymmetric_uint8_linear_half_open_clip_x_spline_component,4,128,asymmetric,uint8,linear,half_open,clip_x,spline_component,1,1,1,0.9899491507086444,0.9843629673996749,0.9957156767283349,0.9900067768897304,0.9991061054136088,0.9990538477962826,0.9898734177215189,0.9842155919153032,0.9957156767283349,0.9899322362052275,0.9991032231566499,0.9990505392629225,0.9898734177215189,0.9842155919153032,0.9957156767283349,0.9899322362052275,0.9991032231566499,0.9990505394962302,237.58235739916563,9.807206999510527,0.03633579984307289,250.38572999183089,237.3636499978602,200368,200368,4390992,144,4257792,66528,66528
experiment_data\runs\20260102_201007_seed42_DoS_Hulk_w32-16_g5_k3\lut_sweeps_v2\seed4_L128_asymmetric_uint8_linear_half_open_clip_x_spline_component\eval\bs256_tt1_tn1\lut_report_unified.json,seed4_L128_asymmetric_uint8_linear_half_open_clip_x_spline_component,4,128,asymmetric,uint8,linear,half_open,clip_x,spline_component,256,1,1,0.9899491507086444,0.9843629673996749,0.9957156767283349,0.9900067768897304,0.9991061054136088,0.9990538477962826,0.9898734177215189,0.9842155919153032,0.9957156767283349,0.9899322362052275,0.9991032231566499,0.9990505392629225,0.9898734177215189,0.9842155919153032,0.9957156767283349,0.9899322362052275,0.9991032231566499,0.9990505394962302,7.965815966799709,0.0918614863348921,0.020122753903706325,0.9930121093020716,0.9301680859607586,200368,200368,4390992,144,4257792,66528,66528
experiment_data\runs\20260102_201007_seed42_DoS_Hulk_w32-16_g5_k3\lut_sweeps_v2\seed4_L128_asymmetric_uint8_linear_half_open_zero_spline_spline_component\eval\bs1_tt1_tn1\lut_report_unified.json,seed4_L128_asymmetric_uint8_linear_half_open_zero_spline_spline_component,4,128,asymmetric,uint8,linear,half_open,zero_spline,spline_component,1,1,1,0.9899491507086444,0.9843629673996749,0.9957156767283349,0.9900067768897304,0.9991061054136088,0.9990538477962826,0.9898734177215189,0.9842155919153032,0.9957156767283349,0.9899322362052275,0.9991032231566498,0.9990505396587218,0.9898734177215189,0.9842155919153032,0.9957156767283349,0.9899322362052275,0.9991032231566499,0.9990505396514948,204.94372139964253,10.905854400247335,0.04039299953728914,240.01064500771463,236.7684950120747,200368,200368,4390992,144,4257792,66528,66528
experiment_data\runs\20260102_201007_seed42_DoS_Hulk_w32-16_g5_k3\lut_sweeps_v2\seed4_L128_asymmetric_uint8_linear_half_open_zero_spline_spline_component\eval\bs256_tt1_tn1\lut_report_unified.json,seed4_L128_asymmetric_uint8_linear_half_open_zero_spline_spline_component,4,128,asymmetric,uint8,linear,half_open,zero_spline,spline_component,256,1,1,0.9899491507086444,0.9843629673996749,0.9957156767283349,0.9900067768897304,0.9991061054136088,0.9990538477962826,0.9898734177215189,0.9842155919153032,0.9957156767283349,0.9899322362052275,0.9991032231566498,0.9990505396587218,0.9898734177215189,0.9842155919153032,0.9957156767283349,0.9899322362052275,0.9991032231566499,0.9990505396514948,1.1551656425763213,0.09442474804018275,0.019822207032120787,0.9818387499763048,0.931948535162519,200368,200368,4390992,144,4257792,66528,66528
experiment_data\runs\20260102_201007_seed42_DoS_Hulk_w32-16_g5_k3\lut_sweeps_v2\seed4_L128_symmetric_int8_linear_closed_clip_x_spline_component\eval\bs1_tt1_tn1\lut_report_unified.json,seed4_L128_symmetric_int8_linear_closed_clip_x_spline_component,4,128,symmetric,int8,linear,closed,clip_x,spline_component,1,1,1,0.9899491507086444,0.9843629673996749,0.9957156767283349,0.9900067768897304,0.9991061054136088,0.9990538477962826,0.9898842367196797,0.9842366428540873,0.9957156767283349,0.9899428841872022,0.9991034670903529,0.9990508088975617,0.9898842367196797,0.9842366428540873,0.9957156767283349,0.9899428841872022,0.9991034673244542,0.9990508081527174,226.81138860061765,11.744319800287485,0.04419980011880398,300.45181999448687,286.06862500309944,200368,200368,4390992,144,4257792,66528,66528
experiment_data\runs\20260102_201007_seed42_DoS_Hulk_w32-16_g5_k3\lut_sweeps_v2\seed4_L128_symmetric_int8_linear_closed_clip_x_spline_component\eval\bs256_tt1_tn1\lut_report_unified.json,seed4_L128_symmetric_int8_linear_closed_clip_x_spline_component,4,128,symmetric,int8,linear,closed,clip_x,spline_component,256,1,1,0.9899491507086444,0.9843629673996749,0.9957156767283349,0.9900067768897304,0.9991061054136088,0.9990538477962826,0.9898842367196797,0.9842366428540873,0.9957156767283349,0.9899428841872022,0.9991034670903529,0.9990508088975617,0.9898842367196797,0.9842366428540873,0.9957156767283349,0.9899428841872022,0.9991034673244542,0.9990508081527174,1.3186485156256822,0.10653407617610355,0.023844773440941935,1.269918808611692,1.181344218821323,200368,200368,4390992,144,4257792,66528,66528
experiment_data\runs\20260102_201007_seed42_DoS_Hulk_w32-16_g5_k3\lut_sweeps_v2\seed4_L128_symmetric_int8_linear_closed_zero_spline_spline_component\eval\bs1_tt1_tn1\lut_report_unified.json,seed4_L128_symmetric_int8_linear_closed_zero_spline_spline_component,4,128,symmetric,int8,linear,closed,zero_spline,spline_component,1,1,1,0.9899491507086444,0.9843629673996749,0.9957156767283349,0.9900067768897304,0.9991061054136088,0.9990538477962826,0.9898842367196797,0.9842366428540873,0.9957156767283349,0.9899428841872022,0.9991034670903529,0.9990508088975617,0.9898842367196797,0.9842366428540873,0.9957156767283349,0.9899428841872022,0.9991034673244542,0.9990508081527174,230.9255510000512,11.832605199888349,0.04013399966061115,293.67485500406474,289.1830449923873,200368,200368,4390992,144,4257792,66528,66528
experiment_data\runs\20260102_201007_seed42_DoS_Hulk_w32-16_g5_k3\lut_sweeps_v2\seed4_L128_symmetric_int8_linear_closed_zero_spline_spline_component\eval\bs256_tt1_tn1\lut_report_unified.json,seed4_L128_symmetric_int8_linear_closed_zero_spline_spline_component,4,128,symmetric,int8,linear,closed,zero_spline,spline_component,256,1,1,0.9899491507086444,0.9843629673996749,0.9957156767283349,0.9900067768897304,0.9991061054136088,0.9990538477962826,0.9898842367196797,0.9842366428540873,0.9957156767283349,0.9899428841872022,0.9991034670903529,0.9990508088975617,0.9898842367196797,0.9842366428540873,0.9957156767283349,0.9899428841872022,0.9991034673244542,0.9990508081527174,1.299459576166555,0.10725225391070126,0.02467832812726556,1.2160493750343448,1.1593558593631315,200368,200368,4390992,144,4257792,66528,66528
experiment_data\runs\20260102_201007_seed42_DoS_Hulk_w32-16_g5_k3\lut_sweeps_v2\seed4_L128_symmetric_int8_linear_half_open_clip_x_spline_component\eval\bs1_tt1_tn1\lut_report_unified.json,seed4_L128_symmetric_int8_linear_half_open_clip_x_spline_component,4,128,symmetric,int8,linear,half_open,clip_x,spline_component,1,1,1,0.9899491507086444,0.9843629673996749,0.9957156767283349,0.9900067768897304,0.9991061054136088,0.9990538477962826,0.9898842367196797,0.9842366428540873,0.9957156767283349,0.9899428841872022,0.9991034670903529,0.9990508088975617,0.9898842367196797,0.9842366428540873,0.9957156767283349,0.9899428841872022,0.9991034673244542,0.9990508081527174,231.89073680061847,11.080556799657643,0.03845119941979647,299.4652099907398,296.08646500855684,200368,200368,4390992,144,4257792,66528,66528
experiment_data\runs\20260102_201007_seed42_DoS_Hulk_w32-16_g5_k3\lut_sweeps_v2\seed4_L128_symmetric_int8_linear_half_open_clip_x_spline_component\eval\bs256_tt1_tn1\lut_report_unified.json,seed4_L128_symmetric_int8_linear_half_open_clip_x_spline_component,4,128,symmetric,int8,linear,half_open,clip_x,spline_component,256,1,1,0.9899491507086444,0.9843629673996749,0.9957156767283349,0.9900067768897304,0.9991061054136088,0.9990538477962826,0.9898842367196797,0.9842366428540873,0.9957156767283349,0.9899428841872022,0.9991034670903529,0.9990508088975617,0.9898842367196797,0.9842366428540873,0.9957156767283349,0.9899428841872022,0.9991034673244542,0.9990508081527174,1.2947521855494415,0.0998533886649966,0.022339560546242865,1.1916187695533154,1.1442940429333248,200368,200368,4390992,144,4257792,66528,66528
experiment_data\runs\20260102_201007_seed42_DoS_Hulk_w32-16_g5_k3\lut_sweeps_v2\seed4_L128_symmetric_int8_linear_half_open_zero_spline_spline_component\eval\bs1_tt1_tn1\lut_report_unified.json,seed4_L128_symmetric_int8_linear_half_open_zero_spline_spline_component,4,128,symmetric,int8,linear,half_open,zero_spline,spline_component,1,1,1,0.9899491507086444,0.9843629673996749,0.9957156767283349,0.9900067768897304,0.9991061054136088,0.9990538477962826,0.9898842367196797,0.9842366428540873,0.9957156767283349,0.9899428841872022,0.9991034670903529,0.9990508088975617,0.9898842367196797,0.9842366428540873,0.9957156767283349,0.9899428841872022,0.9991034673244542,0.9990508081527174,225.82111999951303,11.017389399930835,0.037497200071811676,249.0446550073102,245.4378549940884,200368,200368,4390992,144,4257792,66528,66528
experiment_data\runs\20260102_201007_seed42_DoS_Hulk_w32-16_g5_k3\lut_sweeps_v2\seed4_L128_symmetric_int8_linear_half_open_zero_spline_spline_component\eval\bs256_tt1_tn1\lut_report_unified.json,seed4_L128_symmetric_int8_linear_half_open_zero_spline_spline_component,4,128,symmetric,int8,linear,half_open,zero_spline,spline_component,256,1,1,0.9899491507086444,0.9843629673996749,0.9957156767283349,0.9900067768897304,0.9991061054136088,0.9990538477962826,0.9898842367196797,0.9842366428540873,0.9957156767283349,0.9899428841872022,0.9991034670903529,0.9990508088975617,0.9898842367196797,0.9842366428540873,0.9957156767283349,0.9899428841872022,0.9991034673244542,0.9990508081527174,1.2254337441390817,0.10318810156604741,0.02330205077669234,1.0775294921586465,1.0290996484400239,200368,200368,4390992,144,4257792,66528,66528
experiment_data\runs\20260102_201007_seed42_DoS_Hulk_w32-16_g5_k3\lut_sweeps_v2\seed4_L16_asymmetric_uint8_linear_closed_clip_x_spline_component\eval\bs1_tt1_tn1\lut_report_unified.json,seed4_L16_asymmetric_uint8_linear_closed_clip_x_spline_component,4,16,asymmetric,uint8,linear,closed,clip_x,spline_component,1,1,1,0.9899491507086444,0.9843629673996749,0.9957156767283349,0.9900067768897304,0.9991061054136088,0.9990538477962826,0.9896029427674997,0.9833176691729323,0.9961051606621227,0.9896701099633456,0.9990859225918531,0.9990319009255247,0.9896029427674997,0.9833176691729323,0.9961051606621227,0.9896701099633456,0.9990859225918531,0.9990319007042305,148.72653639968485,6.782324000261724,0.02519560046494007,168.44440998975188,165.27106498833746,200368,200368,665424,144,532224,66528,66528
experiment_data\runs\20260102_201007_seed42_DoS_Hulk_w32-16_g5_k3\lut_sweeps_v2\seed4_L16_asymmetric_uint8_linear_closed_clip_x_spline_component\eval\bs256_tt1_tn1\lut_report_unified.json,seed4_L16_asymmetric_uint8_linear_closed_clip_x_spline_component,4,16,asymmetric,uint8,linear,closed,clip_x,spline_component,256,1,1,0.9899491507086444,0.9843629673996749,0.9957156767283349,0.9900067768897304,0.9991061054136088,0.9990538477962826,0.9896029427674997,0.9833176691729323,0.9961051606621227,0.9896701099633456,0.9990859225918531,0.9990319009255247,0.9896029427674997,0.9833176691729323,0.9961051606621227,0.9896701099633456,0.9990859225918531,0.9990319007042305,0.8535106816452753,0.06258388281821681,0.013346708992685308,0.6968481054173026,0.6888992577842146,200368,200368,665424,144,532224,66528,66528
experiment_data\runs\20260102_201007_seed42_DoS_Hulk_w32-16_g5_k3\lut_sweeps_v2\seed4_L16_asymmetric_uint8_linear_closed_zero_spline_spline_component\eval\bs1_tt1_tn1\lut_report_unified.json,seed4_L16_asymmetric_uint8_linear_closed_zero_spline_spline_component,4,16,asymmetric,uint8,linear,closed,zero_spline,spline_component,1,1,1,0.9899491507086444,0.9843629673996749,0.9957156767283349,0.9900067768897304,0.9991061054136088,0.9990538477962826,0.9896029427674997,0.9833176691729323,0.9961051606621227,0.9896701099633456,0.9990859366379398,0.9990319135157615,0.9896029427674997,0.9833176691729323,0.9961051606621227,0.9896701099633456,0.9990859366379398,0.9990319135412871,148.81761560030282,7.503633599728346,0.025100999511778355,170.40412498172373,165.93527998775244,200368,200368,665424,144,532224,66528,66528
experiment_data\runs\20260102_201007_seed42_DoS_Hulk_w32-16_g5_k3\lut_sweeps_v2\seed4_L16_asymmetric_uint8_linear_closed_zero_spline_spline_component\eval\bs256_tt1_tn1\lut_report_unified.json,seed4_L16_asymmetric_uint8_linear_closed_zero_spline_spline_component,4,16,asymmetric,uint8,linear,closed,zero_spline,spline_component,256,1,1,0.9899491507086444,0.9843629673996749,0.9957156767283349,0.9900067768897304,0.9991061054136088,0.9990538477962826,0.9896029427674997,0.9833176691729323,0.9961051606621227,0.9896701099633456,0.9990859366379398,0.9990319135157615,0.9896029427674997,0.9833176691729323,0.9961051606621227,0.9896701099633456,0.9990859366379398,0.9990319135412871,0.8392660937533947,0.06607651367630751,0.015278214841600858,0.6843743554782122,0.6537640624628693,200368,200368,665424,144,532224,66528,66528
experiment_data\runs\20260102_201007_seed42_DoS_Hulk_w32-16_g5_k3\lut_sweeps_v2\seed4_L16_asymmetric_uint8_linear_half_open_clip_x_spline_component\eval\bs1_tt1_tn1\lut_report_unified.json,seed4_L16_asymmetric_uint8_linear_half_open_clip_x_spline_component,4,16,asymmetric,uint8,linear,half_open,clip_x,spline_component,1,1,1,0.9899491507086444,0.9843629673996749,0.9957156767283349,0.9900067768897304,0.9991061054136088,0.9990538477962826,0.9896029427674997,0.9833176691729323,0.9961051606621227,0.9896701099633456,0.9990859225918531,0.9990319009255247,0.9896029427674997,0.9833176691729323,0.9961051606621227,0.9896701099633456,0.9990859225918531,0.9990319007042305,148.06984080001712,7.218004000373185,0.02534299995750189,167.20743500627577,163.54455000255257,200368,200368,665424,144,532224,66528,66528
experiment_data\runs\20260102_201007_seed42_DoS_Hulk_w32-16_g5_k3\lut_sweeps_v2\seed4_L16_asymmetric_uint8_linear_half_open_clip_x_spline_component\eval\bs256_tt1_tn1\lut_report_unified.json,seed4_L16_asymmetric_uint8_linear_half_open_clip_x_spline_component,4,16,asymmetric,uint8,linear,half_open,clip_x,spline_component,256,1,1,0.9899491507086444,0.9843629673996749,0.9957156767283349,0.9900067768897304,0.9991061054136088,0.9990538477962826,0.9896029427674997,0.9833176691729323,0.9961051606621227,0.9896701099633456,0.9990859225918531,0.9990319009255247,0.9896029427674997,0.9833176691729323,0.9961051606621227,0.9896701099633456,0.9990859225918531,0.9990319007042305,0.8411913164036378,0.06302194726231392,0.013388421875788481,0.6925683007466432,0.6630691991631465,200368,200368,665424,144,532224,66528,66528
experiment_data\runs\20260102_201007_seed42_DoS_Hulk_w32-16_g5_k3\lut_sweeps_v2\seed4_L16_asymmetric_uint8_linear_half_open_zero_spline_spline_component\eval\bs1_tt1_tn1\lut_report_unified.json,seed4_L16_asymmetric_uint8_linear_half_open_zero_spline_spline_component,4,16,asymmetric,uint8,linear,half_open,zero_spline,spline_component,1,1,1,0.9899491507086444,0.9843629673996749,0.9957156767283349,0.9900067768897304,0.9991061054136088,0.9990538477962826,0.9896029427674997,0.9833176691729323,0.9961051606621227,0.9896701099633456,0.9990859366379398,0.9990319135157615,0.9896029427674997,0.9833176691729323,0.9961051606621227,0.9896701099633456,0.9990859366379398,0.9990319135412871,147.85073360055685,7.721250799484551,0.027874600142240524,168.8551649916917,164.4246849929914,200368,200368,665424,144,532224,66528,66528
experiment_data\runs\20260102_201007_seed42_DoS_Hulk_w32-16_g5_k3\lut_sweeps_v2\seed4_L16_asymmetric_uint8_linear_half_open_zero_spline_spline_component\eval\bs256_tt1_tn1\lut_report_unified.json,seed4_L16_asymmetric_uint8_linear_half_open_zero_spline_spline_component,4,16,asymmetric,uint8,linear,half_open,zero_spline,spline_component,256,1,1,0.9899491507086444,0.9843629673996749,0.9957156767283349,0.9900067768897304,0.9991061054136088,0.9990538477962826,0.9896029427674997,0.9833176691729323,0.9961051606621227,0.9896701099633456,0.9990859366379398,0.9990319135157615,0.9896029427674997,0.9833176691729323,0.9961051606621227,0.9896701099633456,0.9990859366379398,0.9990319135412871,0.8340734609373612,0.06770210351533024,0.013507611329259817,0.7008662304542668,0.6614951757910603,200368,200368,665424,144,532224,66528,66528
experiment_data\runs\20260102_201007_seed42_DoS_Hulk_w32-16_g5_k3\lut_sweeps_v2\seed4_L16_symmetric_int8_linear_closed_clip_x_spline_component\eval\bs1_tt1_tn1\lut_report_unified.json,seed4_L16_symmetric_int8_linear_closed_clip_x_spline_component,4,16,symmetric,int8,linear,closed,clip_x,spline_component,1,1,1,0.9899491507086444,0.9843629673996749,0.9957156767283349,0.9900067768897304,0.9991061054136088,0.9990538477962826,0.9896029427674997,0.9833176691729323,0.9961051606621227,0.9896701099633456,0.9990867279008151,0.9990328672540946,0.9896029427674997,0.9833176691729323,0.9961051606621227,0.9896701099633456,0.9990867279008151,0.9990328668762254,147.51168760005385,6.773000200279057,0.025567200034856796,167.89760501123965,165.05728501360863,200368,200368,665424,144,532224,66528,66528
experiment_data\runs\20260102_201007_seed42_DoS_Hulk_w32-16_g5_k3\lut_sweeps_v2\seed4_L16_symmetric_int8_linear_closed_clip_x_spline_component\eval\bs256_tt1_tn1\lut_report_unified.json,seed4_L16_symmetric_int8_linear_closed_clip_x_spline_component,4,16,symmetric,int8,linear,closed,clip_x,spline_component,256,1,1,0.9899491507086444,0.9843629673996749,0.9957156767283349,0.9900067768897304,0.9991061054136088,0.9990538477962826,0.9896029427674997,0.9833176691729323,0.9961051606621227,0.9896701099633456,0.9990867279008151,0.9990328672540946,0.9896029427674997,0.9833176691729323,0.9961051606621227,0.9896701099633456,0.9990867279008151,0.9990328668762254,0.834589386722655,0.061131253905841725,0.013500447266778792,0.6836136328274733,0.6510821093797858,200368,200368,665424,144,532224,66528,66528
experiment_data\runs\20260102_201007_seed42_DoS_Hulk_w32-16_g5_k3\lut_sweeps_v2\seed4_L16_symmetric_int8_linear_closed_zero_spline_spline_component\eval\bs1_tt1_tn1\lut_report_unified.json,seed4_L16_symmetric_int8_linear_closed_zero_spline_spline_component,4,16,symmetric,int8,linear,closed,zero_spline,spline_component,1,1,1,0.9899491507086444,0.9843629673996749,0.9957156767283349,0.9900067768897304,0.9991061054136088,0.9990538477962826,0.9896029427674997,0.9833176691729323,0.9961051606621227,0.9896701099633456,0.9990867279008151,0.9990328672540946,0.9896029427674997,0.9833176691729323,0.9961051606621227,0.9896701099633456,0.9990867279008151,0.9990328668762254,147.88511840067804,7.494973200373352,0.042457000352442265,166.42924500629306,164.01846499647945,200368,200368,665424,144,532224,66528,66528
experiment_data\runs\20260102_201007_seed42_DoS_Hulk_w32-16_g5_k3\lut_sweeps_v2\seed4_L16_symmetric_int8_linear_closed_zero_spline_spline_component\eval\bs256_tt1_tn1\lut_report_unified.json,seed4_L16_symmetric_int8_linear_closed_zero_spline_spline_component,4,16,symmetric,int8,linear,closed,zero_spline,spline_component,256,1,1,0.9899491507086444,0.9843629673996749,0.9957156767283349,0.9900067768897304,0.9991061054136088,0.9990538477962826,0.9896029427674997,0.9833176691729323,0.9961051606621227,0.9896701099633456,0.9990867279008151,0.9990328672540946,0.9896029427674997,0.9833176691729323,0.9961051606621227,0.9896701099633456,0.9990867279008151,0.9990328668762254,0.841981484381904,0.06726773437549127,0.01355533593596192,0.6887048827593389,0.6580708789442724,200368,200368,665424,144,532224,66528,66528
experiment_data\runs\20260102_201007_seed42_DoS_Hulk_w32-16_g5_k3\lut_sweeps_v2\seed4_L16_symmetric_int8_linear_half_open_clip_x_spline_component\eval\bs1_tt1_tn1\lut_report_unified.json,seed4_L16_symmetric_int8_linear_half_open_clip_x_spline_component,4,16,symmetric,int8,linear,half_open,clip_x,spline_component,1,1,1,0.9899491507086444,0.9843629673996749,0.9957156767283349,0.9900067768897304,0.9991061054136088,0.9990538477962826,0.9896029427674997,0.9833176691729323,0.9961051606621227,0.9896701099633456,0.9990867279008151,0.9990328672540946,0.9896029427674997,0.9833176691729323,0.9961051606621227,0.9896701099633456,0.9990867279008151,0.9990328668762254,147.5908909998834,7.157072399742901,0.029662800021469593,168.5136300045997,164.12098000291735,200368,200368,665424,144,532224,66528,66528
experiment_data\runs\20260102_201007_seed42_DoS_Hulk_w32-16_g5_k3\lut_sweeps_v2\seed4_L16_symmetric_int8_linear_half_open_clip_x_spline_component\eval\bs256_tt1_tn1\lut_report_unified.json,seed4_L16_symmetric_int8_linear_half_open_clip_x_spline_component,4,16,symmetric,int8,linear,half_open,clip_x,spline_component,256,1,1,0.9899491507086444,0.9843629673996749,0.9957156767283349,0.9900067768897304,0.9991061054136088,0.9990538477962826,0.9896029427674997,0.9833176691729323,0.9961051606621227,0.9896701099633456,0.9990867279008151,0.9990328672540946,0.9896029427674997,0.9833176691729323,0.9961051606621227,0.9896701099633456,0.9990867279008151,0.9990328668762254,0.8411518906268611,0.062294076169564505,0.013630566409119638,0.6880648437800119,0.6666114258223388,200368,200368,665424,144,532224,66528,66528
experiment_data\runs\20260102_201007_seed42_DoS_Hulk_w32-16_g5_k3\lut_sweeps_v2\seed4_L16_symmetric_int8_linear_half_open_zero_spline_spline_component\eval\bs1_tt1_tn1\lut_report_unified.json,seed4_L16_symmetric_int8_linear_half_open_zero_spline_spline_component,4,16,symmetric,int8,linear,half_open,zero_spline,spline_component,1,1,1,0.9899491507086444,0.9843629673996749,0.9957156767283349,0.9900067768897304,0.9991061054136088,0.9990538477962826,0.9896029427674997,0.9833176691729323,0.9961051606621227,0.9896701099633456,0.9990867279008151,0.9990328672540946,0.9896029427674997,0.9833176691729323,0.9961051606621227,0.9896701099633456,0.9990867279008151,0.9990328668762254,147.8576020002365,7.794993199408054,0.02572259958833456,179.90271500311792,164.0691249864176,200368,200368,665424,144,532224,66528,66528
experiment_data\runs\20260102_201007_seed42_DoS_Hulk_w32-16_g5_k3\lut_sweeps_v2\seed4_L16_symmetric_int8_linear_half_open_zero_spline_spline_component\eval\bs256_tt1_tn1\lut_report_unified.json,seed4_L16_symmetric_int8_linear_half_open_zero_spline_spline_component,4,16,symmetric,int8,linear,half_open,zero_spline,spline_component,256,1,1,0.9899491507086444,0.9843629673996749,0.9957156767283349,0.9900067768897304,0.9991061054136088,0.9990538477962826,0.9896029427674997,0.9833176691729323,0.9961051606621227,0.9896701099633456,0.9990867279008151,0.9990328672540946,0.9896029427674997,0.9833176691729323,0.9961051606621227,0.9896701099633456,0.9990867279008151,0.9990328668762254,0.8378763164091652,0.0673084667960211,0.013647406249219785,0.6918228319591435,0.6747313672349264,200368,200368,665424,144,532224,66528,66528
experiment_data\runs\20260102_201007_seed42_DoS_Hulk_w32-16_g5_k3\lut_sweeps_v2\seed4_L256_asymmetric_uint8_linear_closed_clip_x_spline_component\eval\bs1_tt1_tn1\lut_report_unified.json,seed4_L256_asymmetric_uint8_linear_closed_clip_x_spline_component,4,256,asymmetric,uint8,linear,closed,clip_x,spline_component,1,1,1,0.9899491507086444,0.9843629673996749,0.9957156767283349,0.9900067768897304,0.9991061054136088,0.9990538477962826,0.9899058747160013,0.9842787474332649,0.9957156767283349,0.989964180838362,0.9991046020141456,0.9990520478124402,0.9899058747160013,0.9842787474332649,0.9957156767283349,0.989964180838362,0.9991046001413341,0.9990520439079206,206.86234639957547,9.429437400773168,0.040415000170469284,256.13532999996096,258.21108501404524,200368,200368,8648784,144,8515584,66528,66528
experiment_data\runs\20260102_201007_seed42_DoS_Hulk_w32-16_g5_k3\lut_sweeps_v2\seed4_L256_asymmetric_uint8_linear_closed_clip_x_spline_component\eval\bs256_tt1_tn1\lut_report_unified.json,seed4_L256_asymmetric_uint8_linear_closed_clip_x_spline_component,4,256,asymmetric,uint8,linear,closed,clip_x,spline_component,256,1,1,0.9899491507086444,0.9843629673996749,0.9957156767283349,0.9900067768897304,0.9991061054136088,0.9990538477962826,0.9899058747160013,0.9842787474332649,0.9957156767283349,0.989964180838362,0.9991046020141456,0.9990520478124402,0.9899058747160013,0.9842787474332649,0.9957156767283349,0.989964180838362,0.9991046001413341,0.9990520439079206,1.158868396487378,0.06772255859686993,0.02074806445307331,1.0650749219166755,1.0969642382406164,200368,200368,8648784,144,8515584,66528,66528
experiment_data\runs\20260102_201007_seed42_DoS_Hulk_w32-16_g5_k3\lut_sweeps_v2\seed4_L256_asymmetric_uint8_linear_closed_zero_spline_spline_component\eval\bs1_tt1_tn1\lut_report_unified.json,seed4_L256_asymmetric_uint8_linear_closed_zero_spline_spline_component,4,256,asymmetric,uint8,linear,closed,zero_spline,spline_component,1,1,1,0.9899491507086444,0.9843629673996749,0.9957156767283349,0.9900067768897304,0.9991061054136088,0.9990538477962826,0.9899058747160013,0.9842787474332649,0.9957156767283349,0.989964180838362,0.9991045982685225,0.9990520437314503,0.9899058747160013,0.9842787474332649,0.9957156767283349,0.989964180838362,0.9991045982685225,0.9990520434648898,220.77128999959677,10.62508019991219,0.037781200371682644,257.32513000257313,251.3702450087294,200368,200368,8648784,144,8515584,66528,66528
experiment_data\runs\20260102_201007_seed42_DoS_Hulk_w32-16_g5_k3\lut_sweeps_v2\seed4_L256_asymmetric_uint8_linear_closed_zero_spline_spline_component\eval\bs256_tt1_tn1\lut_report_unified.json,seed4_L256_asymmetric_uint8_linear_closed_zero_spline_spline_component,4,256,asymmetric,uint8,linear,closed,zero_spline,spline_component,256,1,1,0.9899491507086444,0.9843629673996749,0.9957156767283349,0.9900067768897304,0.9991061054136088,0.9990538477962826,0.9899058747160013,0.9842787474332649,0.9957156767283349,0.989964180838362,0.9991045982685225,0.9990520437314503,0.9899058747160013,0.9842787474332649,0.9957156767283349,0.989964180838362,0.9991045982685225,0.9990520434648898,1.1820519414050068,0.09973863671802974,0.02070729101433244,1.0720700781348569,1.0289592188200913,200368,200368,8648784,144,8515584,66528,66528
experiment_data\runs\20260102_201007_seed42_DoS_Hulk_w32-16_g5_k3\lut_sweeps_v2\seed4_L256_asymmetric_uint8_linear_half_open_clip_x_spline_component\eval\bs1_tt1_tn1\lut_report_unified.json,seed4_L256_asymmetric_uint8_linear_half_open_clip_x_spline_component,4,256,asymmetric,uint8,linear,half_open,clip_x,spline_component,1,1,1,0.9899491507086444,0.9843629673996749,0.9957156767283349,0.9900067768897304,0.9991061054136088,0.9990538477962826,0.9899058747160013,0.9842787474332649,0.9957156767283349,0.989964180838362,0.9991046020141456,0.9990520478124402,0.9899058747160013,0.9842787474332649,0.9957156767283349,0.989964180838362,0.9991046001413341,0.9990520439079206,213.76797579973936,9.97429919987917,0.037855399772524834,260.8341349987313,256.5228249877691,200368,200368,8648784,144,8515584,66528,66528
experiment_data\runs\20260102_201007_seed42_DoS_Hulk_w32-16_g5_k3\lut_sweeps_v2\seed4_L256_asymmetric_uint8_linear_half_open_clip_x_spline_component\eval\bs256_tt1_tn1\lut_report_unified.json,seed4_L256_asymmetric_uint8_linear_half_open_clip_x_spline_component,4,256,asymmetric,uint8,linear,half_open,clip_x,spline_component,256,1,1,0.9899491507086444,0.9843629673996749,0.9957156767283349,0.9900067768897304,0.9991061054136088,0.9990538477962826,0.9899058747160013,0.9842787474332649,0.9957156767283349,0.989964180838362,0.9991046020141456,0.9990520478124402,0.9899058747160013,0.9842787474332649,0.9957156767283349,0.989964180838362,0.9991046001413341,0.9990520439079206,1.1944816542927583,0.09069035742868437,0.021033722659922205,1.0705755468734424,1.064557031259028,200368,200368,8648784,144,8515584,66528,66528
experiment_data\runs\20260102_201007_seed42_DoS_Hulk_w32-16_g5_k3\lut_sweeps_v2\seed4_L256_asymmetric_uint8_linear_half_open_zero_spline_spline_component\eval\bs1_tt1_tn1\lut_report_unified.json,seed4_L256_asymmetric_uint8_linear_half_open_zero_spline_spline_component,4,256,asymmetric,uint8,linear,half_open,zero_spline,spline_component,1,1,1,0.9899491507086444,0.9843629673996749,0.9957156767283349,0.9900067768897304,0.9991061054136088,0.9990538477962826,0.9899058747160013,0.9842787474332649,0.9957156767283349,0.989964180838362,0.9991045982685225,0.9990520437314503,0.9899058747160013,0.9842787474332649,0.9957156767283349,0.989964180838362,0.9991045982685225,0.9990520434648898,226.69775140006095,13.062582199461758,0.03681840002536774,255.79930499661714,249.96224001515657,200368,200368,8648784,144,8515584,66528,66528
experiment_data\runs\20260102_201007_seed42_DoS_Hulk_w32-16_g5_k3\lut_sweeps_v2\seed4_L256_asymmetric_uint8_linear_half_open_zero_spline_spline_component\eval\bs256_tt1_tn1\lut_report_unified.json,seed4_L256_asymmetric_uint8_linear_half_open_zero_spline_spline_component,4,256,asymmetric,uint8,linear,half_open,zero_spline,spline_component,256,1,1,0.9899491507086444,0.9843629673996749,0.9957156767283349,0.9900067768897304,0.9991061054136088,0.9990538477962826,0.9899058747160013,0.9842787474332649,0.9957156767283349,0.989964180838362,0.9991045982685225,0.9990520437314503,0.9899058747160013,0.9842787474332649,0.9957156767283349,0.989964180838362,0.9991045982685225,0.9990520434648898,1.2347482324184966,0.10569845898316999,0.022889812498760875,1.2185400390990253,1.2459189649234759,200368,200368,8648784,144,8515584,66528,66528
experiment_data\runs\20260102_201007_seed42_DoS_Hulk_w32-16_g5_k3\lut_sweeps_v2\seed4_L256_symmetric_int8_linear_closed_clip_x_spline_component\eval\bs1_tt1_tn1\lut_report_unified.json,seed4_L256_symmetric_int8_linear_closed_clip_x_spline_component,4,256,symmetric,int8,linear,closed,clip_x,spline_component,1,1,1,0.9899491507086444,0.9843629673996749,0.9957156767283349,0.9900067768897304,0.9991061054136088,0.9990538477962826,0.9898950557178405,0.9842576946933886,0.9957156767283349,0.9899535323982446,0.9991045383385533,0.9990519752559315,0.9898950557178405,0.9842576946933886,0.9957156767283349,0.9899535323982446,0.9991045383385533,0.9990519753034304,205.3673638002947,9.48022019956261,0.03808839991688728,248.71373500209302,244.99297498259693,200368,200368,8648784,144,8515584,66528,66528
experiment_data\runs\20260102_201007_seed42_DoS_Hulk_w32-16_g5_k3\lut_sweeps_v2\seed4_L256_symmetric_int8_linear_closed_clip_x_spline_component\eval\bs256_tt1_tn1\lut_report_unified.json,seed4_L256_symmetric_int8_linear_closed_clip_x_spline_component,4,256,symmetric,int8,linear,closed,clip_x,spline_component,256,1,1,0.9899491507086444,0.9843629673996749,0.9957156767283349,0.9900067768897304,0.9991061054136088,0.9990538477962826,0.9898950557178405,0.9842576946933886,0.9957156767283349,0.9899535323982446,0.9991045383385533,0.9990519752559315,0.9898950557178405,0.9842576946933886,0.9957156767283349,0.9899535323982446,0.9991045383385533,0.9990519753034304,1.1684521425740968,0.0863987148477463,0.020352798828753293,1.020791757855477,0.993390566418384,200368,200368,8648784,144,8515584,66528,66528
experiment_data\runs\20260102_201007_seed42_DoS_Hulk_w32-16_g5_k3\lut_sweeps_v2\seed4_L256_symmetric_int8_linear_closed_zero_spline_spline_component\eval\bs1_tt1_tn1\lut_report_unified.json,seed4_L256_symmetric_int8_linear_closed_zero_spline_spline_component,4,256,symmetric,int8,linear,closed,zero_spline,spline_component,1,1,1,0.9899491507086444,0.9843629673996749,0.9957156767283349,0.9900067768897304,0.9991061054136088,0.9990538477962826,0.9898950557178405,0.9842576946933886,0.9957156767283349,0.9899535323982446,0.9991045383385533,0.9990519752559315,0.9898950557178405,0.9842576946933886,0.9957156767283349,0.9899535323982446,0.9991045383385533,0.9990519753034304,205.9215850001201,10.471312600187957,0.03726219944655895,252.44857999496162,245.07265000138432,200368,200368,8648784,144,8515584,66528,66528
experiment_data\runs\20260102_201007_seed42_DoS_Hulk_w32-16_g5_k3\lut_sweeps_v2\seed4_L256_symmetric_int8_linear_closed_zero_spline_spline_component\eval\bs256_tt1_tn1\lut_report_unified.json,seed4_L256_symmetric_int8_linear_closed_zero_spline_spline_component,4,256,symmetric,int8,linear,closed,zero_spline,spline_component,256,1,1,0.9899491507086444,0.9843629673996749,0.9957156767283349,0.9900067768897304,0.9991061054136088,0.9990538477962826,0.9898950557178405,0.9842576946933886,0.9957156767283349,0.9899535323982446,0.9991045383385533,0.9990519752559315,0.9898950557178405,0.9842576946933886,0.9957156767283349,0.9899535323982446,0.9991045383385533,0.9990519753034304,1.1800871445302619,0.09380123632581672,0.02043289063294651,1.0499764453015814,0.9782455078493513,200368,200368,8648784,144,8515584,66528,66528
experiment_data\runs\20260102_201007_seed42_DoS_Hulk_w32-16_g5_k3\lut_sweeps_v2\seed4_L256_symmetric_int8_linear_half_open_clip_x_spline_component\eval\bs1_tt1_tn1\lut_report_unified.json,seed4_L256_symmetric_int8_linear_half_open_clip_x_spline_component,4,256,symmetric,int8,linear,half_open,clip_x,spline_component,1,1,1,0.9899491507086444,0.9843629673996749,0.9957156767283349,0.9900067768897304,0.9991061054136088,0.9990538477962826,0.9898950557178405,0.9842576946933886,0.9957156767283349,0.9899535323982446,0.9991045383385533,0.9990519752559315,0.9898950557178405,0.9842576946933886,0.9957156767283349,0.9899535323982446,0.9991045383385533,0.9990519753034304,205.1320653995499,9.786961399950087,0.03673280030488968,248.76278000883758,246.11146999523044,200368,200368,8648784,144,8515584,66528,66528
experiment_data\runs\20260102_201007_seed42_DoS_Hulk_w32-16_g5_k3\lut_sweeps_v2\seed4_L256_symmetric_int8_linear_half_open_clip_x_spline_component\eval\bs256_tt1_tn1\lut_report_unified.json,seed4_L256_symmetric_int8_linear_half_open_clip_x_spline_component,4,256,symmetric,int8,linear,half_open,clip_x,spline_component,256,1,1,0.9899491507086444,0.9843629673996749,0.9957156767283349,0.9900067768897304,0.9991061054136088,0.9990538477962826,0.9898950557178405,0.9842576946933886,0.9957156767283349,0.9899535323982446,0.9991045383385533,0.9990519752559315,0.9898950557178405,0.9842576946933886,0.9957156767283349,0.9899535323982446,0.9991045383385533,0.9990519753034304,1.1726790878947213,0.08798049218967208,0.020908042970404495,1.0203859374996682,0.9834285546276079,200368,200368,8648784,144,8515584,66528,66528
experiment_data\runs\20260102_201007_seed42_DoS_Hulk_w32-16_g5_k3\lut_sweeps_v2\seed4_L256_symmetric_int8_linear_half_open_zero_spline_spline_component\eval\bs1_tt1_tn1\lut_report_unified.json,seed4_L256_symmetric_int8_linear_half_open_zero_spline_spline_component,4,256,symmetric,int8,linear,half_open,zero_spline,spline_component,1,1,1,0.9899491507086444,0.9843629673996749,0.9957156767283349,0.9900067768897304,0.9991061054136088,0.9990538477962826,0.9898950557178405,0.9842576946933886,0.9957156767283349,0.9899535323982446,0.9991045383385533,0.9990519752559315,0.9898950557178405,0.9842576946933886,0.9957156767283349,0.9899535323982446,0.9991045383385533,0.9990519753034304,205.8934046002105,10.954435200430453,0.0442956006154418,249.67680999543518,247.0644799992442,200368,200368,8648784,144,8515584,66528,66528
experiment_data\runs\20260102_201007_seed42_DoS_Hulk_w32-16_g5_k3\lut_sweeps_v2\seed4_L256_symmetric_int8_linear_half_open_zero_spline_spline_component\eval\bs256_tt1_tn1\lut_report_unified.json,seed4_L256_symmetric_int8_linear_half_open_zero_spline_spline_component,4,256,symmetric,int8,linear,half_open,zero_spline,spline_component,256,1,1,0.9899491507086444,0.9843629673996749,0.9957156767283349,0.9900067768897304,0.9991061054136088,0.9990538477962826,0.9898950557178405,0.9842576946933886,0.9957156767283349,0.9899535323982446,0.9991045383385533,0.9990519752559315,0.9898950557178405,0.9842576946933886,0.9957156767283349,0.9899535323982446,0.9991045383385533,0.9990519753034304,1.1541182109340298,0.0941342695386993,0.020520197267615004,1.0514591015635233,0.9889319726426038,200368,200368,8648784,144,8515584,66528,66528
experiment_data\runs\20260102_201007_seed42_DoS_Hulk_w32-16_g5_k3\lut_sweeps_v2\seed4_L2_asymmetric_uint8_linear_closed_clip_x_spline_component\eval\bs1_tt1_tn1\lut_report_unified.json,seed4_L2_asymmetric_uint8_linear_closed_clip_x_spline_component,4,2,asymmetric,uint8,linear,closed,clip_x,spline_component,1,1,1,0.9899491507086444,0.9843629673996749,0.9957156767283349,0.9900067768897304,0.9991061054136088,0.9990538477962826,0.9872768581629341,0.9764922451915956,0.9985935302390999,0.9874192306046472,0.9987906963264298,0.9986899189987554,0.9872768581629341,0.9764922451915956,0.9985935302390999,0.9874192306046472,0.9987906963264299,0.9986899188950423,148.05880580004305,6.765854399651289,0.02465080004185438,166.81542999576777,165.24232998490334,200368,200368,199728,144,66528,66528,66528
experiment_data\runs\20260102_201007_seed42_DoS_Hulk_w32-16_g5_k3\lut_sweeps_v2\seed4_L2_asymmetric_uint8_linear_closed_clip_x_spline_component\eval\bs256_tt1_tn1\lut_report_unified.json,seed4_L2_asymmetric_uint8_linear_closed_clip_x_spline_component,4,2,asymmetric,uint8,linear,closed,clip_x,spline_component,256,1,1,0.9899491507086444,0.9843629673996749,0.9957156767283349,0.9900067768897304,0.9991061054136088,0.9990538477962826,0.9872768581629341,0.9764922451915956,0.9985935302390999,0.9874192306046472,0.9987906963264298,0.9986899189987554,0.9872768581629341,0.9764922451915956,0.9985935302390999,0.9874192306046472,0.9987906963264299,0.9986899188950423,0.8437016210882575,0.0616442226601066,0.012924970706080785,0.6702650976876612,0.6380654883287207,200368,200368,199728,144,66528,66528,66528
experiment_data\runs\20260102_201007_seed42_DoS_Hulk_w32-16_g5_k3\lut_sweeps_v2\seed4_L2_asymmetric_uint8_linear_closed_zero_spline_spline_component\eval\bs1_tt1_tn1\lut_report_unified.json,seed4_L2_asymmetric_uint8_linear_closed_zero_spline_spline_component,4,2,asymmetric,uint8,linear,closed,zero_spline,spline_component,1,1,1,0.9899491507086444,0.9843629673996749,0.9957156767283349,0.9900067768897304,0.9991061054136088,0.9990538477962826,0.9872552201666126,0.976450923555424,0.9985935302390999,0.9873981043668029,0.9987876623717362,0.9986874151208296,0.9872552201666126,0.976450923555424,0.9985935302390999,0.9873981043668029,0.9987876623717361,0.9986874150234953,148.4244791995734,7.552756799384952,0.024779600091278553,168.37430999148637,161.73157498706132,200368,200368,199728,144,66528,66528,66528
experiment_data\runs\20260102_201007_seed42_DoS_Hulk_w32-16_g5_k3\lut_sweeps_v2\seed4_L2_asymmetric_uint8_linear_closed_zero_spline_spline_component\eval\bs256_tt1_tn1\lut_report_unified.json,seed4_L2_asymmetric_uint8_linear_closed_zero_spline_spline_component,4,2,asymmetric,uint8,linear,closed,zero_spline,spline_component,256,1,1,0.9899491507086444,0.9843629673996749,0.9957156767283349,0.9900067768897304,0.9991061054136088,0.9990538477962826,0.9872552201666126,0.976450923555424,0.9985935302390999,0.9873981043668029,0.9987876623717362,0.9986874151208296,0.9872552201666126,0.976450923555424,0.9985935302390999,0.9873981043668029,0.9987876623717361,0.9986874150234953,0.8475984218694066,0.06718166797327285,0.013044992192590144,0.690263261731161,0.646129589767952,200368,200368,199728,144,66528,66528,66528
experiment_data\runs\20260102_201007_seed42_DoS_Hulk_w32-16_g5_k3\lut_sweeps_v2\seed4_L2_asymmetric_uint8_linear_half_open_clip_x_spline_component\eval\bs1_tt1_tn1\lut_report_unified.json,seed4_L2_asymmetric_uint8_linear_half_open_clip_x_spline_component,4,2,asymmetric,uint8,linear,half_open,clip_x,spline_component,1,1,1,0.9899491507086444,0.9843629673996749,0.9957156767283349,0.9900067768897304,0.9991061054136088,0.9990538477962826,0.9872768581629341,0.9764922451915956,0.9985935302390999,0.9874192306046472,0.9987906963264298,0.998689918666764,0.9872768581629341,0.9764922451915956,0.9985935302390999,0.9874192306046472,0.9987906963264298,0.9986899189700824,148.77340979967266,7.10127819981426,0.025278800167143345,164.40998998004943,162.6287850085646,200368,200368,199728,144,66528,66528,66528
experiment_data\runs\20260102_201007_seed42_DoS_Hulk_w32-16_g5_k3\lut_sweeps_v2\seed4_L2_asymmetric_uint8_linear_half_open_clip_x_spline_component\eval\bs256_tt1_tn1\lut_report_unified.json,seed4_L2_asymmetric_uint8_linear_half_open_clip_x_spline_component,4,2,asymmetric,uint8,linear,half_open,clip_x,spline_component,256,1,1,0.9899491507086444,0.9843629673996749,0.9957156767283349,0.9900067768897304,0.9991061054136088,0.9990538477962826,0.9872768581629341,0.9764922451915956,0.9985935302390999,0.9874192306046472,0.9987906963264298,0.998689918666764,0.9872768581629341,0.9764922451915956,0.9985935302390999,0.9874192306046472,0.9987906963264298,0.9986899189700824,0.8601971738244174,0.062313222661032334,0.012861619134127977,0.6821438280894654,0.6428280273212295,200368,200368,199728,144,66528,66528,66528
experiment_data\runs\20260102_201007_seed42_DoS_Hulk_w32-16_g5_k3\lut_sweeps_v2\seed4_L2_asymmetric_uint8_linear_half_open_zero_spline_spline_component\eval\bs1_tt1_tn1\lut_report_unified.json,seed4_L2_asymmetric_uint8_linear_half_open_zero_spline_spline_component,4,2,asymmetric,uint8,linear,half_open,zero_spline,spline_component,1,1,1,0.9899491507086444,0.9843629673996749,0.9957156767283349,0.9900067768897304,0.9991061054136088,0.9990538477962826,0.9872552201666126,0.976450923555424,0.9985935302390999,0.9873981043668029,0.9987876623717362,0.9986874151208296,0.9872552201666126,0.976450923555424,0.9985935302390999,0.9873981043668029,0.9987876623717361,0.9986874150234953,147.41577799990773,7.870419200509786,0.025313399732112885,168.96906499750912,164.21429999172688,200368,200368,199728,144,66528,66528,66528
experiment_data\runs\20260102_201007_seed42_DoS_Hulk_w32-16_g5_k3\lut_sweeps_v2\seed4_L2_asymmetric_uint8_linear_half_open_zero_spline_spline_component\eval\bs256_tt1_tn1\lut_report_unified.json,seed4_L2_asymmetric_uint8_linear_half_open_zero_spline_spline_component,4,2,asymmetric,uint8,linear,half_open,zero_spline,spline_component,256,1,1,0.9899491507086444,0.9843629673996749,0.9957156767283349,0.9900067768897304,0.9991061054136088,0.9990538477962826,0.9872552201666126,0.976450923555424,0.9985935302390999,0.9873981043668029,0.9987876623717362,0.9986874151208296,0.9872552201666126,0.976450923555424,0.9985935302390999,0.9873981043668029,0.9987876623717361,0.9986874150234953,0.8445648066481226,0.06725507421833754,0.012894919918835512,0.6776661327421607,0.6454190820477379,200368,200368,199728,144,66528,66528,66528
experiment_data\runs\20260102_201007_seed42_DoS_Hulk_w32-16_g5_k3\lut_sweeps_v2\seed4_L2_symmetric_int8_linear_closed_clip_x_spline_component\eval\bs1_tt1_tn1\lut_report_unified.json,seed4_L2_symmetric_int8_linear_closed_clip_x_spline_component,4,2,symmetric,int8,linear,closed,clip_x,spline_component,1,1,1,0.9899491507086444,0.9843629673996749,0.9957156767283349,0.9900067768897304,0.9991061054136088,0.9990538477962826,0.9872876771610949,0.9765129073212019,0.9985935302390999,0.9874297940625836,0.9987923795158007,0.9986921577280977,0.9872876771610949,0.9765129073212019,0.9985935302390999,0.9874297940625836,0.9987923795158007,0.9986921565795928,148.98674080055207,6.82041799928993,0.025124800391495228,163.18075500894338,163.1789149949327,200368,200368,199728,144,66528,66528,66528
experiment_data\runs\20260102_201007_seed42_DoS_Hulk_w32-16_g5_k3\lut_sweeps_v2\seed4_L2_symmetric_int8_linear_closed_clip_x_spline_component\eval\bs256_tt1_tn1\lut_report_unified.json,seed4_L2_symmetric_int8_linear_closed_clip_x_spline_component,4,2,symmetric,int8,linear,closed,clip_x,spline_component,256,1,1,0.9899491507086444,0.9843629673996749,0.9957156767283349,0.9900067768897304,0.9991061054136088,0.9990538477962826,0.9872876771610949,0.9765129073212019,0.9985935302390999,0.9874297940625836,0.9987923795158007,0.9986921577280977,0.9872876771610949,0.9765129073212019,0.9985935302390999,0.9874297940625836,0.9987923795158007,0.9986921565795928,0.8380676269553078,0.06096447070376598,0.013186083979235264,0.6744453516148496,0.644400175769988,200368,200368,199728,144,66528,66528,66528
experiment_data\runs\20260102_201007_seed42_DoS_Hulk_w32-16_g5_k3\lut_sweeps_v2\seed4_L2_symmetric_int8_linear_closed_zero_spline_spline_component\eval\bs1_tt1_tn1\lut_report_unified.json,seed4_L2_symmetric_int8_linear_closed_zero_spline_spline_component,4,2,symmetric,int8,linear,closed,zero_spline,spline_component,1,1,1,0.9899491507086444,0.9843629673996749,0.9957156767283349,0.9900067768897304,0.9991061054136088,0.9990538477962826,0.9872660391647733,0.9764715839363548,0.9985935302390999,0.9874086673727227,0.9987830051576411,0.9986822759064673,0.9872660391647733,0.9764715839363548,0.9985935302390999,0.9874086673727227,0.998783005157641,0.9986822748768288,148.39678000006825,7.548570599406958,0.025918999686837196,164.26218999549747,162.8783999942243,200368,200368,199728,144,66528,66528,66528
experiment_data\runs\20260102_201007_seed42_DoS_Hulk_w32-16_g5_k3\lut_sweeps_v2\seed4_L2_symmetric_int8_linear_closed_zero_spline_spline_component\eval\bs256_tt1_tn1\lut_report_unified.json,seed4_L2_symmetric_int8_linear_closed_zero_spline_spline_component,4,2,symmetric,int8,linear,closed,zero_spline,spline_component,256,1,1,0.9899491507086444,0.9843629673996749,0.9957156767283349,0.9900067768897304,0.9991061054136088,0.9990538477962826,0.9872660391647733,0.9764715839363548,0.9985935302390999,0.9874086673727227,0.9987830051576411,0.9986822759064673,0.9872660391647733,0.9764715839363548,0.9985935302390999,0.9874086673727227,0.998783005157641,0.9986822748768288,0.8511044668011891,0.06973360937081452,0.01321233007729461,0.7066191601552418,0.6484698046733683,200368,200368,199728,144,66528,66528,66528
experiment_data\runs\20260102_201007_seed42_DoS_Hulk_w32-16_g5_k3\lut_sweeps_v2\seed4_L2_symmetric_int8_linear_half_open_clip_x_spline_component\eval\bs1_tt1_tn1\lut_report_unified.json,seed4_L2_symmetric_int8_linear_half_open_clip_x_spline_component,4,2,symmetric,int8,linear,half_open,clip_x,spline_component,1,1,1,0.9899491507086444,0.9843629673996749,0.9957156767283349,0.9900067768897304,0.9991061054136088,0.9990538477962826,0.9872876771610949,0.9765129073212019,0.9985935302390999,0.9874297940625836,0.9987923795158007,0.9986921580779206,0.9872876771610949,0.9765129073212019,0.9985935302390999,0.9874297940625836,0.9987923795158007,0.998692156658118,149.90321199968457,7.047941599972546,0.024790199473500252,204.21317000873387,161.81940000969917,200368,200368,199728,144,66528,66528,66528
experiment_data\runs\20260102_201007_seed42_DoS_Hulk_w32-16_g5_k3\lut_sweeps_v2\seed4_L2_symmetric_int8_linear_half_open_clip_x_spline_component\eval\bs256_tt1_tn1\lut_report_unified.json,seed4_L2_symmetric_int8_linear_half_open_clip_x_spline_component,4,2,symmetric,int8,linear,half_open,clip_x,spline_component,256,1,1,0.9899491507086444,0.9843629673996749,0.9957156767283349,0.9900067768897304,0.9991061054136088,0.9990538477962826,0.9872876771610949,0.9765129073212019,0.9985935302390999,0.9874297940625836,0.9987923795158007,0.9986921580779206,0.9872876771610949,0.9765129073212019,0.9985935302390999,0.9874297940625836,0.9987923795158007,0.998692156658118,0.8583014902342256,0.06219989648343472,0.013074562502879417,0.6793549218855333,0.673859628932405,200368,200368,199728,144,66528,66528,66528
experiment_data\runs\20260102_201007_seed42_DoS_Hulk_w32-16_g5_k3\lut_sweeps_v2\seed4_L2_symmetric_int8_linear_half_open_zero_spline_spline_component\eval\bs1_tt1_tn1\lut_report_unified.json,seed4_L2_symmetric_int8_linear_half_open_zero_spline_spline_component,4,2,symmetric,int8,linear,half_open,zero_spline,spline_component,1,1,1,0.9899491507086444,0.9843629673996749,0.9957156767283349,0.9900067768897304,0.9991061054136088,0.9990538477962826,0.9872660391647733,0.9764715839363548,0.9985935302390999,0.9874086673727227,0.9987830051576411,0.9986822759064673,0.9872660391647733,0.9764715839363548,0.9985935302390999,0.9874086673727227,0.998783005157641,0.9986822748768288,147.27959220018238,7.911678800359369,0.025957799516618252,163.9911999925971,160.96906000748277,200368,200368,199728,144,66528,66528,66528
experiment_data\runs\20260102_201007_seed42_DoS_Hulk_w32-16_g5_k3\lut_sweeps_v2\seed4_L2_symmetric_int8_linear_half_open_zero_spline_spline_component\eval\bs256_tt1_tn1\lut_report_unified.json,seed4_L2_symmetric_int8_linear_half_open_zero_spline_spline_component,4,2,symmetric,int8,linear,half_open,zero_spline,spline_component,256,1,1,0.9899491507086444,0.9843629673996749,0.9957156767283349,0.9900067768897304,0.9991061054136088,0.9990538477962826,0.9872660391647733,0.9764715839363548,0.9985935302390999,0.9874086673727227,0.9987830051576411,0.9986822759064673,0.9872660391647733,0.9764715839363548,0.9985935302390999,0.9874086673727227,0.998783005157641,0.9986822748768288,0.87227911327318,0.06824513086030493,0.013249478515717783,0.6931689452358114,0.6494327148175216,200368,200368,199728,144,66528,66528,66528
experiment_data\runs\20260102_201007_seed42_DoS_Hulk_w32-16_g5_k3\lut_sweeps_v2\seed4_L32_asymmetric_uint8_linear_closed_clip_x_spline_component\eval\bs1_tt1_tn1\lut_report_unified.json,seed4_L32_asymmetric_uint8_linear_closed_clip_x_spline_component,4,32,asymmetric,uint8,linear,closed,clip_x,spline_component,1,1,1,0.9899491507086444,0.9843629673996749,0.9957156767283349,0.9900067768897304,0.9991061054136088,0.9990538477962826,0.9896894947527859,0.9837130765613645,0.9958671427025857,0.9897527983570069,0.9990972133044204,0.9990440119520669,0.9896894947527859,0.9837130765613645,0.9958671427025857,0.9897527983570069,0.9990972133044204,0.9990440119404309,219.65297999978065,10.968418000265956,0.04872100055217743,303.7422399967909,254.8491399968043,200368,200368,1197648,144,1064448,66528,66528
experiment_data\runs\20260102_201007_seed42_DoS_Hulk_w32-16_g5_k3\lut_sweeps_v2\seed4_L32_asymmetric_uint8_linear_closed_clip_x_spline_component\eval\bs256_tt1_tn1\lut_report_unified.json,seed4_L32_asymmetric_uint8_linear_closed_clip_x_spline_component,4,32,asymmetric,uint8,linear,closed,clip_x,spline_component,256,1,1,0.9899491507086444,0.9843629673996749,0.9957156767283349,0.9900067768897304,0.9991061054136088,0.9990538477962826,0.9896894947527859,0.9837130765613645,0.9958671427025857,0.9897527983570069,0.9990972133044204,0.9990440119520669,0.9896894947527859,0.9837130765613645,0.9958671427025857,0.9897527983570069,0.9990972133044204,0.9990440119404309,1.301565511721492,0.13187504101551895,0.02542787890888576,1.2888020312857407,1.1011364648766175,200368,200368,1197648,144,1064448,66528,66528
experiment_data\runs\20260102_201007_seed42_DoS_Hulk_w32-16_g5_k3\lut_sweeps_v2\seed4_L32_asymmetric_uint8_linear_closed_zero_spline_spline_component\eval\bs1_tt1_tn1\lut_report_unified.json,seed4_L32_asymmetric_uint8_linear_closed_zero_spline_spline_component,4,32,asymmetric,uint8,linear,closed,zero_spline,spline_component,1,1,1,0.9899491507086444,0.9843629673996749,0.9957156767283349,0.9900067768897304,0.9991061054136088,0.9990538477962826,0.9896894947527859,0.9837130765613645,0.9958671427025857,0.9897527983570069,0.9990972114316088,0.9990440096513415,0.9896894947527859,0.9837130765613645,0.9958671427025857,0.9897527983570069,0.9990972114316088,0.9990440094887325,214.9129785997793,10.720274600200355,0.035933200269937515,241.7939049890265,240.8798849908635,200368,200368,1197648,144,1064448,66528,66528
experiment_data\runs\20260102_201007_seed42_DoS_Hulk_w32-16_g5_k3\lut_sweeps_v2\seed4_L32_asymmetric_uint8_linear_closed_zero_spline_spline_component\eval\bs256_tt1_tn1\lut_report_unified.json,seed4_L32_asymmetric_uint8_linear_closed_zero_spline_spline_component,4,32,asymmetric,uint8,linear,closed,zero_spline,spline_component,256,1,1,0.9899491507086444,0.9843629673996749,0.9957156767283349,0.9900067768897304,0.9991061054136088,0.9990538477962826,0.9896894947527859,0.9837130765613645,0.9958671427025857,0.9897527983570069,0.9990972114316088,0.9990440096513415,0.9896894947527859,0.9837130765613645,0.9958671427025857,0.9897527983570069,0.9990972114316088,0.9990440094887325,1.2425960253858648,0.09473254101067141,0.01884108788544836,1.0205863281044003,0.9863258203040459,200368,200368,1197648,144,1064448,66528,66528
experiment_data\runs\20260102_201007_seed42_DoS_Hulk_w32-16_g5_k3\lut_sweeps_v2\seed4_L32_asymmetric_uint8_linear_half_open_clip_x_spline_component\eval\bs1_tt1_tn1\lut_report_unified.json,seed4_L32_asymmetric_uint8_linear_half_open_clip_x_spline_component,4,32,asymmetric,uint8,linear,half_open,clip_x,spline_component,1,1,1,0.9899491507086444,0.9843629673996749,0.9957156767283349,0.9900067768897304,0.9991061054136088,0.9990538477962826,0.9896894947527859,0.9837130765613645,0.9958671427025857,0.9897527983570069,0.9990972133044204,0.9990440119520669,0.9896894947527859,0.9837130765613645,0.9958671427025857,0.9897527983570069,0.9990972133044204,0.9990440119404309,240.6146974004805,10.743371000513434,0.04023380018770695,275.2191500039771,253.22102000936863,200368,200368,1197648,144,1064448,66528,66528
experiment_data\runs\20260102_201007_seed42_DoS_Hulk_w32-16_g5_k3\lut_sweeps_v2\seed4_L32_asymmetric_uint8_linear_half_open_clip_x_spline_component\eval\bs256_tt1_tn1\lut_report_unified.json,seed4_L32_asymmetric_uint8_linear_half_open_clip_x_spline_component,4,32,asymmetric,uint8,linear,half_open,clip_x,spline_component,256,1,1,0.9899491507086444,0.9843629673996749,0.9957156767283349,0.9900067768897304,0.9991061054136088,0.9990538477962826,0.9896894947527859,0.9837130765613645,0.9958671427025857,0.9897527983570069,0.9990972133044204,0.9990440119520669,0.9896894947527859,0.9837130765613645,0.9958671427025857,0.9897527983570069,0.9990972133044204,0.9990440119404309,1.3003297031264083,0.09234240820660489,0.02019803320763458,0.9999557226365141,0.942819335978129,200368,200368,1197648,144,1064448,66528,66528
experiment_data\runs\20260102_201007_seed42_DoS_Hulk_w32-16_g5_k3\lut_sweeps_v2\seed4_L32_asymmetric_uint8_linear_half_open_zero_spline_spline_component\eval\bs1_tt1_tn1\lut_report_unified.json,seed4_L32_asymmetric_uint8_linear_half_open_zero_spline_spline_component,4,32,asymmetric,uint8,linear,half_open,zero_spline,spline_component,1,1,1,0.9899491507086444,0.9843629673996749,0.9957156767283349,0.9900067768897304,0.9991061054136088,0.9990538477962826,0.9896894947527859,0.9837130765613645,0.9958671427025857,0.9897527983570069,0.9990972114316088,0.9990440096513415,0.9896894947527859,0.9837130765613645,0.9958671427025857,0.9897527983570069,0.9990972114316088,0.9990440094887325,220.5990808000788,11.236450799740851,0.03608679957687855,233.8997549843043,237.17723002191633,200368,200368,1197648,144,1064448,66528,66528
experiment_data\runs\20260102_201007_seed42_DoS_Hulk_w32-16_g5_k3\lut_sweeps_v2\seed4_L32_asymmetric_uint8_linear_half_open_zero_spline_spline_component\eval\bs256_tt1_tn1\lut_report_unified.json,seed4_L32_asymmetric_uint8_linear_half_open_zero_spline_spline_component,4,32,asymmetric,uint8,linear,half_open,zero_spline,spline_component,256,1,1,0.9899491507086444,0.9843629673996749,0.9957156767283349,0.9900067768897304,0.9991061054136088,0.9990538477962826,0.9896894947527859,0.9837130765613645,0.9958671427025857,0.9897527983570069,0.9990972114316088,0.9990440096513415,0.9896894947527859,0.9837130765613645,0.9958671427025857,0.9897527983570069,0.9990972114316088,0.9990440094887325,1.187960249999378,0.09561422265505826,0.01921523828059435,0.9411074609488423,0.878718144576851,200368,200368,1197648,144,1064448,66528,66528
experiment_data\runs\20260102_201007_seed42_DoS_Hulk_w32-16_g5_k3\lut_sweeps_v2\seed4_L32_symmetric_int8_linear_closed_clip_x_spline_component\eval\bs1_tt1_tn1\lut_report_unified.json,seed4_L32_symmetric_int8_linear_closed_clip_x_spline_component,4,32,symmetric,int8,linear,closed,clip_x,spline_component,1,1,1,0.9899491507086444,0.9843629673996749,0.9957156767283349,0.9900067768897304,0.9991061054136088,0.9990538477962826,0.9896894947527859,0.9837130765613645,0.9958671427025857,0.9897527983570069,0.9990969145909799,0.9990436473518178,0.9896894947527859,0.9837130765613645,0.9958671427025857,0.9897527983570069,0.99909691459098,0.9990436474513973,148.61234579980373,6.97847699932754,0.025768599472939968,175.1911300001666,167.52045499160886,200368,200368,1197648,144,1064448,66528,66528
experiment_data\runs\20260102_201007_seed42_DoS_Hulk_w32-16_g5_k3\lut_sweeps_v2\seed4_L32_symmetric_int8_linear_closed_clip_x_spline_component\eval\bs256_tt1_tn1\lut_report_unified.json,seed4_L32_symmetric_int8_linear_closed_clip_x_spline_component,4,32,symmetric,int8,linear,closed,clip_x,spline_component,256,1,1,0.9899491507086444,0.9843629673996749,0.9957156767283349,0.9900067768897304,0.9991061054136088,0.9990538477962826,0.9896894947527859,0.9837130765613645,0.9958671427025857,0.9897527983570069,0.9990969145909799,0.9990436473518178,0.9896894947527859,0.9837130765613645,0.9958671427025857,0.9897527983570069,0.99909691459098,0.9990436474513973,0.8451332480399287,0.06363810352013388,0.013887316408727202,0.6933657811714511,0.6601773046895687,200368,200368,1197648,144,1064448,66528,66528
experiment_data\runs\20260102_201007_seed42_DoS_Hulk_w32-16_g5_k3\lut_sweeps_v2\seed4_L32_symmetric_int8_linear_closed_zero_spline_spline_component\eval\bs1_tt1_tn1\lut_report_unified.json,seed4_L32_symmetric_int8_linear_closed_zero_spline_spline_component,4,32,symmetric,int8,linear,closed,zero_spline,spline_component,1,1,1,0.9899491507086444,0.9843629673996749,0.9957156767283349,0.9900067768897304,0.9991061054136088,0.9990538477962826,0.9896894947527859,0.9837130765613645,0.9958671427025857,0.9897527983570069,0.9990969145909799,0.9990436473518178,0.9896894947527859,0.9837130765613645,0.9958671427025857,0.9897527983570069,0.99909691459098,0.9990436474513973,149.27070059999824,7.445112599991262,0.025443599559366703,172.01379498001188,168.97988999262452,200368,200368,1197648,144,1064448,66528,66528
experiment_data\runs\20260102_201007_seed42_DoS_Hulk_w32-16_g5_k3\lut_sweeps_v2\seed4_L32_symmetric_int8_linear_closed_zero_spline_spline_component\eval\bs256_tt1_tn1\lut_report_unified.json,seed4_L32_symmetric_int8_linear_closed_zero_spline_spline_component,4,32,symmetric,int8,linear,closed,zero_spline,spline_component,256,1,1,0.9899491507086444,0.9843629673996749,0.9957156767283349,0.9900067768897304,0.9991061054136088,0.9990538477962826,0.9896894947527859,0.9837130765613645,0.9958671427025857,0.9897527983570069,0.9990969145909799,0.9990436473518178,0.9896894947527859,0.9837130765613645,0.9958671427025857,0.9897527983570069,0.99909691459098,0.9990436474513973,0.8399215976533014,0.06636107616941445,0.013821490238115075,0.6985238672314154,0.6713485742693592,200368,200368,1197648,144,1064448,66528,66528
experiment_data\runs\20260102_201007_seed42_DoS_Hulk_w32-16_g5_k3\lut_sweeps_v2\seed4_L32_symmetric_int8_linear_half_open_clip_x_spline_component\eval\bs1_tt1_tn1\lut_report_unified.json,seed4_L32_symmetric_int8_linear_half_open_clip_x_spline_component,4,32,symmetric,int8,linear,half_open,clip_x,spline_component,1,1,1,0.9899491507086444,0.9843629673996749,0.9957156767283349,0.9900067768897304,0.9991061054136088,0.9990538477962826,0.9896894947527859,0.9837130765613645,0.9958671427025857,0.9897527983570069,0.9990969145909799,0.9990436473518178,0.9896894947527859,0.9837130765613645,0.9958671427025857,0.9897527983570069,0.99909691459098,0.9990436474513973,148.39203040022403,7.007385199889541,0.025809800252318382,169.1654749913141,166.33019000291824,200368,200368,1197648,144,1064448,66528,66528
experiment_data\runs\20260102_201007_seed42_DoS_Hulk_w32-16_g5_k3\lut_sweeps_v2\seed4_L32_symmetric_int8_linear_half_open_clip_x_spline_component\eval\bs256_tt1_tn1\lut_report_unified.json,seed4_L32_symmetric_int8_linear_half_open_clip_x_spline_component,4,32,symmetric,int8,linear,half_open,clip_x,spline_component,256,1,1,0.9899491507086444,0.9843629673996749,0.9957156767283349,0.9900067768897304,0.9991061054136088,0.9990538477962826,0.9896894947527859,0.9837130765613645,0.9958671427025857,0.9897527983570069,0.9990969145909799,0.9990436473518178,0.9896894947527859,0.9837130765613645,0.9958671427025857,0.9897527983570069,0.99909691459098,0.9990436474513973,0.8550189199195302,0.06352413671265822,0.015293621090677332,0.9353867772915692,0.804662910195475,200368,200368,1197648,144,1064448,66528,66528
experiment_data\runs\20260102_201007_seed42_DoS_Hulk_w32-16_g5_k3\lut_sweeps_v2\seed4_L32_symmetric_int8_linear_half_open_zero_spline_spline_component\eval\bs1_tt1_tn1\lut_report_unified.json,seed4_L32_symmetric_int8_linear_half_open_zero_spline_spline_component,4,32,symmetric,int8,linear,half_open,zero_spline,spline_component,1,1,1,0.9899491507086444,0.9843629673996749,0.9957156767283349,0.9900067768897304,0.9991061054136088,0.9990538477962826,0.9896894947527859,0.9837130765613645,0.9958671427025857,0.9897527983570069,0.9990969145909799,0.9990436473518178,0.9896894947527859,0.9837130765613645,0.9958671427025857,0.9897527983570069,0.99909691459098,0.9990436474513973,225.8828697996214,10.999922800809145,0.03793520014733076,251.43452000338584,260.83926998544484,200368,200368,1197648,144,1064448,66528,66528
experiment_data\runs\20260102_201007_seed42_DoS_Hulk_w32-16_g5_k3\lut_sweeps_v2\seed4_L32_symmetric_int8_linear_half_open_zero_spline_spline_component\eval\bs256_tt1_tn1\lut_report_unified.json,seed4_L32_symmetric_int8_linear_half_open_zero_spline_spline_component,4,32,symmetric,int8,linear,half_open,zero_spline,spline_component,256,1,1,0.9899491507086444,0.9843629673996749,0.9957156767283349,0.9900067768897304,0.9991061054136088,0.9990538477962826,0.9896894947527859,0.9837130765613645,0.9958671427025857,0.9897527983570069,0.9990969145909799,0.9990436473518178,0.9896894947527859,0.9837130765613645,0.9958671427025857,0.9897527983570069,0.99909691459098,0.9990436474513973,1.1944500468780461,0.10924032031653041,0.020877306642432814,0.9628677148612041,0.9902822655931232,200368,200368,1197648,144,1064448,66528,66528
experiment_data\runs\20260102_201007_seed42_DoS_Hulk_w32-16_g5_k3\lut_sweeps_v2\seed4_L4_asymmetric_uint8_linear_closed_clip_x_spline_component\eval\bs1_tt1_tn1\lut_report_unified.json,seed4_L4_asymmetric_uint8_linear_closed_clip_x_spline_component,4,4,asymmetric,uint8,linear,closed,clip_x,spline_component,1,1,1,0.9899491507086444,0.9843629673996749,0.9957156767283349,0.9900067768897304,0.9991061054136088,0.9990538477962826,0.9886184139348696,0.9802837271625157,0.9972952504598074,0.9887163205766261,0.9989403569103568,0.9988634639096444,0.9886184139348696,0.9802837271625157,0.9972952504598074,0.9887163205766261,0.9989403566762552,0.9988634629861519,149.86951360013336,6.892159200273454,0.026266800239682198,164.2516699852422,162.9396100062877,200368,200368,266256,144,133056,66528,66528
experiment_data\runs\20260102_201007_seed42_DoS_Hulk_w32-16_g5_k3\lut_sweeps_v2\seed4_L4_asymmetric_uint8_linear_closed_clip_x_spline_component\eval\bs256_tt1_tn1\lut_report_unified.json,seed4_L4_asymmetric_uint8_linear_closed_clip_x_spline_component,4,4,asymmetric,uint8,linear,closed,clip_x,spline_component,256,1,1,0.9899491507086444,0.9843629673996749,0.9957156767283349,0.9900067768897304,0.9991061054136088,0.9990538477962826,0.9886184139348696,0.9802837271625157,0.9972952504598074,0.9887163205766261,0.9989403569103568,0.9988634639096444,0.9886184139348696,0.9802837271625157,0.9972952504598074,0.9887163205766261,0.9989403566762552,0.9988634629861519,0.8512629746110179,0.06291695312029333,0.013141248045940301,0.6904457030941558,0.6742964453223976,200368,200368,266256,144,133056,66528,66528
experiment_data\runs\20260102_201007_seed42_DoS_Hulk_w32-16_g5_k3\lut_sweeps_v2\seed4_L4_asymmetric_uint8_linear_closed_zero_spline_spline_component\eval\bs1_tt1_tn1\lut_report_unified.json,seed4_L4_asymmetric_uint8_linear_closed_zero_spline_spline_component,4,4,asymmetric,uint8,linear,closed,zero_spline,spline_component,1,1,1,0.9899491507086444,0.9843629673996749,0.9957156767283349,0.9900067768897304,0.9991061054136088,0.9990538477962826,0.9886184139348696,0.9802837271625157,0.9972952504598074,0.9887163205766261,0.9989393163294452,0.9988621728749844,0.9886184139348696,0.9802837271625157,0.9972952504598074,0.9887163205766261,0.998939319840967,0.9988621815030558,149.22405000030994,7.513983199372888,0.024925800040364265,165.56313999462873,163.5176199954003,200368,200368,266256,144,133056,66528,66528
experiment_data\runs\20260102_201007_seed42_DoS_Hulk_w32-16_g5_k3\lut_sweeps_v2\seed4_L4_asymmetric_uint8_linear_closed_zero_spline_spline_component\eval\bs256_tt1_tn1\lut_report_unified.json,seed4_L4_asymmetric_uint8_linear_closed_zero_spline_spline_component,4,4,asymmetric,uint8,linear,closed,zero_spline,spline_component,256,1,1,0.9899491507086444,0.9843629673996749,0.9957156767283349,0.9900067768897304,0.9991061054136088,0.9990538477962826,0.9886184139348696,0.9802837271625157,0.9972952504598074,0.9887163205766261,0.9989393163294452,0.9988621728749844,0.9886184139348696,0.9802837271625157,0.9972952504598074,0.9887163205766261,0.998939319840967,0.9988621815030558,0.8782794081980683,0.06817602148657897,0.013099468751534005,0.6886396289701224,0.653248261733097,200368,200368,266256,144,133056,66528,66528
experiment_data\runs\20260102_201007_seed42_DoS_Hulk_w32-16_g5_k3\lut_sweeps_v2\seed4_L4_asymmetric_uint8_linear_half_open_clip_x_spline_component\eval\bs1_tt1_tn1\lut_report_unified.json,seed4_L4_asymmetric_uint8_linear_half_open_clip_x_spline_component,4,4,asymmetric,uint8,linear,half_open,clip_x,spline_component,1,1,1,0.9899491507086444,0.9843629673996749,0.9957156767283349,0.9900067768897304,0.9991061054136088,0.9990538477962826,0.9886184139348696,0.9802837271625157,0.9972952504598074,0.9887163205766261,0.9989403569103568,0.9988634639096443,0.9886184139348696,0.9802837271625157,0.9972952504598074,0.9887163205766261,0.9989403566762554,0.9988634630043962,151.05429780017585,7.070552399381995,0.02680439967662096,165.99649500567466,165.59882499277592,200368,200368,266256,144,133056,66528,66528
experiment_data\runs\20260102_201007_seed42_DoS_Hulk_w32-16_g5_k3\lut_sweeps_v2\seed4_L4_asymmetric_uint8_linear_half_open_clip_x_spline_component\eval\bs256_tt1_tn1\lut_report_unified.json,seed4_L4_asymmetric_uint8_linear_half_open_clip_x_spline_component,4,4,asymmetric,uint8,linear,half_open,clip_x,spline_component,256,1,1,0.9899491507086444,0.9843629673996749,0.9957156767283349,0.9900067768897304,0.9991061054136088,0.9990538477962826,0.9886184139348696,0.9802837271625157,0.9972952504598074,0.9887163205766261,0.9989403569103568,0.9988634639096443,0.9886184139348696,0.9802837271625157,0.9972952504598074,0.9887163205766261,0.9989403566762554,0.9988634630043962,0.8406806484435947,0.0637737734359689,0.013672021486854646,0.7036771484308701,0.6650446483945416,200368,200368,266256,144,133056,66528,66528
experiment_data\runs\20260102_201007_seed42_DoS_Hulk_w32-16_g5_k3\lut_sweeps_v2\seed4_L4_asymmetric_uint8_linear_half_open_zero_spline_spline_component\eval\bs1_tt1_tn1\lut_report_unified.json,seed4_L4_asymmetric_uint8_linear_half_open_zero_spline_spline_component,4,4,asymmetric,uint8,linear,half_open,zero_spline,spline_component,1,1,1,0.9899491507086444,0.9843629673996749,0.9957156767283349,0.9900067768897304,0.9991061054136088,0.9990538477962826,0.9886184139348696,0.9802837271625157,0.9972952504598074,0.9887163205766261,0.9989393163294452,0.9988621728749844,0.9886184139348696,0.9802837271625157,0.9972952504598074,0.9887163205766261,0.998939319840967,0.9988621815030558,153.37335160002112,7.860658800229431,0.028246999718248844,166.93984498269856,164.37741499394178,200368,200368,266256,144,133056,66528,66528
experiment_data\runs\20260102_201007_seed42_DoS_Hulk_w32-16_g5_k3\lut_sweeps_v2\seed4_L4_asymmetric_uint8_linear_half_open_zero_spline_spline_component\eval\bs256_tt1_tn1\lut_report_unified.json,seed4_L4_asymmetric_uint8_linear_half_open_zero_spline_spline_component,4,4,asymmetric,uint8,linear,half_open,zero_spline,spline_component,256,1,1,0.9899491507086444,0.9843629673996749,0.9957156767283349,0.9900067768897304,0.9991061054136088,0.9990538477962826,0.9886184139348696,0.9802837271625157,0.9972952504598074,0.9887163205766261,0.9989393163294452,0.9988621728749844,0.9886184139348696,0.9802837271625157,0.9972952504598074,0.9887163205766261,0.998939319840967,0.9988621815030558,0.8421037773496209,0.06830016406638606,0.013132419917383231,0.6887975586323591,0.6665156835879316,200368,200368,266256,144,133056,66528,66528
experiment_data\runs\20260102_201007_seed42_DoS_Hulk_w32-16_g5_k3\lut_sweeps_v2\seed4_L4_symmetric_int8_linear_closed_clip_x_spline_component\eval\bs1_tt1_tn1\lut_report_unified.json,seed4_L4_symmetric_int8_linear_closed_clip_x_spline_component,4,4,symmetric,int8,linear,closed,clip_x,spline_component,1,1,1,0.9899491507086444,0.9843629673996749,0.9957156767283349,0.9900067768897304,0.9991061054136088,0.9990538477962826,0.9886184139348696,0.9802837271625157,0.9972952504598074,0.9887163205766261,0.998937350345532,0.9988597969634264,0.9886184139348696,0.9802837271625157,0.9972952504598074,0.9887163205766261,0.9989373491750247,0.9988597968872014,148.98310619965196,6.770563599653542,0.025057200342416763,164.98093500267714,165.8464099979028,200368,200368,266256,144,133056,66528,66528
experiment_data\runs\20260102_201007_seed42_DoS_Hulk_w32-16_g5_k3\lut_sweeps_v2\seed4_L4_symmetric_int8_linear_closed_clip_x_spline_component\eval\bs256_tt1_tn1\lut_report_unified.json,seed4_L4_symmetric_int8_linear_closed_clip_x_spline_component,4,4,symmetric,int8,linear,closed,clip_x,spline_component,256,1,1,0.9899491507086444,0.9843629673996749,0.9957156767283349,0.9900067768897304,0.9991061054136088,0.9990538477962826,0.9886184139348696,0.9802837271625157,0.9972952504598074,0.9887163205766261,0.998937350345532,0.9988597969634264,0.9886184139348696,0.9802837271625157,0.9972952504598074,0.9887163205766261,0.9989373491750247,0.9988597968872014,0.8485119472607039,0.06145931250102877,0.013045597661403008,0.6733450585670653,0.6614735742004996,200368,200368,266256,144,133056,66528,66528
experiment_data\runs\20260102_201007_seed42_DoS_Hulk_w32-16_g5_k3\lut_sweeps_v2\seed4_L4_symmetric_int8_linear_closed_zero_spline_spline_component\eval\bs1_tt1_tn1\lut_report_unified.json,seed4_L4_symmetric_int8_linear_closed_zero_spline_spline_component,4,4,symmetric,int8,linear,closed,zero_spline,spline_component,1,1,1,0.9899491507086444,0.9843629673996749,0.9957156767283349,0.9900067768897304,0.9991061054136088,0.9990538477962826,0.9886184139348696,0.9802837271625157,0.9972952504598074,0.9887163205766261,0.9989368554550826,0.9988591999195945,0.9886184139348696,0.9802837271625157,0.9972952504598074,0.9887163205766261,0.9989368570937929,0.9988592032409912,148.39670539926738,7.555937999859452,0.025160999968647957,164.788609999232,161.1807500012219,200368,200368,266256,144,133056,66528,66528
experiment_data\runs\20260102_201007_seed42_DoS_Hulk_w32-16_g5_k3\lut_sweeps_v2\seed4_L4_symmetric_int8_linear_closed_zero_spline_spline_component\eval\bs256_tt1_tn1\lut_report_unified.json,seed4_L4_symmetric_int8_linear_closed_zero_spline_spline_component,4,4,symmetric,int8,linear,closed,zero_spline,spline_component,256,1,1,0.9899491507086444,0.9843629673996749,0.9957156767283349,0.9900067768897304,0.9991061054136088,0.9990538477962826,0.9886184139348696,0.9802837271625157,0.9972952504598074,0.9887163205766261,0.9989368554550826,0.9988591999195945,0.9886184139348696,0.9802837271625157,0.9972952504598074,0.9887163205766261,0.9989368570937929,0.9988592032409912,0.8678822128877073,0.07866354101679462,0.01430543358765135,0.7199654883152107,0.7867946874284826,200368,200368,266256,144,133056,66528,66528
experiment_data\runs\20260102_201007_seed42_DoS_Hulk_w32-16_g5_k3\lut_sweeps_v2\seed4_L4_symmetric_int8_linear_half_open_clip_x_spline_component\eval\bs1_tt1_tn1\lut_report_unified.json,seed4_L4_symmetric_int8_linear_half_open_clip_x_spline_component,4,4,symmetric,int8,linear,half_open,clip_x,spline_component,1,1,1,0.9899491507086444,0.9843629673996749,0.9957156767283349,0.9900067768897304,0.9991061054136088,0.9990538477962826,0.9886184139348696,0.9802837271625157,0.9972952504598074,0.9887163205766261,0.998937350345532,0.9988597969634265,0.9886184139348696,0.9802837271625157,0.9972952504598074,0.9887163205766261,0.9989373491750247,0.9988597968049432,148.51012819912285,7.053618799895048,0.025055800564587116,169.93722498882562,165.65223499201238,200368,200368,266256,144,133056,66528,66528
experiment_data\runs\20260102_201007_seed42_DoS_Hulk_w32-16_g5_k3\lut_sweeps_v2\seed4_L4_symmetric_int8_linear_half_open_clip_x_spline_component\eval\bs256_tt1_tn1\lut_report_unified.json,seed4_L4_symmetric_int8_linear_half_open_clip_x_spline_component,4,4,symmetric,int8,linear,half_open,clip_x,spline_component,256,1,1,0.9899491507086444,0.9843629673996749,0.9957156767283349,0.9900067768897304,0.9991061054136088,0.9990538477962826,0.9886184139348696,0.9802837271625157,0.9972952504598074,0.9887163205766261,0.998937350345532,0.9988597969634265,0.9886184139348696,0.9802837271625157,0.9972952504598074,0.9887163205766261,0.9989373491750247,0.9988597968049432,0.8453574238319561,0.06282136523623194,0.013085898435747367,0.6818812500569038,0.680700488283037,200368,200368,266256,144,133056,66528,66528
experiment_data\runs\20260102_201007_seed42_DoS_Hulk_w32-16_g5_k3\lut_sweeps_v2\seed4_L4_symmetric_int8_linear_half_open_zero_spline_spline_component\eval\bs1_tt1_tn1\lut_report_unified.json,seed4_L4_symmetric_int8_linear_half_open_zero_spline_spline_component,4,4,symmetric,int8,linear,half_open,zero_spline,spline_component,1,1,1,0.9899491507086444,0.9843629673996749,0.9957156767283349,0.9900067768897304,0.9991061054136088,0.9990538477962826,0.9886184139348696,0.9802837271625157,0.9972952504598074,0.9887163205766261,0.9989368554550826,0.9988591999195945,0.9886184139348696,0.9802837271625157,0.9972952504598074,0.9887163205766261,0.9989368570937929,0.9988592032409912,148.37694460060447,7.955898599699139,0.025784599594771862,164.94813500903547,166.01207500789315,200368,200368,266256,144,133056,66528,66528
experiment_data\runs\20260102_201007_seed42_DoS_Hulk_w32-16_g5_k3\lut_sweeps_v2\seed4_L4_symmetric_int8_linear_half_open_zero_spline_spline_component\eval\bs256_tt1_tn1\lut_report_unified.json,seed4_L4_symmetric_int8_linear_half_open_zero_spline_spline_component,4,4,symmetric,int8,linear,half_open,zero_spline,spline_component,256,1,1,0.9899491507086444,0.9843629673996749,0.9957156767283349,0.9900067768897304,0.9991061054136088,0.9990538477962826,0.9886184139348696,0.9802837271625157,0.9972952504598074,0.9887163205766261,0.9989368554550826,0.9988591999195945,0.9886184139348696,0.9802837271625157,0.9972952504598074,0.9887163205766261,0.9989368570937929,0.9988592032409912,0.8441928398497112,0.0676268906227051,0.01334965430032753,0.6883292578095279,0.6569680468601291,200368,200368,266256,144,133056,66528,66528
experiment_data\runs\20260102_201007_seed42_DoS_Hulk_w32-16_g5_k3\lut_sweeps_v2\seed4_L64_asymmetric_uint8_linear_closed_clip_x_spline_component\eval\bs1_tt1_tn1\lut_report_unified.json,seed4_L64_asymmetric_uint8_linear_closed_clip_x_spline_component,4,64,asymmetric,uint8,linear,closed,clip_x,spline_component,1,1,1,0.9899491507086444,0.9843629673996749,0.9957156767283349,0.9900067768897304,0.9991061054136088,0.9990538477962826,0.9897760467380721,0.984005474062353,0.9957373147246565,0.9898366332906723,0.9991011429312325,0.9990482644729201,0.9897760467380721,0.984005474062353,0.9957373147246565,0.9898366332906723,0.9991011429312325,0.9990482639045043,227.98944899998605,11.109606999903917,0.04804600030183792,295.903079980053,286.36370999738574,200368,200368,2262096,144,2128896,66528,66528
experiment_data\runs\20260102_201007_seed42_DoS_Hulk_w32-16_g5_k3\lut_sweeps_v2\seed4_L64_asymmetric_uint8_linear_closed_clip_x_spline_component\eval\bs256_tt1_tn1\lut_report_unified.json,seed4_L64_asymmetric_uint8_linear_closed_clip_x_spline_component,4,64,asymmetric,uint8,linear,closed,clip_x,spline_component,256,1,1,0.9899491507086444,0.9843629673996749,0.9957156767283349,0.9900067768897304,0.9991061054136088,0.9990538477962826,0.9897760467380721,0.984005474062353,0.9957373147246565,0.9898366332906723,0.9991011429312325,0.9990482644729201,0.9897760467380721,0.984005474062353,0.9957373147246565,0.9898366332906723,0.9991011429312325,0.9990482639045043,1.265728146481706,0.0952459824293328,0.020147947270743316,1.1863520508086367,1.1341679297402152,200368,200368,2262096,144,2128896,66528,66528
experiment_data\runs\20260102_201007_seed42_DoS_Hulk_w32-16_g5_k3\lut_sweeps_v2\seed4_L64_asymmetric_uint8_linear_closed_zero_spline_spline_component\eval\bs1_tt1_tn1\lut_report_unified.json,seed4_L64_asymmetric_uint8_linear_closed_zero_spline_spline_component,4,64,asymmetric,uint8,linear,closed,zero_spline,spline_component,1,1,1,0.9899491507086444,0.9843629673996749,0.9957156767283349,0.9900067768897304,0.9991061054136088,0.9990538477962826,0.9897760467380721,0.984005474062353,0.9957373147246565,0.9898366332906723,0.9991011431653342,0.9990482640862565,0.9897760467380721,0.984005474062353,0.9957373147246565,0.9898366332906723,0.9991011429312325,0.9990482639507116,246.79000199958682,11.67300180066377,0.0387637997046113,292.52901000436395,285.1494849892333,200368,200368,2262096,144,2128896,66528,66528
experiment_data\runs\20260102_201007_seed42_DoS_Hulk_w32-16_g5_k3\lut_sweeps_v2\seed4_L64_asymmetric_uint8_linear_closed_zero_spline_spline_component\eval\bs256_tt1_tn1\lut_report_unified.json,seed4_L64_asymmetric_uint8_linear_closed_zero_spline_spline_component,4,64,asymmetric,uint8,linear,closed,zero_spline,spline_component,256,1,1,0.9899491507086444,0.9843629673996749,0.9957156767283349,0.9900067768897304,0.9991061054136088,0.9990538477962826,0.9897760467380721,0.984005474062353,0.9957373147246565,0.9898366332906723,0.9991011431653342,0.9990482640862565,0.9897760467380721,0.984005474062353,0.9957373147246565,0.9898366332906723,0.9991011429312325,0.9990482639507116,1.263252392582217,0.10469388867022644,0.020710613280243706,1.1471129297206062,1.1077153906626336,200368,200368,2262096,144,2128896,66528,66528
experiment_data\runs\20260102_201007_seed42_DoS_Hulk_w32-16_g5_k3\lut_sweeps_v2\seed4_L64_asymmetric_uint8_linear_half_open_clip_x_spline_component\eval\bs1_tt1_tn1\lut_report_unified.json,seed4_L64_asymmetric_uint8_linear_half_open_clip_x_spline_component,4,64,asymmetric,uint8,linear,half_open,clip_x,spline_component,1,1,1,0.9899491507086444,0.9843629673996749,0.9957156767283349,0.9900067768897304,0.9991061054136088,0.9990538477962826,0.9897760467380721,0.984005474062353,0.9957373147246565,0.9898366332906723,0.9991011429312325,0.9990482644729201,0.9897760467380721,0.984005474062353,0.9957373147246565,0.9898366332906723,0.9991011429312325,0.9990482639045043,248.16082500014454,11.518155000172555,0.03769019991159439,285.17100499011576,281.1421199934557,200368,200368,2262096,144,2128896,66528,66528
experiment_data\runs\20260102_201007_seed42_DoS_Hulk_w32-16_g5_k3\lut_sweeps_v2\seed4_L64_asymmetric_uint8_linear_half_open_clip_x_spline_component\eval\bs256_tt1_tn1\lut_report_unified.json,seed4_L64_asymmetric_uint8_linear_half_open_clip_x_spline_component,4,64,asymmetric,uint8,linear,half_open,clip_x,spline_component,256,1,1,0.9899491507086444,0.9843629673996749,0.9957156767283349,0.9900067768897304,0.9991061054136088,0.9990538477962826,0.9897760467380721,0.984005474062353,0.9957373147246565,0.9898366332906723,0.9991011429312325,0.9990482644729201,0.9897760467380721,0.984005474062353,0.9957373147246565,0.9898366332906723,0.9991011429312325,0.9990482639045043,1.4289861015640781,0.12074936327735486,0.02341281836379494,1.241282207047334,1.09441927734224,200368,200368,2262096,144,2128896,66528,66528
experiment_data\runs\20260102_201007_seed42_DoS_Hulk_w32-16_g5_k3\lut_sweeps_v2\seed4_L64_asymmetric_uint8_linear_half_open_zero_spline_spline_component\eval\bs1_tt1_tn1\lut_report_unified.json,seed4_L64_asymmetric_uint8_linear_half_open_zero_spline_spline_component,4,64,asymmetric,uint8,linear,half_open,zero_spline,spline_component,1,1,1,0.9899491507086444,0.9843629673996749,0.9957156767283349,0.9900067768897304,0.9991061054136088,0.9990538477962826,0.9897760467380721,0.984005474062353,0.9957373147246565,0.9898366332906723,0.9991011431653342,0.9990482640862565,0.9897760467380721,0.984005474062353,0.9957373147246565,0.9898366332906723,0.9991011429312325,0.9990482639507116,232.09957459941506,13.631745399907231,0.04008820001035929,338.6731799924746,332.0900300052017,200368,200368,2262096,144,2128896,66528,66528
experiment_data\runs\20260102_201007_seed42_DoS_Hulk_w32-16_g5_k3\lut_sweeps_v2\seed4_L64_asymmetric_uint8_linear_half_open_zero_spline_spline_component\eval\bs256_tt1_tn1\lut_report_unified.json,seed4_L64_asymmetric_uint8_linear_half_open_zero_spline_spline_component,4,64,asymmetric,uint8,linear,half_open,zero_spline,spline_component,256,1,1,0.9899491507086444,0.9843629673996749,0.9957156767283349,0.9900067768897304,0.9991061054136088,0.9990538477962826,0.9897760467380721,0.984005474062353,0.9957373147246565,0.9898366332906723,0.9991011431653342,0.9990482640862565,0.9897760467380721,0.984005474062353,0.9957373147246565,0.9898366332906723,0.9991011429312325,0.9990482639507116,1.3142007988244586,0.10731258594205428,0.020739712890645023,1.168787070309918,1.1270517773482425,200368,200368,2262096,144,2128896,66528,66528
experiment_data\runs\20260102_201007_seed42_DoS_Hulk_w32-16_g5_k3\lut_sweeps_v2\seed4_L64_symmetric_int8_linear_closed_clip_x_spline_component\eval\bs1_tt1_tn1\lut_report_unified.json,seed4_L64_symmetric_int8_linear_closed_clip_x_spline_component,4,64,symmetric,int8,linear,closed,clip_x,spline_component,1,1,1,0.9899491507086444,0.9843629673996749,0.9957156767283349,0.9900067768897304,0.9991061054136088,0.9990538477962826,0.9897760467380721,0.984005474062353,0.9957373147246565,0.9898366332906723,0.9991011284169431,0.9990482391176989,0.9897760467380721,0.984005474062353,0.9957373147246565,0.9898366332906723,0.9991011284169432,0.999048238779662,224.30570899974555,10.510052999481559,0.05090720020234585,290.928060002625,286.7777999956161,200368,200368,2262096,144,2128896,66528,66528
experiment_data\runs\20260102_201007_seed42_DoS_Hulk_w32-16_g5_k3\lut_sweeps_v2\seed4_L64_symmetric_int8_linear_closed_clip_x_spline_component\eval\bs256_tt1_tn1\lut_report_unified.json,seed4_L64_symmetric_int8_linear_closed_clip_x_spline_component,4,64,symmetric,int8,linear,closed,clip_x,spline_component,256,1,1,0.9899491507086444,0.9843629673996749,0.9957156767283349,0.9900067768897304,0.9991061054136088,0.9990538477962826,0.9897760467380721,0.984005474062353,0.9957373147246565,0.9898366332906723,0.9991011284169431,0.9990482391176989,0.9897760467380721,0.984005474062353,0.9957373147246565,0.9898366332906723,0.9991011284169432,0.999048238779662,1.2569803515634703,0.09419170311957714,0.020445808595468407,1.1723608397915086,1.1612609765506932,200368,200368,2262096,144,2128896,66528,66528
experiment_data\runs\20260102_201007_seed42_DoS_Hulk_w32-16_g5_k3\lut_sweeps_v2\seed4_L64_symmetric_int8_linear_closed_zero_spline_spline_component\eval\bs1_tt1_tn1\lut_report_unified.json,seed4_L64_symmetric_int8_linear_closed_zero_spline_spline_component,4,64,symmetric,int8,linear,closed,zero_spline,spline_component,1,1,1,0.9899491507086444,0.9843629673996749,0.9957156767283349,0.9900067768897304,0.9991061054136088,0.9990538477962826,0.9897760467380721,0.984005474062353,0.9957373147246565,0.9898366332906723,0.9991011284169431,0.9990482391176989,0.9897760467380721,0.984005474062353,0.9957373147246565,0.9898366332906723,0.9991011284169432,0.999048238779662,225.6482531996444,11.47640819940716,0.03721640072762966,287.5795500120148,287.8852900117636,200368,200368,2262096,144,2128896,66528,66528
experiment_data\runs\20260102_201007_seed42_DoS_Hulk_w32-16_g5_k3\lut_sweeps_v2\seed4_L64_symmetric_int8_linear_closed_zero_spline_spline_component\eval\bs256_tt1_tn1\lut_report_unified.json,seed4_L64_symmetric_int8_linear_closed_zero_spline_spline_component,4,64,symmetric,int8,linear,closed,zero_spline,spline_component,256,1,1,0.9899491507086444,0.9843629673996749,0.9957156767283349,0.9900067768897304,0.9991061054136088,0.9990538477962826,0.9897760467380721,0.984005474062353,0.9957373147246565,0.9898366332906723,0.9991011284169431,0.9990482391176989,0.9897760467380721,0.984005474062353,0.9957373147246565,0.9898366332906723,0.9991011284169432,0.999048238779662,1.2673941953107715,0.10552252733759815,0.020120515619055368,1.2040844922012184,1.1352223632457026,200368,200368,2262096,144,2128896,66528,66528
experiment_data\runs\20260102_201007_seed42_DoS_Hulk_w32-16_g5_k3\lut_sweeps_v2\seed4_L64_symmetric_int8_linear_half_open_clip_x_spline_component\eval\bs1_tt1_tn1\lut_report_unified.json,seed4_L64_symmetric_int8_linear_half_open_clip_x_spline_component,4,64,symmetric,int8,linear,half_open,clip_x,spline_component,1,1,1,0.9899491507086444,0.9843629673996749,0.9957156767283349,0.9900067768897304,0.9991061054136088,0.9990538477962826,0.9897760467380721,0.984005474062353,0.9957373147246565,0.9898366332906723,0.9991011284169431,0.9990482391176989,0.9897760467380721,0.984005474062353,0.9957373147246565,0.9898366332906723,0.9991011284169432,0.999048238779662,224.58428339939564,10.688160199671984,0.03751019947230816,291.4343500044197,294.78214499540627,200368,200368,2262096,144,2128896,66528,66528
experiment_data\runs\20260102_201007_seed42_DoS_Hulk_w32-16_g5_k3\lut_sweeps_v2\seed4_L64_symmetric_int8_linear_half_open_clip_x_spline_component\eval\bs256_tt1_tn1\lut_report_unified.json,seed4_L64_symmetric_int8_linear_half_open_clip_x_spline_component,4,64,symmetric,int8,linear,half_open,clip_x,spline_component,256,1,1,0.9899491507086444,0.9843629673996749,0.9957156767283349,0.9900067768897304,0.9991061054136088,0.9990538477962826,0.9897760467380721,0.984005474062353,0.9957373147246565,0.9898366332906723,0.9991011284169431,0.9990482391176989,0.9897760467380721,0.984005474062353,0.9957373147246565,0.9898366332906723,0.9991011284169432,0.999048238779662,1.2702270722638787,0.09759624414073187,0.020886078127659857,1.1744973437089357,1.1670781640532368,200368,200368,2262096,144,2128896,66528,66528
experiment_data\runs\20260102_201007_seed42_DoS_Hulk_w32-16_g5_k3\lut_sweeps_v2\seed4_L64_symmetric_int8_linear_half_open_zero_spline_spline_component\eval\bs1_tt1_tn1\lut_report_unified.json,seed4_L64_symmetric_int8_linear_half_open_zero_spline_spline_component,4,64,symmetric,int8,linear,half_open,zero_spline,spline_component,1,1,1,0.9899491507086444,0.9843629673996749,0.9957156767283349,0.9900067768897304,0.9991061054136088,0.9990538477962826,0.9897760467380721,0.984005474062353,0.9957373147246565,0.9898366332906723,0.9991011284169431,0.9990482391176989,0.9897760467380721,0.984005474062353,0.9957373147246565,0.9898366332906723,0.9991011284169432,0.999048238779662,224.9098110003397,11.883762399666011,0.04029439948499203,287.0139150181785,288.2261299993843,200368,200368,2262096,144,2128896,66528,66528
experiment_data\runs\20260102_201007_seed42_DoS_Hulk_w32-16_g5_k3\lut_sweeps_v2\seed4_L64_symmetric_int8_linear_half_open_zero_spline_spline_component\eval\bs256_tt1_tn1\lut_report_unified.json,seed4_L64_symmetric_int8_linear_half_open_zero_spline_spline_component,4,64,symmetric,int8,linear,half_open,zero_spline,spline_component,256,1,1,0.9899491507086444,0.9843629673996749,0.9957156767283349,0.9900067768897304,0.9991061054136088,0.9990538477962826,0.9897760467380721,0.984005474062353,0.9957373147246565,0.9898366332906723,0.9991011284169431,0.9990482391176989,0.9897760467380721,0.984005474062353,0.9957373147246565,0.9898366332906723,0.9991011284169432,0.999048238779662,1.2884730488258356,0.11191665429578279,0.020802164062843076,1.1750259765904048,1.1486411914120254,200368,200368,2262096,144,2128896,66528,66528
experiment_data\runs\20260102_201007_seed42_DoS_Hulk_w32-16_g5_k3\lut_sweeps_v2\seed4_L8_asymmetric_uint8_linear_closed_clip_x_spline_component\eval\bs1_tt1_tn1\lut_report_unified.json,seed4_L8_asymmetric_uint8_linear_closed_clip_x_spline_component,4,8,asymmetric,uint8,linear,closed,clip_x,spline_component,1,1,1,0.9899491507086444,0.9843629673996749,0.9957156767283349,0.9900067768897304,0.9991061054136088,0.9990538477962826,0.9894839337877313,0.982592,0.9966244725738397,0.9895584917821463,0.99905284874007,0.9989945011988975,0.9894839337877313,0.982592,0.9966244725738397,0.9895584917821463,0.9990528482718672,0.998994501126584,151.44059799984097,6.8910706005990505,0.024720399640500546,167.5544650061056,163.93641999457031,200368,200368,399312,144,266112,66528,66528
experiment_data\runs\20260102_201007_seed42_DoS_Hulk_w32-16_g5_k3\lut_sweeps_v2\seed4_L8_asymmetric_uint8_linear_closed_clip_x_spline_component\eval\bs256_tt1_tn1\lut_report_unified.json,seed4_L8_asymmetric_uint8_linear_closed_clip_x_spline_component,4,8,asymmetric,uint8,linear,closed,clip_x,spline_component,256,1,1,0.9899491507086444,0.9843629673996749,0.9957156767283349,0.9900067768897304,0.9991061054136088,0.9990538477962826,0.9894839337877313,0.982592,0.9966244725738397,0.9895584917821463,0.99905284874007,0.9989945011988975,0.9894839337877313,0.982592,0.9966244725738397,0.9895584917821463,0.9990528482718672,0.998994501126584,0.8430350410162646,0.06197757616973831,0.013255314452180755,0.7144028906623134,0.6738640624462278,200368,200368,399312,144,266112,66528,66528
experiment_data\runs\20260102_201007_seed42_DoS_Hulk_w32-16_g5_k3\lut_sweeps_v2\seed4_L8_asymmetric_uint8_linear_closed_zero_spline_spline_component\eval\bs1_tt1_tn1\lut_report_unified.json,seed4_L8_asymmetric_uint8_linear_closed_zero_spline_spline_component,4,8,asymmetric,uint8,linear,closed,zero_spline,spline_component,1,1,1,0.9899491507086444,0.9843629673996749,0.9957156767283349,0.9900067768897304,0.9991061054136088,0.9990538477962826,0.9894839337877313,0.982592,0.9966244725738397,0.9895584917821463,0.9990527977059556,0.9989944396683382,0.9894839337877313,0.982592,0.9966244725738397,0.9895584917821463,0.9990527977059557,0.9989944395820771,148.42745120078325,7.469483000226319,0.025267399847507477,166.63658497855067,163.35841498803347,200368,200368,399312,144,266112,66528,66528
experiment_data\runs\20260102_201007_seed42_DoS_Hulk_w32-16_g5_k3\lut_sweeps_v2\seed4_L8_asymmetric_uint8_linear_closed_zero_spline_spline_component\eval\bs256_tt1_tn1\lut_report_unified.json,seed4_L8_asymmetric_uint8_linear_closed_zero_spline_spline_component,4,8,asymmetric,uint8,linear,closed,zero_spline,spline_component,256,1,1,0.9899491507086444,0.9843629673996749,0.9957156767283349,0.9900067768897304,0.9991061054136088,0.9990538477962826,0.9894839337877313,0.982592,0.9966244725738397,0.9895584917821463,0.9990527977059556,0.9989944396683382,0.9894839337877313,0.982592,0.9966244725738397,0.9895584917821463,0.9990527977059557,0.9989944395820771,0.839053115232673,0.06609812305214291,0.012849722652390483,0.6813952148149838,0.6576376757038815,200368,200368,399312,144,266112,66528,66528
experiment_data\runs\20260102_201007_seed42_DoS_Hulk_w32-16_g5_k3\lut_sweeps_v2\seed4_L8_asymmetric_uint8_linear_half_open_clip_x_spline_component\eval\bs1_tt1_tn1\lut_report_unified.json,seed4_L8_asymmetric_uint8_linear_half_open_clip_x_spline_component,4,8,asymmetric,uint8,linear,half_open,clip_x,spline_component,1,1,1,0.9899491507086444,0.9843629673996749,0.9957156767283349,0.9900067768897304,0.9991061054136088,0.9990538477962826,0.9894839337877313,0.982592,0.9966244725738397,0.9895584917821463,0.99905284874007,0.9989945011988974,0.9894839337877313,0.982592,0.9966244725738397,0.9895584917821463,0.9990528482718672,0.998994501126584,151.61776680033654,7.0961784003302455,0.024934000335633755,166.68877499178052,164.9538700003177,200368,200368,399312,144,266112,66528,66528
experiment_data\runs\20260102_201007_seed42_DoS_Hulk_w32-16_g5_k3\lut_sweeps_v2\seed4_L8_asymmetric_uint8_linear_half_open_clip_x_spline_component\eval\bs256_tt1_tn1\lut_report_unified.json,seed4_L8_asymmetric_uint8_linear_half_open_clip_x_spline_component,4,8,asymmetric,uint8,linear,half_open,clip_x,spline_component,256,1,1,0.9899491507086444,0.9843629673996749,0.9957156767283349,0.9900067768897304,0.9991061054136088,0.9990538477962826,0.9894839337877313,0.982592,0.9966244725738397,0.9895584917821463,0.99905284874007,0.9989945011988974,0.9894839337877313,0.982592,0.9966244725738397,0.9895584917821463,0.9990528482718672,0.998994501126584,0.8555023671851814,0.062210593750933185,0.01302288867009338,0.6794572851504199,0.6462694335823471,200368,200368,399312,144,266112,66528,66528
experiment_data\runs\20260102_201007_seed42_DoS_Hulk_w32-16_g5_k3\lut_sweeps_v2\seed4_L8_asymmetric_uint8_linear_half_open_zero_spline_spline_component\eval\bs1_tt1_tn1\lut_report_unified.json,seed4_L8_asymmetric_uint8_linear_half_open_zero_spline_spline_component,4,8,asymmetric,uint8,linear,half_open,zero_spline,spline_component,1,1,1,0.9899491507086444,0.9843629673996749,0.9957156767283349,0.9900067768897304,0.9991061054136088,0.9990538477962826,0.9894839337877313,0.982592,0.9966244725738397,0.9895584917821463,0.9990527977059556,0.9989944396683382,0.9894839337877313,0.982592,0.9966244725738397,0.9895584917821463,0.9990527977059557,0.9989944395820771,148.76625799946487,7.6571543999016285,0.024918599985539913,165.68930498324335,164.162310003303,200368,200368,399312,144,266112,66528,66528
experiment_data\runs\20260102_201007_seed42_DoS_Hulk_w32-16_g5_k3\lut_sweeps_v2\seed4_L8_asymmetric_uint8_linear_half_open_zero_spline_spline_component\eval\bs256_tt1_tn1\lut_report_unified.json,seed4_L8_asymmetric_uint8_linear_half_open_zero_spline_spline_component,4,8,asymmetric,uint8,linear,half_open,zero_spline,spline_component,256,1,1,0.9899491507086444,0.9843629673996749,0.9957156767283349,0.9900067768897304,0.9991061054136088,0.9990538477962826,0.9894839337877313,0.982592,0.9966244725738397,0.9895584917821463,0.9990527977059556,0.9989944396683382,0.9894839337877313,0.982592,0.9966244725738397,0.9895584917821463,0.9990527977059557,0.9989944395820771,0.8454518164035107,0.06819134374381974,0.013116064455971355,0.6837084570179286,0.6498836132777797,200368,200368,399312,144,266112,66528,66528
experiment_data\runs\20260102_201007_seed42_DoS_Hulk_w32-16_g5_k3\lut_sweeps_v2\seed4_L8_symmetric_int8_linear_closed_clip_x_spline_component\eval\bs1_tt1_tn1\lut_report_unified.json,seed4_L8_symmetric_int8_linear_closed_clip_x_spline_component,4,8,symmetric,int8,linear,closed,clip_x,spline_component,1,1,1,0.9899491507086444,0.9843629673996749,0.9957156767283349,0.9900067768897304,0.9991061054136088,0.9990538477962826,0.9894839337877313,0.982592,0.9966244725738397,0.9895584917821463,0.9990530126110799,0.9989946845983483,0.9894839337877313,0.982592,0.9966244725738397,0.9895584917821463,0.9990530126110799,0.9989946843348712,147.97237699944526,6.8896738002076745,0.030227799899876118,167.96017999295145,164.00366500020027,200368,200368,399312,144,266112,66528,66528
experiment_data\runs\20260102_201007_seed42_DoS_Hulk_w32-16_g5_k3\lut_sweeps_v2\seed4_L8_symmetric_int8_linear_closed_clip_x_spline_component\eval\bs256_tt1_tn1\lut_report_unified.json,seed4_L8_symmetric_int8_linear_closed_clip_x_spline_component,4,8,symmetric,int8,linear,closed,clip_x,spline_component,256,1,1,0.9899491507086444,0.9843629673996749,0.9957156767283349,0.9900067768897304,0.9991061054136088,0.9990538477962826,0.9894839337877313,0.982592,0.9966244725738397,0.9895584917821463,0.9990530126110799,0.9989946845983483,0.9894839337877313,0.982592,0.9966244725738397,0.9895584917821463,0.9990530126110799,0.9989946843348712,0.8476436464843573,0.061752451165375526,0.013066382807664922,0.6872680078231497,0.6565444336047221,200368,200368,399312,144,266112,66528,66528
experiment_data\runs\20260102_201007_seed42_DoS_Hulk_w32-16_g5_k3\lut_sweeps_v2\seed4_L8_symmetric_int8_linear_closed_zero_spline_spline_component\eval\bs1_tt1_tn1\lut_report_unified.json,seed4_L8_symmetric_int8_linear_closed_zero_spline_spline_component,4,8,symmetric,int8,linear,closed,zero_spline,spline_component,1,1,1,0.9899491507086444,0.9843629673996749,0.9957156767283349,0.9900067768897304,0.9991061054136088,0.9990538477962826,0.9894839337877313,0.982592,0.9966244725738397,0.9895584917821463,0.9990530126110799,0.9989946845983483,0.9894839337877313,0.982592,0.9966244725738397,0.9895584917821463,0.9990530126110799,0.9989946843348712,149.7456930000335,7.751081800088286,0.039758799597620964,168.0652149952948,166.86529000289738,200368,200368,399312,144,266112,66528,66528
experiment_data\runs\20260102_201007_seed42_DoS_Hulk_w32-16_g5_k3\lut_sweeps_v2\seed4_L8_symmetric_int8_linear_closed_zero_spline_spline_component\eval\bs256_tt1_tn1\lut_report_unified.json,seed4_L8_symmetric_int8_linear_closed_zero_spline_spline_component,4,8,symmetric,int8,linear,closed,zero_spline,spline_component,256,1,1,0.9899491507086444,0.9843629673996749,0.9957156767283349,0.9900067768897304,0.9991061054136088,0.9990538477962826,0.9894839337877313,0.982592,0.9966244725738397,0.9895584917821463,0.9990530126110799,0.9989946845983483,0.9894839337877313,0.982592,0.9966244725738397,0.9895584917821463,0.9990530126110799,0.9989946843348712,0.843329142580842,0.06699302539345808,0.014312103521660902,0.6924297265868518,0.6517258593703446,200368,200368,399312,144,266112,66528,66528
experiment_data\runs\20260102_201007_seed42_DoS_Hulk_w32-16_g5_k3\lut_sweeps_v2\seed4_L8_symmetric_int8_linear_half_open_clip_x_spline_component\eval\bs1_tt1_tn1\lut_report_unified.json,seed4_L8_symmetric_int8_linear_half_open_clip_x_spline_component,4,8,symmetric,int8,linear,half_open,clip_x,spline_component,1,1,1,0.9899491507086444,0.9843629673996749,0.9957156767283349,0.9900067768897304,0.9991061054136088,0.9990538477962826,0.9894839337877313,0.982592,0.9966244725738397,0.9895584917821463,0.9990530126110799,0.9989946845983483,0.9894839337877313,0.982592,0.9966244725738397,0.9895584917821463,0.9990530126110799,0.9989946842404037,149.77952480036765,7.064850999973714,0.02504340000450611,165.35694499034435,163.67099999915808,200368,200368,399312,144,266112,66528,66528
experiment_data\runs\20260102_201007_seed42_DoS_Hulk_w32-16_g5_k3\lut_sweeps_v2\seed4_L8_symmetric_int8_linear_half_open_clip_x_spline_component\eval\bs256_tt1_tn1\lut_report_unified.json,seed4_L8_symmetric_int8_linear_half_open_clip_x_spline_component,4,8,symmetric,int8,linear,half_open,clip_x,spline_component,256,1,1,0.9899491507086444,0.9843629673996749,0.9957156767283349,0.9900067768897304,0.9991061054136088,0.9990538477962826,0.9894839337877313,0.982592,0.9966244725738397,0.9895584917821463,0.9990530126110799,0.9989946845983483,0.9894839337877313,0.982592,0.9966244725738397,0.9895584917821463,0.9990530126110799,0.9989946842404037,0.8501742382759403,0.06262362108827801,0.013388146480792784,0.6882653319735255,0.6515348437460489,200368,200368,399312,144,266112,66528,66528
experiment_data\runs\20260102_201007_seed42_DoS_Hulk_w32-16_g5_k3\lut_sweeps_v2\seed4_L8_symmetric_int8_linear_half_open_zero_spline_spline_component\eval\bs1_tt1_tn1\lut_report_unified.json,seed4_L8_symmetric_int8_linear_half_open_zero_spline_spline_component,4,8,symmetric,int8,linear,half_open,zero_spline,spline_component,1,1,1,0.9899491507086444,0.9843629673996749,0.9957156767283349,0.9900067768897304,0.9991061054136088,0.9990538477962826,0.9894839337877313,0.982592,0.9966244725738397,0.9895584917821463,0.9990530126110799,0.9989946845983483,0.9894839337877313,0.982592,0.9966244725738397,0.9895584917821463,0.9990530126110799,0.9989946843348712,152.98403260018677,7.836517000570893,0.027146000415086746,165.83086499013007,163.25087000150234,200368,200368,399312,144,266112,66528,66528
experiment_data\runs\20260102_201007_seed42_DoS_Hulk_w32-16_g5_k3\lut_sweeps_v2\seed4_L8_symmetric_int8_linear_half_open_zero_spline_spline_component\eval\bs256_tt1_tn1\lut_report_unified.json,seed4_L8_symmetric_int8_linear_half_open_zero_spline_spline_component,4,8,symmetric,int8,linear,half_open,zero_spline,spline_component,256,1,1,0.9899491507086444,0.9843629673996749,0.9957156767283349,0.9900067768897304,0.9991061054136088,0.9990538477962826,0.9894839337877313,0.982592,0.9966244725738397,0.9895584917821463,0.9990530126110799,0.9989946845983483,0.9894839337877313,0.982592,0.9966244725738397,0.9895584917821463,0.9990530126110799,0.9989946843348712,0.8397084921944042,0.0677190195347066,0.013599654294011998,0.6886470508106868,0.687313222715602,200368,200368,399312,144,266112,66528,66528
